review_id,product_name,brand,rating,title,reviewer,review_text,scraped_at,processed_id,cleaned_text,sentiment_label,sentiment_score,rating_processed,is_mismatch,processed_at
1,boAt Wave Fury Pro,boAt,5.0,Perfect product!,Tanish Kumar,Good Smartwatch. Health and fitness tracking is accurate. Battery is great and charging speed is fast. Display is great sized.,2026-09-17 07:02:01.422160,1,Good Smartwatch. Health and fitness tracking is accurate. Battery is great and charging speed is fast. Display is great sized.,POSITIVE,0.9997,5.0,False,2026-09-17 07:03:27.273356
2,boAt Wave Fury Pro,boAt,4.0,Good quality product,MADHUSUDAN KAUSHIK,display feature should be better,2026-09-17 07:02:01.422160,2,display feature should be better,NEGATIVE,0.9961,4.0,True,2026-09-17 07:03:27.273356
3,boAt Wave Fury Pro,boAt,5.0,Super!,Utkarsh  Anand,"This watch comes with so many features like heart rate monitoring, sleep and stress tracking etc. Its display looks very stylish and it's calling features is very amazing. Over all value for money.",2026-09-17 07:02:01.422160,3,"This watch comes with so many features like heart rate monitoring, sleep and stress tracking etc. Its display looks very stylish and it's calling features is very amazing. Over all value for money.",POSITIVE,0.9998,5.0,False,2026-09-17 07:03:27.273356
4,boAt Wave Fury Pro,boAt,5.0,Terrific purchase,Pravesh Mishra,This is very elite watch for me. It has the multiple sports feature which is very good and helpful for me. It comes with bigger display which is so perfect for my wrist.,2026-09-17 07:02:01.422160,4,This is very elite watch for me. It has the multiple sports feature which is very good and helpful for me. It comes with bigger display which is so perfect for my wrist.,POSITIVE,0.9997,5.0,False,2026-09-17 07:03:27.273356
5,boAt Wave Fury Pro,boAt,5.0,Terrific,Amit Mishra,This is the best watch I have ever used. It's display is so big that it looks very pretty on my wrist. It comes with very good feature which makes it the best watch.,2026-09-17 07:02:01.422160,5,This is the best watch I have ever used. It's display is so big that it looks very pretty on my wrist. It comes with very good feature which makes it the best watch.,POSITIVE,0.9999,5.0,False,2026-09-17 07:03:27.273356
6,boAt Wave Fury Pro,boAt,5.0,Perfect product!,Piyali Bhattacharjee,Very Good,2026-09-17 07:02:01.422160,6,Very Good,POSITIVE,0.9999,5.0,False,2026-09-17 07:03:27.273356
7,boAt Wave Fury Pro,boAt,4.0,Nice product,Vikashkumar Pandey,Ok good 😊,2026-09-17 07:02:01.422160,7,Ok good 😊,POSITIVE,0.9999,4.0,False,2026-09-17 07:03:27.273356
8,boAt Wave Fury Pro,boAt,5.0,Perfect product!,Neha Haque,Nice product,2026-09-17 07:02:01.422160,8,Nice product,POSITIVE,0.9999,5.0,False,2026-09-17 07:03:27.273356
9,boAt Wave Fury Pro,boAt,5.0,Classy product,Flipkart Customer,Excellent,2026-09-17 07:02:01.422160,9,Excellent,POSITIVE,0.9998,5.0,False,2026-09-17 07:03:27.273356
10,boAt Wave Fury Pro,boAt,5.0,Wonderful,Flipkart Customer,Very nice,2026-09-17 07:02:01.422160,10,Very nice,POSITIVE,0.9999,5.0,False,2026-09-17 07:03:27.273356
11,boAt Wave Fury Pro,boAt,5.0,Wonderful,Flipkart Customer,Overall good,2026-09-17 07:02:01.422160,11,Overall good,POSITIVE,0.9998,5.0,False,2026-09-17 07:03:27.273356
12,boAt Wave Fury Pro,boAt,5.0,Super!,Adari Yeswanth,Nice watch,2026-09-17 07:02:01.422160,12,Nice watch,POSITIVE,0.9998,5.0,False,2026-09-17 07:03:27.273356
13,boAt Wave Fury Pro,boAt,4.0,Wonderful,Soumyadip Kayal,Overall good,2026-09-17 07:02:01.422160,13,Overall good,POSITIVE,0.9998,4.0,False,2026-09-17 07:03:27.273356
14,boAt Wave Fury Pro,boAt,2.0,Moderate,Shrikanth Shri,Waste product quality low,2026-09-17 07:02:01.422160,14,Waste product quality low,NEGATIVE,0.9998,2.0,False,2026-09-17 07:03:27.273356
15,boAt Wave Fury Pro,boAt,1.0,Horrible,Akmal Reza,Charge problem,2026-09-17 07:02:01.422160,15,Charge problem,NEGATIVE,0.9992,1.0,False,2026-09-17 07:03:27.273356
16,boAt Wave Fury Pro,boAt,5.0,Highly recommended,Bajan Lal,Good,2026-09-17 07:02:01.422160,16,Good,POSITIVE,0.9998,5.0,False,2026-09-17 07:03:27.273356
17,boAt Wave Fury Pro,boAt,4.0,Good choice,Mahesh Kumar Meena,Good 👍,2026-09-17 07:02:01.422160,17,Good 👍,POSITIVE,0.9999,4.0,False,2026-09-17 07:03:27.273356
18,boAt Wave Fury Pro,boAt,5.0,Terrific,Ramakanta  Maharana,Very nice product,2026-09-17 07:02:01.422160,18,Very nice product,POSITIVE,0.9999,5.0,False,2026-09-17 07:03:27.273356
19,boAt Wave Fury Pro,boAt,5.0,Highly recommended,KOTHAPALLY RAMESH KOTHAPALLY,Superrr,2026-09-17 07:02:01.422160,19,Superrr,POSITIVE,0.9886,5.0,False,2026-09-17 07:03:27.273356
20,boAt Wave Fury Pro,boAt,5.0,Great product,Sunil Poonia,Nice watch ⌚ No. 1 quality,2026-09-17 07:02:01.422160,20,Nice watch ⌚ No. 1 quality,POSITIVE,0.9994,5.0,False,2026-09-17 07:03:27.273356
21,boAt Wave Fury Pro,boAt,3.0,Does the job,Flipkart Customer,Good product,2026-09-17 07:02:01.422160,21,Good product,POSITIVE,0.9999,3.0,False,2026-09-17 07:03:27.273356
22,boAt Wave Fury Pro,boAt,5.0,Just wow!,Shikha Sharma,Gud purchase,2026-09-17 07:02:01.422160,22,Gud purchase,NEGATIVE,0.9498,5.0,True,2026-09-17 07:03:27.273356
23,boAt Wave Fury Pro,boAt,4.0,Value-for-money,Dr.Shahnawaz rahi,Just Amazing,2026-09-17 07:02:01.422160,23,Just Amazing,POSITIVE,0.9999,4.0,False,2026-09-17 07:03:27.273356
24,boAt Wave Fury Pro,boAt,5.0,Wonderful,Priyanka Saha,The product is value for money 🤑,2026-09-17 07:02:01.422160,24,The product is value for money 🤑,NEGATIVE,0.5967,5.0,False,2026-09-17 07:03:27.273356
25,boAt Wave Fury Pro,boAt,4.0,Delightful,Pacharala Raghunath,Nice,2026-09-17 07:02:01.422160,25,Nice,POSITIVE,0.9999,4.0,False,2026-09-17 07:03:27.273356
26,boAt Wave Fury Pro,boAt,1.0,Best in the market!,Jitendra Kumar Sharma,Overall good 👍,2026-09-17 07:02:01.422160,26,Overall good 👍,POSITIVE,0.9999,1.0,False,2026-09-17 07:03:27.273356
27,boAt Wave Fury Pro,boAt,4.0,Expected a better product,SAHADEV  KUNDU,Good,2026-09-17 07:02:01.422160,27,Good,POSITIVE,0.9998,4.0,False,2026-09-17 07:03:27.273356
28,boAt Wave Fury Pro,boAt,5.0,Terrible product,Pankaj Yadav,Sleep tracker not working and only ten contact number show and save in watch,2026-09-17 07:02:01.422160,28,Sleep tracker not working and only ten contact number show and save in watch,NEGATIVE,0.9981,5.0,True,2026-09-17 07:03:27.273356
29,boAt Wave Fury Pro,boAt,5.0,Just wow!,Gurdeep Singh,Really Awesome,2026-09-17 07:02:01.422160,29,Really Awesome,POSITIVE,0.9999,5.0,False,2026-09-17 07:03:27.273356
30,boAt Wave Fury Pro,boAt,5.0,Perfect product!,Flipkart Customer,Awesome experience!,2026-09-17 07:02:01.422160,30,Awesome experience!,POSITIVE,0.9999,5.0,False,2026-09-17 07:03:27.273356
31,boAt Wave Fury Pro,boAt,4.0,Wonderful,Ganapathirao Devadi,Awesome,2026-09-17 07:02:01.422160,31,Awesome,POSITIVE,0.9999,4.0,False,2026-09-17 07:03:27.273356
32,boAt Wave Fury Pro,boAt,5.0,Fabulous!,Sayan Kundu,Good product all features including battery is very good thank you boat thank you flipkart to give me low price,2026-09-17 07:02:01.422160,32,Good product all features including battery is very good thank you boat thank you flipkart to give me low price,POSITIVE,0.9997,5.0,False,2026-09-17 07:03:27.273356
33,boAt Wave Fury Pro,boAt,5.0,Highly recommended,Flipkart Customer,Good product,2026-09-17 07:02:01.422160,33,Good product,POSITIVE,0.9999,5.0,False,2026-09-17 07:03:27.273356
34,boAt Wave Fury Pro,boAt,5.0,Wonderful,Amarjeet Kumar jee,Very good 👍,2026-09-17 07:02:01.422160,34,Very good 👍,POSITIVE,0.9999,5.0,False,2026-09-17 07:03:27.273356
35,boAt Wave Fury Pro,boAt,1.0,Unsatisfactory,Flipkart Customer,Size is big,2026-09-17 07:02:01.422160,35,Size is big,POSITIVE,0.9991,1.0,False,2026-09-17 07:03:27.273356
36,boAt Wave Fury Pro,boAt,5.0,Brilliant,Narayan Behera,Boat smart watch good watch,2026-09-17 07:02:01.422160,36,Boat smart watch good watch,POSITIVE,0.9994,5.0,False,2026-09-17 07:03:27.273356
37,boAt Wave Fury Pro,boAt,5.0,Just wow!,Sanjeev  Kumar,Very good,2026-09-17 07:02:01.422160,37,Very good,POSITIVE,0.9999,5.0,False,2026-09-17 07:03:27.273356
38,boAt Wave Fury Pro,boAt,5.0,Wonderful,Akash Dixit,Really happy with this smartwatch. It has a clean premium looking design and the display is sharp and responsive. Calling is convenient and the watch feels comfortable for daily use. The build qualit...,2026-09-17 07:02:01.422160,38,Really happy with this smartwatch. It has a clean premium looking design and the display is sharp and responsive. Calling is convenient and the watch feels comfortable for daily use. The build qualit...,POSITIVE,0.9998,5.0,False,2026-09-17 07:03:27.273356
39,boAt Wave Fury Pro,boAt,5.0,Awesome,Akash Dixit,"The watch looks stylish and feels premium for the price. The metal build gives it a classy finish, while the display is bright and easy to use. Bluetooth calling works well, and the overall performanc...",2026-09-17 07:02:01.422160,39,"The watch looks stylish and feels premium for the price. The metal build gives it a classy finish, while the display is bright and easy to use. Bluetooth calling works well, and the overall performanc...",POSITIVE,0.9994,5.0,False,2026-09-17 07:03:27.273356
40,boAt Wave Fury Pro,boAt,5.0,Simply awesome,Vicky Sarkar,Good product 👍,2026-09-17 07:02:01.422160,40,Good product 👍,POSITIVE,0.9998,5.0,False,2026-09-17 07:03:27.273356
41,boAt Wave Fury Pro,boAt,5.0,Good choice,Flipkart Valvi sushila l,Looking very good,2026-09-17 07:02:01.422160,41,Looking very good,POSITIVE,0.9999,5.0,False,2026-09-17 07:03:27.273356
42,boAt Wave Fury Pro,boAt,5.0,Just wow!,Prasiddha Das,"Everything is perfect if you use it for casual use, please don't rely on the health &amp; fitness tracking sensor of this watch. Use it for time keeping and getting quick notification sync. Looks grea...",2026-09-17 07:02:01.422160,42,"Everything is perfect if you use it for casual use, please don't rely on the health &amp; fitness tracking sensor of this watch. Use it for time keeping and getting quick notification sync. Looks grea...",POSITIVE,0.9988,5.0,False,2026-09-17 07:03:27.273356
43,boAt Wave Fury Pro,boAt,5.0,Worth every penny,Ankit  Kannaujiya,Product is very good 👍😊,2026-09-17 07:02:01.422160,43,Product is very good 👍😊,POSITIVE,0.9999,5.0,False,2026-09-17 07:03:27.273356
44,boAt Wave Fury Pro,boAt,5.0,Terrific,Flipkart Customer,Best,2026-09-17 07:02:01.422160,44,Best,POSITIVE,0.9998,5.0,False,2026-09-17 07:03:27.273356
45,boAt Wave Fury Pro,boAt,5.0,Great product,Sachin Katariya,Good prodect,2026-09-17 07:02:01.422160,45,Good prodect,POSITIVE,0.9998,5.0,False,2026-09-17 07:03:27.273356
46,boAt Wave Fury Pro,boAt,5.0,Terrific purchase,Monga Tanish,This watch is very comfortable to wear. Straps are sweat free. Value for money.,2026-09-17 07:02:01.422160,46,This watch is very comfortable to wear. Straps are sweat free. Value for money.,POSITIVE,0.9906,5.0,False,2026-09-17 07:03:27.273356
47,boAt Wave Fury Pro,boAt,5.0,Awesome,Ravi Rathaur,This watch is value for money it's comes with Bluetooth calling which is best feature for any watch. It's design looks so good that it looks very stylish on my wrist. Overall value for money.,2026-09-17 07:02:01.422160,47,This watch is value for money it's comes with Bluetooth calling which is best feature for any watch. It's design looks so good that it looks very stylish on my wrist. Overall value for money.,POSITIVE,0.9996,5.0,False,2026-09-17 07:03:27.273356
48,boAt Wave Fury Pro,boAt,5.0,Wonderful,Rishabh Mishra,"This watch comes with the great features like functional crown, sleep and stress tracking and female wellness etc. It's battery life is too long that it can lasts upto 7 days. Overall value for money.",2026-09-17 07:02:01.422160,48,"This watch comes with the great features like functional crown, sleep and stress tracking and female wellness etc. It's battery life is too long that it can lasts upto 7 days. Overall value for money.",NEGATIVE,0.9928,5.0,True,2026-09-17 07:03:27.273356
49,boAt Wave Fury Pro,boAt,1.0,Worthless,RASHID SUNNI,Slow charging,2026-09-17 07:02:01.422160,49,Slow charging,NEGATIVE,0.9992,1.0,False,2026-09-17 07:03:27.273356
50,boAt Wave Fury Pro,boAt,5.0,Awesome,Tanish Monga,Great smartwatch. Battery backup is amazing. Highly recommended to buy,2026-09-17 07:02:01.422160,50,Great smartwatch. Battery backup is amazing. Highly recommended to buy,POSITIVE,0.9999,5.0,False,2026-09-17 07:03:27.273356
51,boAt Wave Fury Pro,boAt,5.0,Worth every penny,naresh pbs,Total good 👍,2026-09-17 07:02:01.422160,51,Total good 👍,POSITIVE,0.9999,5.0,False,2026-09-17 07:03:27.273356
52,boAt Wave Fury Pro,boAt,1.0,Very Good,Flipkart Customer,Overall good,2026-09-17 07:02:01.422160,52,Overall good,POSITIVE,0.9998,1.0,False,2026-09-17 07:03:27.273356
53,boAt Wave Fury Pro,boAt,5.0,Classy product,Mercy joy,Excellent,2026-09-17 07:02:01.422160,53,Excellent,POSITIVE,0.9998,5.0,False,2026-09-17 07:03:27.273356
114,Noise Twist Hyper,Noise,5.0,Must buy!,Akash Verma,Nish wach very happy 😊,2026-09-17 07:02:01.422160,114,Nish wach very happy 😊,POSITIVE,0.9995,5.0,False,2026-09-17 07:03:27.273356
54,Noise Twist Hyper,Noise,5.0,Terrific,Shruti Ojha,Affordable and stylish Good battery life Decent health tracking features Waterproof and durable,2026-09-17 07:02:01.422160,54,Affordable and stylish Good battery life Decent health tracking features Waterproof and durable,POSITIVE,0.9997,5.0,False,2026-09-17 07:03:27.273356
55,Noise Twist Hyper,Noise,5.0,Terrific,Chhoti singh sisodiya  Chhoti,Very nice,2026-09-17 07:02:01.422160,55,Very nice,POSITIVE,0.9999,5.0,False,2026-09-17 07:03:27.273356
56,Noise Twist Hyper,Noise,4.0,Good quality product,Priyanka Podder,Very nice.. Just love it,2026-09-17 07:02:01.422160,56,Very nice.. Just love it,POSITIVE,0.9999,4.0,False,2026-09-17 07:03:27.273356
57,Noise Twist Hyper,Noise,5.0,Brilliant,Kanchan  Rana,Superb...,2026-09-17 07:02:01.422160,57,Superb...,POSITIVE,0.9999,5.0,False,2026-09-17 07:03:27.273356
58,Noise Twist Hyper,Noise,5.0,Brilliant,Dimpal Yadav,Best product for her price,2026-09-17 07:02:01.422160,58,Best product for her price,POSITIVE,0.9996,5.0,False,2026-09-17 07:03:27.273356
59,Noise Twist Hyper,Noise,5.0,Wonderful,Md Raja,That' is amazing but price is high label,2026-09-17 07:02:01.422160,59,That' is amazing but price is high label,POSITIVE,0.9981,5.0,False,2026-09-17 07:03:27.273356
60,Noise Twist Hyper,Noise,3.0,Just okay,Shijin Varghese,This product noise smart watch ⌚ My watch after few months showing switch problem Personally I don't like this watch very bad try to take other noise watch this item is not good,2026-09-17 07:02:01.422160,60,This product noise smart watch ⌚ My watch after few months showing switch problem Personally I don't like this watch very bad try to take other noise watch this item is not good,NEGATIVE,0.9992,3.0,False,2026-09-17 07:03:27.273356
61,Noise Twist Hyper,Noise,5.0,Terrific,Sohnu Malhotra,wow very good product,2026-09-17 07:02:01.422160,61,wow very good product,POSITIVE,0.9999,5.0,False,2026-09-17 07:03:27.273356
62,Noise Twist Hyper,Noise,5.0,Worth every penny,Suthikavya Suthikavya,Very nice products 😇,2026-09-17 07:02:01.422160,62,Very nice products 😇,POSITIVE,0.9998,5.0,False,2026-09-17 07:03:27.273356
63,Noise Twist Hyper,Noise,5.0,Classy product,Shubham Kaushik,Really liked the watch... 👍,2026-09-17 07:02:01.422160,63,Really liked the watch... 👍,POSITIVE,0.9994,5.0,False,2026-09-17 07:03:27.273356
64,Noise Twist Hyper,Noise,5.0,Excellent,MUKESH KUMAR,Nice wach,2026-09-17 07:02:01.422160,64,Nice wach,POSITIVE,0.9996,5.0,False,2026-09-17 07:03:27.273356
65,Noise Twist Hyper,Noise,5.0,Must buy!,Abhishek Patel,Wonderfully,2026-09-17 07:02:01.422160,65,Wonderfully,POSITIVE,0.9999,5.0,False,2026-09-17 07:03:27.273356
66,Noise Twist Hyper,Noise,4.0,Worth the money,Selva Kumar,Never used a smart watch before but it's nice and stylish👍👍,2026-09-17 07:02:01.422160,66,Never used a smart watch before but it's nice and stylish👍👍,POSITIVE,0.9992,4.0,False,2026-09-17 07:03:27.273356
67,Noise Twist Hyper,Noise,4.0,Very Good,Mukesh Chandel,Nice watch buy overpriced.,2026-09-17 07:02:01.422160,67,Nice watch buy overpriced.,NEGATIVE,0.9922,4.0,True,2026-09-17 07:03:27.273356
68,Noise Twist Hyper,Noise,5.0,Simply awesome,Jacob Aind,Superb watch....,2026-09-17 07:02:01.422160,68,Superb watch....,POSITIVE,0.9999,5.0,False,2026-09-17 07:03:27.273356
69,Noise Twist Hyper,Noise,4.0,Delightful,Flipkart Customer,Nice display good watch,2026-09-17 07:02:01.422160,69,Nice display good watch,POSITIVE,0.9999,4.0,False,2026-09-17 07:03:27.273356
70,Noise Twist Hyper,Noise,3.0,Decent product,Sneha Roy,The watch is good but noise has promised us to give free buds. Didn't receive any. Otherwise good,2026-09-17 07:02:01.422160,70,The watch is good but noise has promised us to give free buds. Didn't receive any. Otherwise good,NEGATIVE,0.9851,3.0,False,2026-09-17 07:03:27.273356
71,Noise Twist Hyper,Noise,3.0,Decent product,vanniyarajan veeraselvan,"Product not worth for money, charge efficiency is no enough, Display issue",2026-09-17 07:02:01.422160,71,"Product not worth for money, charge efficiency is no enough, Display issue",NEGATIVE,0.9995,3.0,False,2026-09-17 07:03:27.273356
72,Noise Twist Hyper,Noise,4.0,Pretty good,Arjun Chaudhary,Good Quality,2026-09-17 07:02:01.422160,72,Good Quality,POSITIVE,0.9999,4.0,False,2026-09-17 07:03:27.273356
73,Noise Twist Hyper,Noise,4.0,Worth the money,Busy Parson,Good,2026-09-17 07:02:01.422160,73,Good,POSITIVE,0.9998,4.0,False,2026-09-17 07:03:27.273356
74,Noise Twist Hyper,Noise,4.0,Good quality product,Savita Saroj,Good product,2026-09-17 07:02:01.422160,74,Good product,POSITIVE,0.9999,4.0,False,2026-09-17 07:03:27.273356
75,Noise Twist Hyper,Noise,4.0,Value-for-money,Sharad  Kumar,All good 👍,2026-09-17 07:02:01.422160,75,All good 👍,POSITIVE,0.9999,4.0,False,2026-09-17 07:03:27.273356
76,Noise Twist Hyper,Noise,4.0,Nice product,Ankesh Rathore,"Nice product, you may be buy it👍",2026-09-17 07:02:01.422160,76,"Nice product, you may be buy it👍",POSITIVE,0.9994,4.0,False,2026-09-17 07:03:27.273356
77,Noise Twist Hyper,Noise,4.0,Nice product,Rudraksh  Meena,Good quality for noise product and Good quality for Belt 👍👍,2026-09-17 07:02:01.422160,77,Good quality for noise product and Good quality for Belt 👍👍,POSITIVE,0.9994,4.0,False,2026-09-17 07:03:27.273356
78,Noise Twist Hyper,Noise,4.0,Really Nice,sharyu vhantalkar,Good,2026-09-17 07:02:01.422160,78,Good,POSITIVE,0.9998,4.0,False,2026-09-17 07:03:27.273356
79,Noise Twist Hyper,Noise,4.0,Really Nice,Abhishek Kumar,Good,2026-09-17 07:02:01.422160,79,Good,POSITIVE,0.9998,4.0,False,2026-09-17 07:03:27.273356
80,Noise Twist Hyper,Noise,5.0,Must buy!,Debasish  Biswal,Nice watch,2026-09-17 07:02:01.422160,80,Nice watch,POSITIVE,0.9998,5.0,False,2026-09-17 07:03:27.273356
81,Noise Twist Hyper,Noise,5.0,Worth every penny,Mr.Shiva Singh Kushwaha,Very nice,2026-09-17 07:02:01.422160,81,Very nice,POSITIVE,0.9999,5.0,False,2026-09-17 07:03:27.273356
82,Noise Twist Hyper,Noise,5.0,Perfect product!,Flipkart Customer,Very nice,2026-09-17 07:02:01.422160,82,Very nice,POSITIVE,0.9999,5.0,False,2026-09-17 07:03:27.273356
83,Noise Twist Hyper,Noise,5.0,Brilliant,Nitya Mondal,"good watch comfort, watch nice ❤️&zwj;🩹❤️&zwj;🩹❤️&zwj;🩹👌🫶🏻",2026-09-17 07:02:01.422160,83,"good watch comfort, watch nice ❤️&zwj;🩹❤️&zwj;🩹❤️&zwj;🩹👌🫶🏻",POSITIVE,0.9998,5.0,False,2026-09-17 07:03:27.273356
84,Noise Twist Hyper,Noise,5.0,Excellent,Flipkart Customer,Very good product and I have got the value of money and stylish product very very good product with 3 games and more features are available like find my phone also,2026-09-17 07:02:01.422160,84,Very good product and I have got the value of money and stylish product very very good product with 3 games and more features are available like find my phone also,POSITIVE,0.9998,5.0,False,2026-09-17 07:03:27.273356
85,Noise Twist Hyper,Noise,5.0,Classy product,Aasim Ansari,I love this watch,2026-09-17 07:02:01.422160,85,I love this watch,POSITIVE,0.9999,5.0,False,2026-09-17 07:03:27.273356
86,Noise Twist Hyper,Noise,5.0,Mind-blowing purchase,rakesh bera bera,Good quality product,2026-09-17 07:02:01.422160,86,Good quality product,POSITIVE,0.9999,5.0,False,2026-09-17 07:03:27.273356
87,Noise Twist Hyper,Noise,5.0,Fabulous!,Usman Raza,Best,2026-09-17 07:02:01.422160,87,Best,POSITIVE,0.9998,5.0,False,2026-09-17 07:03:27.273356
88,Noise Twist Hyper,Noise,5.0,Mind-blowing purchase,Salman Ansari,Nice product,2026-09-17 07:02:01.422160,88,Nice product,POSITIVE,0.9999,5.0,False,2026-09-17 07:03:27.273356
89,Noise Twist Hyper,Noise,5.0,Perfect product!,Ashfaq Qadri,Very good quality amezing,2026-09-17 07:02:01.422160,89,Very good quality amezing,POSITIVE,0.9999,5.0,False,2026-09-17 07:03:27.273356
90,Noise Twist Hyper,Noise,5.0,Not recommended at all,Kp singh Rajput,Battery low hai,2026-09-17 07:02:01.422160,90,Battery low hai,NEGATIVE,0.9979,5.0,True,2026-09-17 07:03:27.273356
91,Noise Twist Hyper,Noise,5.0,Great product,Barun Prasad Behera,Updated product 😃,2026-09-17 07:02:01.422160,91,Updated product 😃,POSITIVE,0.9981,5.0,False,2026-09-17 07:03:27.273356
92,Noise Twist Hyper,Noise,5.0,Classy product,Sunny  Rahaman,My bast smart watch,2026-09-17 07:02:01.422160,92,My bast smart watch,POSITIVE,0.9997,5.0,False,2026-09-17 07:03:27.273356
93,Noise Twist Hyper,Noise,5.0,Fabulous!,Dinesh Kumar,Good,2026-09-17 07:02:01.422160,93,Good,POSITIVE,0.9998,5.0,False,2026-09-17 07:03:27.273356
94,Noise Twist Hyper,Noise,5.0,Super!,Rajput Bhanu,Wow value for money,2026-09-17 07:02:01.422160,94,Wow value for money,POSITIVE,0.9996,5.0,False,2026-09-17 07:03:27.273356
95,Noise Twist Hyper,Noise,5.0,Mind-blowing purchase,Ankit  Kumar,Nice 👍,2026-09-17 07:02:01.422160,95,Nice 👍,POSITIVE,0.9998,5.0,False,2026-09-17 07:03:27.273356
96,Noise Twist Hyper,Noise,5.0,Terrific purchase,sunil yadav,"Amazing,value of money, good connectivity with app,",2026-09-17 07:02:01.422160,96,"Amazing,value of money, good connectivity with app,",POSITIVE,0.9999,5.0,False,2026-09-17 07:03:27.273356
97,Noise Twist Hyper,Noise,5.0,Fabulous!,Jeevan Kumar Jena,Nice,2026-09-17 07:02:01.422160,97,Nice,POSITIVE,0.9999,5.0,False,2026-09-17 07:03:27.273356
98,Noise Twist Hyper,Noise,5.0,Simply awesome,Sangrang  Narzary,Nice Value for money,2026-09-17 07:02:01.422160,98,Nice Value for money,POSITIVE,0.9998,5.0,False,2026-09-17 07:03:27.273356
99,Noise Twist Hyper,Noise,5.0,Must buy!,Sanjoy Das,Good 👍👍,2026-09-17 07:02:01.422160,99,Good 👍👍,POSITIVE,0.9999,5.0,False,2026-09-17 07:03:27.273356
100,Noise Twist Hyper,Noise,5.0,Worth every penny,Flipkart Customer,Good accesories and good watch ⌚ thanks,2026-09-17 07:02:01.422160,100,Good accesories and good watch ⌚ thanks,POSITIVE,0.9999,5.0,False,2026-09-17 07:03:27.273356
101,Noise Twist Hyper,Noise,5.0,Terrific,Flipkart Customer,Yes nice quality and proper fenisgin belt i really like this product 👌👌 thank uuu flipkart 🙏,2026-09-17 07:02:01.422160,101,Yes nice quality and proper fenisgin belt i really like this product 👌👌 thank uuu flipkart 🙏,POSITIVE,0.9997,5.0,False,2026-09-17 07:03:27.273356
102,Noise Twist Hyper,Noise,5.0,Terrific,Shivam Joy,This watch is most beautiful 😍 nice look good quality clear voice properly sound,2026-09-17 07:02:01.422160,102,This watch is most beautiful 😍 nice look good quality clear voice properly sound,POSITIVE,0.9998,5.0,False,2026-09-17 07:03:27.273356
103,Noise Twist Hyper,Noise,5.0,Awesome,Flipkart Customer,Good product value of money..👌,2026-09-17 07:02:01.422160,103,Good product value of money..👌,POSITIVE,0.9996,5.0,False,2026-09-17 07:03:27.273356
104,Noise Twist Hyper,Noise,5.0,Super!,Flipkart Customer,Good p,2026-09-17 07:02:01.422160,104,Good p,POSITIVE,0.9998,5.0,False,2026-09-17 07:03:27.273356
105,Noise Twist Hyper,Noise,5.0,Simply awesome,Vipanshu Patel,Good product,2026-09-17 07:02:01.422160,105,Good product,POSITIVE,0.9999,5.0,False,2026-09-17 07:03:27.273356
106,Noise Twist Hyper,Noise,5.0,Just wow!,Anil Gupta,The product is very good 💯,2026-09-17 07:02:01.422160,106,The product is very good 💯,POSITIVE,0.9999,5.0,False,2026-09-17 07:03:27.273356
107,Noise Twist Hyper,Noise,5.0,Worth every penny,Maya Chettri,What is this very nice,2026-09-17 07:02:01.422160,107,What is this very nice,POSITIVE,0.9998,5.0,False,2026-09-17 07:03:27.273356
108,Noise Twist Hyper,Noise,5.0,Highly recommended,sanjay  basfor,Nice,2026-09-17 07:02:01.422160,108,Nice,POSITIVE,0.9999,5.0,False,2026-09-17 07:03:27.273356
109,Noise Twist Hyper,Noise,3.0,Decent product,Gandharva  Yadu,In this watch was only 5 watch faces only,2026-09-17 07:02:01.422160,109,In this watch was only 5 watch faces only,NEGATIVE,0.9947,3.0,False,2026-09-17 07:03:27.273356
110,Noise Twist Hyper,Noise,3.0,Nice,Flipkart Customer,Nice watch,2026-09-17 07:02:01.422160,110,Nice watch,POSITIVE,0.9998,3.0,False,2026-09-17 07:03:27.273356
111,Noise Twist Hyper,Noise,3.0,Fair,Baski Gupta,Awesome,2026-09-17 07:02:01.422160,111,Awesome,POSITIVE,0.9999,3.0,False,2026-09-17 07:03:27.273356
112,Noise Twist Hyper,Noise,3.0,Fair,Dora Butytion,Verry good product,2026-09-17 07:02:01.422160,112,Verry good product,POSITIVE,0.9998,3.0,False,2026-09-17 07:03:27.273356
113,Noise Twist Hyper,Noise,5.0,Great product,Pallavi Mishra,It's just awesome after 1 month of use I am writing the review everything of this watch is very good battery backup bluetooth calling everything is so goog,2026-09-17 07:02:01.422160,113,It's just awesome after 1 month of use I am writing the review everything of this watch is very good battery backup bluetooth calling everything is so goog,POSITIVE,0.9774,5.0,False,2026-09-17 07:03:27.273356
115,Noise Twist Hyper,Noise,5.0,Best in the market!,Radha karan Mehra,Very good,2026-09-17 07:02:01.422160,115,Very good,POSITIVE,0.9999,5.0,False,2026-09-17 07:03:27.273356
116,Noise Twist Hyper,Noise,5.0,Best in the market!,Chandan Kumar Verma,This watch is very good in looking and all purpose in price segment a best watch,2026-09-17 07:02:01.422160,116,This watch is very good in looking and all purpose in price segment a best watch,POSITIVE,0.9996,5.0,False,2026-09-17 07:03:27.273356
117,Noise Twist Hyper,Noise,5.0,Must buy!,Manjunath Kalyani,Very gud product,2026-09-17 07:02:01.422160,117,Very gud product,NEGATIVE,0.9775,5.0,True,2026-09-17 07:03:27.273356
118,Noise Twist Hyper,Noise,3.0,Does the job,Armaan Malik,Wrist wake up isn't working!,2026-09-17 07:02:01.422160,118,Wrist wake up isn't working!,NEGATIVE,0.999,3.0,False,2026-09-17 07:03:27.273356
119,Noise Twist Hyper,Noise,5.0,Mind-blowing purchase,Mukesh Banjara,Nice watch,2026-09-17 07:02:01.422160,119,Nice watch,POSITIVE,0.9998,5.0,False,2026-09-17 07:03:27.273356
120,Noise Twist Hyper,Noise,1.0,Absolute rubbish!,Hanuman Dhuri,Waste of money Waste product,2026-09-17 07:02:01.422160,120,Waste of money Waste product,NEGATIVE,0.9998,1.0,False,2026-09-17 07:03:27.273356
121,Noise Twist Hyper,Noise,1.0,Absolute rubbish!,Anmol Sharma,Product is not working after two days of use,2026-09-17 07:02:01.422160,121,Product is not working after two days of use,NEGATIVE,0.9993,1.0,False,2026-09-17 07:03:27.273356
122,Noise Twist Hyper,Noise,5.0,Brilliant,Bikash Baruah,Nice product,2026-09-17 07:02:01.422160,122,Nice product,POSITIVE,0.9999,5.0,False,2026-09-17 07:03:27.273356
123,Noise Twist Hyper,Noise,4.0,Best in the market!,Chetan Dhanwan,overall good 👍😊 value for money 🤑💰,2026-09-17 07:02:01.422160,123,overall good 👍😊 value for money 🤑💰,POSITIVE,0.9994,4.0,False,2026-09-17 07:03:27.273356
124,Noise Twist Hyper,Noise,1.0,Hated it!,Rakesh Parmanik,After one week this watch is not working properly.,2026-09-17 07:02:01.422160,124,After one week this watch is not working properly.,NEGATIVE,0.9998,1.0,False,2026-09-17 07:03:27.273356
125,Noise Twist Hyper,Noise,5.0,Super!,Maheen Riyas,Supper,2026-09-17 07:02:01.422160,125,Supper,POSITIVE,0.9822,5.0,False,2026-09-17 07:03:27.273356
126,Noise Twist Hyper,Noise,2.0,Slightly disappointed,Flipkart Customer,Not good,2026-09-17 07:02:01.422160,126,Not good,NEGATIVE,0.9998,2.0,False,2026-09-17 07:03:27.273356
127,Noise Twist Hyper,Noise,5.0,Highly recommended,Rakesh Kumar,Very nice,2026-09-17 07:02:01.422160,127,Very nice,POSITIVE,0.9999,5.0,False,2026-09-17 07:03:27.273356
128,Noise Twist Hyper,Noise,5.0,Awesome,Ankit  Maurya,It is very awesome and eligible for money,2026-09-17 07:02:01.422160,128,It is very awesome and eligible for money,POSITIVE,0.9999,5.0,False,2026-09-17 07:03:27.273356
129,Noise Twist Hyper,Noise,1.0,Terrible product,BANTI NATH SHARMA,There no too much issue in the screen ... cannot set or there is not much options.. pls dont bu every time this,2026-09-17 07:02:01.422160,129,There no too much issue in the screen ... cannot set or there is not much options.. pls dont bu every time this,NEGATIVE,0.999,1.0,False,2026-09-17 07:03:27.273356
130,Noise Twist Hyper,Noise,1.0,Not recommended at all,Nishant Prince,Product quality very poor,2026-09-17 07:02:01.422160,130,Product quality very poor,NEGATIVE,0.9998,1.0,False,2026-09-17 07:03:27.273356
131,Noise Twist Hyper,Noise,5.0,Perfect product!,Prashant Pradhan  Prashant Pradhan,Product cancel,2026-09-17 07:02:01.422160,131,Product cancel,NEGATIVE,0.9997,5.0,True,2026-09-17 07:03:27.273356
132,Noise Twist Hyper,Noise,5.0,Best in the market!,Flipkart Customer,Loved it,2026-09-17 07:02:01.422160,132,Loved it,POSITIVE,0.9999,5.0,False,2026-09-17 07:03:27.273356
133,Noise Twist Hyper,Noise,5.0,Mind-blowing purchase,Jitvesh Rohilla,This is a good quality and it is a premium look,2026-09-17 07:02:01.422160,133,This is a good quality and it is a premium look,POSITIVE,0.9999,5.0,False,2026-09-17 07:03:27.273356
134,Noise Twist Hyper,Noise,1.0,Waste of money!,Saddam Hussain,Display is very bad,2026-09-17 07:02:01.422160,134,Display is very bad,NEGATIVE,0.9998,1.0,False,2026-09-17 07:03:27.273356
135,Noise Twist Hyper,Noise,5.0,Brilliant,Rejiyal Rabha,Nice,2026-09-17 07:02:01.422160,135,Nice,POSITIVE,0.9999,5.0,False,2026-09-17 07:03:27.273356
136,Noise Twist Hyper,Noise,5.0,Terrific purchase,Kishan Sen,I love this watch,2026-09-17 07:02:01.422160,136,I love this watch,POSITIVE,0.9999,5.0,False,2026-09-17 07:03:27.273356
137,Noise Twist Hyper,Noise,4.0,Good choice,shatrudhan Kumar,Very nice,2026-09-17 07:02:01.422160,137,Very nice,POSITIVE,0.9999,4.0,False,2026-09-17 07:03:27.273356
138,Noise Twist Hyper,Noise,5.0,Great product,Ravi  Negi,Good product,2026-09-17 07:02:01.422160,138,Good product,POSITIVE,0.9999,5.0,False,2026-09-17 07:03:27.273356
139,Noise Twist Hyper,Noise,5.0,Brilliant,Rakesh Payeng,Good 👍,2026-09-17 07:02:01.422160,139,Good 👍,POSITIVE,0.9999,5.0,False,2026-09-17 07:03:27.273356
140,Noise Twist Hyper,Noise,5.0,Excellent,Gajendra Jhuriya,Very good performance,2026-09-17 07:02:01.422160,140,Very good performance,POSITIVE,0.9999,5.0,False,2026-09-17 07:03:27.273356
141,Noise Twist Hyper,Noise,5.0,Highly recommended,Mahapatra Shila,Very nice,2026-09-17 07:02:01.422160,141,Very nice,POSITIVE,0.9999,5.0,False,2026-09-17 07:03:27.273356
142,Noise Twist Hyper,Noise,1.0,Worth the money,Shivraj Singh Kainth Kainth,Display not working,2026-09-17 07:02:01.422160,142,Display not working,NEGATIVE,0.9997,1.0,False,2026-09-17 07:03:27.273356
143,Noise Twist Hyper,Noise,5.0,Perfect product!,Yuva Raj,Nice watch..,2026-09-17 07:02:01.422160,143,Nice watch..,POSITIVE,0.9998,5.0,False,2026-09-17 07:03:27.273356
144,Noise Twist Hyper,Noise,1.0,Waste of money!,Kanha Tandi,Very bad😡😡😡,2026-09-17 07:02:01.422160,144,Very bad😡😡😡,POSITIVE,0.8244,1.0,False,2026-09-17 07:03:27.273356
145,Noise Twist Hyper,Noise,5.0,Perfect product!,Rekha Sisodiya,Totally worth it... I love it ❤️ it's too good...!!,2026-09-17 07:02:01.422160,145,Totally worth it... I love it ❤️ it's too good...!!,POSITIVE,0.9995,5.0,False,2026-09-17 07:03:27.273356
146,Noise Twist Hyper,Noise,4.0,Really Nice,Dharmraj Mehra,Good 👍,2026-09-17 07:02:01.422160,146,Good 👍,POSITIVE,0.9999,4.0,False,2026-09-17 07:03:27.273356
147,Noise Twist Hyper,Noise,4.0,Pretty good,Akash Das,Good,2026-09-17 07:02:01.422160,147,Good,POSITIVE,0.9998,4.0,False,2026-09-17 07:03:27.273356
148,Noise Twist Hyper,Noise,4.0,Delightful,Raju Kumar  Sah,Gajab very good luck🤞,2026-09-17 07:02:01.422160,148,Gajab very good luck🤞,POSITIVE,0.9996,4.0,False,2026-09-17 07:03:27.273356
149,Noise Twist Hyper,Noise,5.0,Great product,Umamani Barik,Very good,2026-09-17 07:02:01.422160,149,Very good,POSITIVE,0.9999,5.0,False,2026-09-17 07:03:27.273356
150,Noise Twist Hyper,Noise,4.0,Good quality product,Sushma Sharma,Nice,2026-09-17 07:02:01.422160,150,Nice,POSITIVE,0.9999,4.0,False,2026-09-17 07:03:27.273356
151,Noise Twist Hyper,Noise,1.0,Horrible,Nitesh  Singh,Bad now,2026-09-17 07:02:01.422160,151,Bad now,NEGATIVE,0.9998,1.0,False,2026-09-17 07:03:27.273356
152,Noise Twist Hyper,Noise,5.0,Terrific purchase,Rajveer Singh,All right,2026-09-17 07:02:01.422160,152,All right,POSITIVE,0.9998,5.0,False,2026-09-17 07:03:27.273356
153,Noise Twist Hyper,Noise,5.0,Brilliant,Mastan vali  Darling,Nice,2026-09-17 07:02:01.422160,153,Nice,POSITIVE,0.9999,5.0,False,2026-09-17 07:03:27.273356
154,Noise Twist Hyper,Noise,1.0,Worst experience ever!,Suraj Halder,Very bad product,2026-09-17 07:02:01.422160,154,Very bad product,NEGATIVE,0.9998,1.0,False,2026-09-17 07:03:27.273356
155,Noise Twist Hyper,Noise,1.0,Worst experience ever!,Akash Ahirwar,Connecting device problem,2026-09-17 07:02:01.422160,155,Connecting device problem,NEGATIVE,0.9991,1.0,False,2026-09-17 07:03:27.273356
156,Noise Twist Hyper,Noise,2.0,Slightly disappointed,Rohit Kumar,Silver colour of dial is bad because that's colour is churn in one month.,2026-09-17 07:02:01.422160,156,Silver colour of dial is bad because that's colour is churn in one month.,NEGATIVE,0.9997,2.0,False,2026-09-17 07:03:27.273356
157,Noise Twist Hyper,Noise,5.0,Perfect product!,ANAND HEMROM,Fantastic,2026-09-17 07:02:01.422160,157,Fantastic,POSITIVE,0.9999,5.0,False,2026-09-17 07:03:27.273356
158,Noise Twist Hyper,Noise,1.0,Waste of money!,Flipkart Customer,Bad watch,2026-09-17 07:02:01.422160,158,Bad watch,NEGATIVE,0.999,1.0,False,2026-09-17 07:03:27.273356
159,Noise Twist Hyper,Noise,5.0,Wonderful,Amit Nagar,Nice,2026-09-17 07:02:01.422160,159,Nice,POSITIVE,0.9999,5.0,False,2026-09-17 07:03:27.273356
160,Noise Twist Hyper,Noise,5.0,Great product,Flipkart Customer,Everything is good👍 lovely product 🥰❤️,2026-09-17 07:02:01.422160,160,Everything is good👍 lovely product 🥰❤️,POSITIVE,0.9997,5.0,False,2026-09-17 07:03:27.273356
161,Noise Twist Hyper,Noise,5.0,Excellent,Rahul sk,Excellence fire,2026-09-17 07:02:01.422160,161,Excellence fire,POSITIVE,0.9997,5.0,False,2026-09-17 07:03:27.273356
162,Noise Twist Hyper,Noise,4.0,Really Nice,Sagathiya Rushik,Good 👍😊,2026-09-17 07:02:01.422160,162,Good 👍😊,POSITIVE,0.9999,4.0,False,2026-09-17 07:03:27.273356
163,Noise Twist Hyper,Noise,5.0,Worth every penny,Flipkart Customer,Nice 👍,2026-09-17 07:02:01.422160,163,Nice 👍,POSITIVE,0.9998,5.0,False,2026-09-17 07:03:27.273356
164,Fire-Boltt Hurricane 2026,Fire-Boltt,4.0,Good quality product,Shivam Akhadkar,Nice one,2026-09-17 07:02:01.422160,164,Nice one,POSITIVE,0.9998,4.0,False,2026-09-17 07:03:27.273356
165,Fire-Boltt Hurricane 2026,Fire-Boltt,4.0,Value-for-money,Flipkart Customer,"1. Music control are not very good . 2. The battery consumption is slightly higher than others. 3. Design is fabulous. 4. UI is decent. 5. All features like Heart rate , Spo2 are good and give almost...",2026-09-17 07:02:01.422160,165,"1. Music control are not very good . 2. The battery consumption is slightly higher than others. 3. Design is fabulous. 4. UI is decent. 5. All features like Heart rate , Spo2 are good and give almost...",POSITIVE,0.9994,4.0,False,2026-09-17 07:03:27.273356
166,Fire-Boltt Hurricane 2026,Fire-Boltt,4.0,Worth the money,Akash Nandakumar,Nice product.,2026-09-17 07:02:01.422160,166,Nice product.,POSITIVE,0.9999,4.0,False,2026-09-17 07:03:27.273356
167,Fire-Boltt Hurricane 2026,Fire-Boltt,4.0,Very Good,Shome Shome,Go for it ❣️,2026-09-17 07:02:01.422160,167,Go for it ❣️,POSITIVE,0.9968,4.0,False,2026-09-17 07:03:27.273356
168,Fire-Boltt Hurricane 2026,Fire-Boltt,4.0,Pretty good,Flipkart Customer,Loved it,2026-09-17 07:02:01.422160,168,Loved it,POSITIVE,0.9999,4.0,False,2026-09-17 07:03:27.273356
169,Fire-Boltt Hurricane 2026,Fire-Boltt,4.0,Pretty good,Sudeshna Pal,Battery backup is impressive,2026-09-17 07:02:01.422160,169,Battery backup is impressive,POSITIVE,0.9996,4.0,False,2026-09-17 07:03:27.273356
170,Fire-Boltt Hurricane 2026,Fire-Boltt,5.0,Mind-blowing purchase,Flipkart Customer,"Very nice smart watch round dial make it more beautiful. Display is good Health data is almost accurate Battery back , you guys don’t believe after using 5 days i used battery saving mode and its give...",2026-09-17 07:02:01.422160,170,"Very nice smart watch round dial make it more beautiful. Display is good Health data is almost accurate Battery back , you guys don’t believe after using 5 days i used battery saving mode and its give...",POSITIVE,0.9881,5.0,False,2026-09-17 07:03:27.273356
171,Fire-Boltt Hurricane 2026,Fire-Boltt,5.0,Terrific purchase,Dipayan Nath,"Nice Product... Looks Impressive.... 👌 It doesn't have amoled skin, though it looks nothing less than amoled 👌👍 Best for skinny people... 👌",2026-09-17 07:02:01.422160,171,"Nice Product... Looks Impressive.... 👌 It doesn't have amoled skin, though it looks nothing less than amoled 👌👍 Best for skinny people... 👌",POSITIVE,0.9924,5.0,False,2026-09-17 07:03:27.273356
172,Fire-Boltt Hurricane 2026,Fire-Boltt,5.0,Classy product,Anu George,Good display. Long lasting battery,2026-09-17 07:02:01.422160,172,Good display. Long lasting battery,POSITIVE,0.9998,5.0,False,2026-09-17 07:03:27.273356
173,Fire-Boltt Hurricane 2026,Fire-Boltt,5.0,Brilliant,Ujjwal Garg,This product is very attractive😍 and amazing I am happy☺,2026-09-17 07:02:01.422160,173,This product is very attractive😍 and amazing I am happy☺,POSITIVE,0.9999,5.0,False,2026-09-17 07:03:27.273356
174,Fire-Boltt Hurricane 2026,Fire-Boltt,5.0,Wonderful,Jagruti Jadhav,Wonderful watch with low cost and wonderful features lovely like it alot,2026-09-17 07:02:01.422160,174,Wonderful watch with low cost and wonderful features lovely like it alot,POSITIVE,0.9999,5.0,False,2026-09-17 07:03:27.273356
175,Fire-Boltt Hurricane 2026,Fire-Boltt,5.0,Terrific purchase,sona sen,Nice watch 😍😍,2026-09-17 07:02:01.422160,175,Nice watch 😍😍,POSITIVE,0.9998,5.0,False,2026-09-17 07:03:27.273356
176,Fire-Boltt Hurricane 2026,Fire-Boltt,5.0,Great product,Ashok  Soni,I really like this product 💯. You must buy this watch. don't hesitate before buying this one really awesome .it looks amazing 😍🤩🤩🤩🤩🤩,2026-09-17 07:02:01.422160,176,I really like this product 💯. You must buy this watch. don't hesitate before buying this one really awesome .it looks amazing 😍🤩🤩🤩🤩🤩,POSITIVE,0.9997,5.0,False,2026-09-17 07:03:27.273356
177,Fire-Boltt Hurricane 2026,Fire-Boltt,5.0,Terrific,Parthiban T,Indeed a 🔥 Fire 🔥 smartwatch with stunning look at this price range. 1st impression was exllent. on time delivery to Filpkart....,2026-09-17 07:02:01.422160,177,Indeed a 🔥 Fire 🔥 smartwatch with stunning look at this price range. 1st impression was exllent. on time delivery to Filpkart....,POSITIVE,0.9888,5.0,False,2026-09-17 07:03:27.273356
178,Fire-Boltt Hurricane 2026,Fire-Boltt,5.0,Worth every penny,Shubham Ghosh,Great product,2026-09-17 07:02:01.422160,178,Great product,POSITIVE,0.9999,5.0,False,2026-09-17 07:03:27.273356
179,Fire-Boltt Hurricane 2026,Fire-Boltt,5.0,Perfect product!,Flipkart Customer,It's just Wow😲,2026-09-17 07:02:01.422160,179,It's just Wow😲,NEGATIVE,0.953,5.0,True,2026-09-17 07:03:27.273356
180,Fire-Boltt Hurricane 2026,Fire-Boltt,5.0,Highly recommended,Babu Manna,Worth of penny because you must find that you have got what you have paid.,2026-09-17 07:02:01.422160,180,Worth of penny because you must find that you have got what you have paid.,POSITIVE,0.5999,5.0,False,2026-09-17 07:03:27.273356
181,Fire-Boltt Hurricane 2026,Fire-Boltt,5.0,Best in the market!,Shantanu Paul,Nice display smooth and better 😊,2026-09-17 07:02:01.422160,181,Nice display smooth and better 😊,POSITIVE,0.9998,5.0,False,2026-09-17 07:03:27.273356
182,Fire-Boltt Hurricane 2026,Fire-Boltt,5.0,Must buy!,tarun satasiya,Value for money,2026-09-17 07:02:01.422160,182,Value for money,POSITIVE,0.9978,5.0,False,2026-09-17 07:03:27.273356
183,Fire-Boltt Hurricane 2026,Fire-Boltt,5.0,Wonderful,Anchal Singh,Very good 👍😁,2026-09-17 07:02:01.422160,183,Very good 👍😁,POSITIVE,0.9999,5.0,False,2026-09-17 07:03:27.273356
184,Fire-Boltt Hurricane 2026,Fire-Boltt,4.0,Wonderful,Flipkart Customer,Good watch,2026-09-17 07:02:01.422160,184,Good watch,POSITIVE,0.9998,4.0,False,2026-09-17 07:03:27.273356
185,Fire-Boltt Hurricane 2026,Fire-Boltt,5.0,Excellent,Ipsita Das,"Very good quality, worth it❤",2026-09-17 07:02:01.422160,185,"Very good quality, worth it❤",POSITIVE,0.9999,5.0,False,2026-09-17 07:03:27.273356
186,Fire-Boltt Hurricane 2026,Fire-Boltt,5.0,Best in the market!,Flipkart Customer,Amazing 🤩 watch ⌚ really I love it.,2026-09-17 07:02:01.422160,186,Amazing 🤩 watch ⌚ really I love it.,POSITIVE,0.9999,5.0,False,2026-09-17 07:03:27.273356
187,Fire-Boltt Hurricane 2026,Fire-Boltt,5.0,Just wow!,Jaydip Sakhiya,Very nice product.... I attracted with its beauty ...look wise its look premium I liked it a lot,2026-09-17 07:02:01.422160,187,Very nice product.... I attracted with its beauty ...look wise its look premium I liked it a lot,POSITIVE,0.9998,5.0,False,2026-09-17 07:03:27.273356
188,Fire-Boltt Hurricane 2026,Fire-Boltt,5.0,Highly recommended,KEERTHANA S,Mind -blowing purchase Very nice smart watch round dial make it more beautiful. Display is good Health data is almost accurate I attracted with this beauty look wise it's look premium l liked it a lot,2026-09-17 07:02:01.422160,188,Mind -blowing purchase Very nice smart watch round dial make it more beautiful. Display is good Health data is almost accurate I attracted with this beauty look wise it's look premium l liked it a lot,POSITIVE,0.9997,5.0,False,2026-09-17 07:03:27.273356
189,Fire-Boltt Hurricane 2026,Fire-Boltt,3.0,Good quality product,Akash Mahour,Good watch,2026-09-17 07:02:01.422160,189,Good watch,POSITIVE,0.9998,3.0,False,2026-09-17 07:03:27.273356
190,Fire-Boltt Hurricane 2026,Fire-Boltt,5.0,Excellent,Manish Kumar,Good product,2026-09-17 07:02:01.422160,190,Good product,POSITIVE,0.9999,5.0,False,2026-09-17 07:03:27.273356
191,Fire-Boltt Hurricane 2026,Fire-Boltt,5.0,Wonderful,Aditya Singh,"A nice product with many features but please increase the watch faces, they are very limited and old.",2026-09-17 07:02:01.422160,191,"A nice product with many features but please increase the watch faces, they are very limited and old.",NEGATIVE,0.9868,5.0,True,2026-09-17 07:03:27.273356
192,Fire-Boltt Hurricane 2026,Fire-Boltt,5.0,Terrific purchase,Gargi Singh,Superb,2026-09-17 07:02:01.422160,192,Superb,POSITIVE,0.9999,5.0,False,2026-09-17 07:03:27.273356
193,Fire-Boltt Hurricane 2026,Fire-Boltt,4.0,Worth the money,Mihir Mishra,"Overall Display and design is really Awesome. Looks like premium in hand. Although Activity tracker Accuracy is not good, it track heart rate of bottle, table for which I give it 3.5/5. Steps count ...",2026-09-17 07:02:01.422160,193,"Overall Display and design is really Awesome. Looks like premium in hand. Although Activity tracker Accuracy is not good, it track heart rate of bottle, table for which I give it 3.5/5. Steps count ...",POSITIVE,0.9997,4.0,False,2026-09-17 07:03:27.273356
194,Fire-Boltt Hurricane 2026,Fire-Boltt,5.0,Perfect product!,H A R I,Best in the market❤️ Just go for it,2026-09-17 07:02:01.422160,194,Best in the market❤️ Just go for it,POSITIVE,0.9981,5.0,False,2026-09-17 07:03:27.273356
195,Fire-Boltt Hurricane 2026,Fire-Boltt,5.0,Brilliant,Flipkart Customer,Display quality awesome,2026-09-17 07:02:01.422160,195,Display quality awesome,POSITIVE,0.9999,5.0,False,2026-09-17 07:03:27.273356
196,Fire-Boltt Hurricane 2026,Fire-Boltt,5.0,Simply awesome,Rinku Raja,My favourite watch,2026-09-17 07:02:01.422160,196,My favourite watch,POSITIVE,0.9985,5.0,False,2026-09-17 07:03:27.273356
197,Fire-Boltt Hurricane 2026,Fire-Boltt,5.0,Highly recommended,Flipkart Customer,This is nice watch looking so cool,2026-09-17 07:02:01.422160,197,This is nice watch looking so cool,POSITIVE,0.9999,5.0,False,2026-09-17 07:03:27.273356
198,Fire-Boltt Hurricane 2026,Fire-Boltt,4.0,Worth the money,Aastha Singh,Happy with this watch,2026-09-17 07:02:01.422160,198,Happy with this watch,POSITIVE,0.9999,4.0,False,2026-09-17 07:03:27.273356
199,Fire-Boltt Hurricane 2026,Fire-Boltt,4.0,Worth the money,Babita Mishra,Perfect,2026-09-17 07:02:01.422160,199,Perfect,POSITIVE,0.9999,4.0,False,2026-09-17 07:03:27.273356
200,Fire-Boltt Hurricane 2026,Fire-Boltt,4.0,Good quality product,Nidhi Joshi,Nice product,2026-09-17 07:02:01.422160,200,Nice product,POSITIVE,0.9999,4.0,False,2026-09-17 07:03:27.273356
201,Fire-Boltt Hurricane 2026,Fire-Boltt,5.0,Awesome,Amit  Vishwakarma,Very nice 👍👌👍👌,2026-09-17 07:02:01.422160,201,Very nice 👍👌👍👌,POSITIVE,0.9999,5.0,False,2026-09-17 07:03:27.273356
202,Fire-Boltt Hurricane 2026,Fire-Boltt,5.0,Super!,sagar nhavi,Value for money dear I got it only 1621only very nice the design was osm but I don't like feature and application only I like the design and it's looking ness on wrist.. 😍😊🤞 I like it,2026-09-17 07:02:01.422160,202,Value for money dear I got it only 1621only very nice the design was osm but I don't like feature and application only I like the design and it's looking ness on wrist.. 😍😊🤞 I like it,POSITIVE,0.9798,5.0,False,2026-09-17 07:03:27.273356
203,Fire-Boltt Hurricane 2026,Fire-Boltt,5.0,Super!,Akash Karmakar,"I purchased this watch on May 4th, 2022. Today is May 13th. So, let me now share my experience with this smartwatch... 1. The round dial at this price is phenomenal. I'm always a fan of round dial wa...",2026-09-17 07:02:01.422160,203,"I purchased this watch on May 4th, 2022. Today is May 13th. So, let me now share my experience with this smartwatch... 1. The round dial at this price is phenomenal. I'm always a fan of round dial wa...",POSITIVE,0.999,5.0,False,2026-09-17 07:03:27.273356
204,Fire-Boltt Hurricane 2026,Fire-Boltt,5.0,Must buy!,Priyanka Hasda,Must buy,2026-09-17 07:02:01.422160,204,Must buy,POSITIVE,0.982,5.0,False,2026-09-17 07:03:27.273356
205,Fire-Boltt Hurricane 2026,Fire-Boltt,5.0,Brilliant,Ashish Kumar,Good,2026-09-17 07:02:01.422160,205,Good,POSITIVE,0.9998,5.0,False,2026-09-17 07:03:27.273356
206,Fire-Boltt Hurricane 2026,Fire-Boltt,5.0,Great product,Ashuu Ashuu,This watch is very nice and wonderful 😻,2026-09-17 07:02:01.422160,206,This watch is very nice and wonderful 😻,POSITIVE,0.9999,5.0,False,2026-09-17 07:03:27.273356
207,Fire-Boltt Hurricane 2026,Fire-Boltt,5.0,Must buy!,neelesh pandey,It's fantastic at this price range. Build quality looks premium. Watch faces are pretty good. Heart rate and other tracking activity features are decent at this price. Overall good experience. Meet m...,2026-09-17 07:02:01.422160,207,It's fantastic at this price range. Build quality looks premium. Watch faces are pretty good. Heart rate and other tracking activity features are decent at this price. Overall good experience. Meet m...,POSITIVE,0.9999,5.0,False,2026-09-17 07:03:27.273356
208,Fire-Boltt Hurricane 2026,Fire-Boltt,5.0,Brilliant,Sonalika Sonu,Nice 👍 product thanks to you 😊☺️😊 filpkart,2026-09-17 07:02:01.422160,208,Nice 👍 product thanks to you 😊☺️😊 filpkart,POSITIVE,0.9997,5.0,False,2026-09-17 07:03:27.273356
209,Fire-Boltt Hurricane 2026,Fire-Boltt,5.0,Great product,Enam H  BORBHUYAN,I Love this so much comfortable and premium looks,2026-09-17 07:02:01.422160,209,I Love this so much comfortable and premium looks,POSITIVE,0.9999,5.0,False,2026-09-17 07:03:27.273356
210,Fire-Boltt Hurricane 2026,Fire-Boltt,5.0,Wonderful,S Roy,Value for money watch. Good design and look. Looks like a expensive watch.,2026-09-17 07:02:01.422160,210,Value for money watch. Good design and look. Looks like a expensive watch.,POSITIVE,0.9993,5.0,False,2026-09-17 07:03:27.273356
211,Fire-Boltt Hurricane 2026,Fire-Boltt,5.0,Super!,Flipkart Customer,"Nice watch,nice game 👍🤗 , battery backup is very very nice 👌👌 I use continue 8 day without changing and it battery remain 17%. I recommend buy this watch.The heart rate is accurate but sometimes n...",2026-09-17 07:02:01.422160,211,"Nice watch,nice game 👍🤗 , battery backup is very very nice 👌👌 I use continue 8 day without changing and it battery remain 17%. I recommend buy this watch.The heart rate is accurate but sometimes n...",POSITIVE,0.9974,5.0,False,2026-09-17 07:03:27.273356
212,Fire-Boltt Hurricane 2026,Fire-Boltt,4.0,Good choice,Nishikant Kute,"Good and awesome, value to money, some more features should be there.",2026-09-17 07:02:01.422160,212,"Good and awesome, value to money, some more features should be there.",POSITIVE,0.9998,4.0,False,2026-09-17 07:03:27.273356
213,Fire-Boltt Hurricane 2026,Fire-Boltt,5.0,Simply awesome,Shivani Bhardwaj,I loved the quality of this watch. Works pretty well. Sports modes are great. I just wish it had brightness adjustment mode on the watch top menu itself.,2026-09-17 07:02:01.422160,213,I loved the quality of this watch. Works pretty well. Sports modes are great. I just wish it had brightness adjustment mode on the watch top menu itself.,POSITIVE,0.9997,5.0,False,2026-09-17 07:03:27.273356
214,Fire-Boltt Hurricane 2026,Fire-Boltt,4.0,Value-for-money,Raj singh Rajput,It's look stylish 😍,2026-09-17 07:02:01.422160,214,It's look stylish 😍,POSITIVE,0.9997,4.0,False,2026-09-17 07:03:27.273356
215,Fire-Boltt Hurricane 2026,Fire-Boltt,5.0,Brilliant,Sushmita Singh,Awesome product I like it very much,2026-09-17 07:02:01.422160,215,Awesome product I like it very much,POSITIVE,0.9999,5.0,False,2026-09-17 07:03:27.273356
216,Fire-Boltt Hurricane 2026,Fire-Boltt,4.0,Good quality product,Jagganraj N,Design is very good and also the UI is clean and easy to use,2026-09-17 07:02:01.422160,216,Design is very good and also the UI is clean and easy to use,POSITIVE,0.9998,4.0,False,2026-09-17 07:03:27.273356
217,Fire-Boltt Hurricane 2026,Fire-Boltt,5.0,Super!,Aditya Virmani,Product is good Easy to Use .Look attractive .Nice 👍👍,2026-09-17 07:02:01.422160,217,Product is good Easy to Use .Look attractive .Nice 👍👍,POSITIVE,0.9999,5.0,False,2026-09-17 07:03:27.273356
218,Fire-Boltt Hurricane 2026,Fire-Boltt,5.0,Perfect product!,Adish,Very good product,2026-09-17 07:02:01.422160,218,Very good product,POSITIVE,0.9999,5.0,False,2026-09-17 07:03:27.273356
676,boAt Wave Fury,boAt,5.0,Best in the market!,Flipkart Customer,Nice look good product,2026-09-17 07:02:01.422160,676,Nice look good product,POSITIVE,0.9999,5.0,False,2026-09-17 07:03:27.273356
219,Fire-Boltt Hurricane 2026,Fire-Boltt,5.0,Mind-blowing purchase,Sai Bhava,"I've never seen a watch at this price range , really it's look like a premium watch and I've using this for last 1 week , here I'm giving my honest feedback . Display 5/5 Battery 4/5 Tracking 4/5 V...",2026-09-17 07:02:01.422160,219,"I've never seen a watch at this price range , really it's look like a premium watch and I've using this for last 1 week , here I'm giving my honest feedback . Display 5/5 Battery 4/5 Tracking 4/5 V...",POSITIVE,0.9943,5.0,False,2026-09-17 07:03:27.273356
220,Fire-Boltt Hurricane 2026,Fire-Boltt,4.0,Really Nice,Mohamed  shahithullah,"Value for Money Design is fabulous. Ul is decent. All features like Heart rate , Spo2 are good and give almost exact readings. 6. Display is also very good. Build quality is great. Watch faces in...",2026-09-17 07:02:01.422160,220,"Value for Money Design is fabulous. Ul is decent. All features like Heart rate , Spo2 are good and give almost exact readings. 6. Display is also very good. Build quality is great. Watch faces in...",POSITIVE,0.9999,4.0,False,2026-09-17 07:03:27.273356
221,Fire-Boltt Hurricane 2026,Fire-Boltt,5.0,Just wow!,S.. Imthiyaz,Very very super good product from flipkart Very good flipkart really 🙂 nice and i loveit plzz buy all friends,2026-09-17 07:02:01.422160,221,Very very super good product from flipkart Very good flipkart really 🙂 nice and i loveit plzz buy all friends,POSITIVE,0.9995,5.0,False,2026-09-17 07:03:27.273356
222,Fire-Boltt Hurricane 2026,Fire-Boltt,4.0,Pretty good,Flipkart Customer,Superb 👌,2026-09-17 07:02:01.422160,222,Superb 👌,POSITIVE,0.9999,4.0,False,2026-09-17 07:03:27.273356
223,Fire-Boltt Hurricane 2026,Fire-Boltt,5.0,Just wow!,Pawar Pawar,Good watch for the price . Like the interface and like the user friendly app,2026-09-17 07:02:01.422160,223,Good watch for the price . Like the interface and like the user friendly app,POSITIVE,0.9989,5.0,False,2026-09-17 07:03:27.273356
224,Fire-Boltt Hurricane 2026,Fire-Boltt,5.0,Worth every penny,Flipkart Customer,Wonderful watch and wonderful features lovely like it alot.. thanks you Flipkart,2026-09-17 07:02:01.422160,224,Wonderful watch and wonderful features lovely like it alot.. thanks you Flipkart,POSITIVE,0.9999,5.0,False,2026-09-17 07:03:27.273356
225,Fire-Boltt Hurricane 2026,Fire-Boltt,5.0,Mind-blowing purchase,Vijay  Kumar,Excellent watch.,2026-09-17 07:02:01.422160,225,Excellent watch.,POSITIVE,0.9999,5.0,False,2026-09-17 07:03:27.273356
226,Fire-Boltt Hurricane 2026,Fire-Boltt,5.0,Perfect product!,Dev Patodia,"Looks are very good , display also nice with good brightness,accuracy is decent for steps and spo2 but for heart rate it is very accurateand you cand replace the strap with any 20mm or 22mm strap",2026-09-17 07:02:01.422160,226,"Looks are very good , display also nice with good brightness,accuracy is decent for steps and spo2 but for heart rate it is very accurateand you cand replace the strap with any 20mm or 22mm strap",POSITIVE,0.9995,5.0,False,2026-09-17 07:03:27.273356
227,Fire-Boltt Hurricane 2026,Fire-Boltt,5.0,Must buy!,Mahesh Kumar,"Design of the watch too good, off the Gesture from setting then u will get 🔋 backup more than 10 days. I like this watch and gifted to my Wife. She was really happy after seeing this watch",2026-09-17 07:02:01.422160,227,"Design of the watch too good, off the Gesture from setting then u will get 🔋 backup more than 10 days. I like this watch and gifted to my Wife. She was really happy after seeing this watch",POSITIVE,0.9981,5.0,False,2026-09-17 07:03:27.273356
228,Fire-Boltt Hurricane 2026,Fire-Boltt,5.0,Excellent,Amit Makhija,"I Got the watch yesterday. In this price range it really Looks Premium watch. . It's light weight, sharp Display, easy change belt option. Good watch faces . From today I will start using it .and send...",2026-09-17 07:02:01.422160,228,"I Got the watch yesterday. In this price range it really Looks Premium watch. . It's light weight, sharp Display, easy change belt option. Good watch faces . From today I will start using it .and send...",POSITIVE,0.9975,5.0,False,2026-09-17 07:03:27.273356
229,Fire-Boltt Hurricane 2026,Fire-Boltt,5.0,Terrific purchase,Kinjal Singh,Just love this watch I couldn't ask for more this is perfect Display is buttery smooth and all the features are great and great value for money,2026-09-17 07:02:01.422160,229,Just love this watch I couldn't ask for more this is perfect Display is buttery smooth and all the features are great and great value for money,POSITIVE,0.9999,5.0,False,2026-09-17 07:03:27.273356
230,Fire-Boltt Hurricane 2026,Fire-Boltt,5.0,Awesome,Its Oms Universal,"Literally from my heart, the cost I paid is worth it. The photos I posted is not edited, this is how it looks. It's built quality is awesome. I love the game that I can play in it (game similar to fla...",2026-09-17 07:02:01.422160,230,"Literally from my heart, the cost I paid is worth it. The photos I posted is not edited, this is how it looks. It's built quality is awesome. I love the game that I can play in it (game similar to fla...",POSITIVE,0.9999,5.0,False,2026-09-17 07:03:27.273356
231,Fire-Boltt Hurricane 2026,Fire-Boltt,4.0,Pretty good,Flipkart Customer,I gifted this to my boyfriend and he is so happy after seeing this watch. It's design are really awesome 👍. And everyone should try this watch if you're a smart watch lover.,2026-09-17 07:02:01.422160,231,I gifted this to my boyfriend and he is so happy after seeing this watch. It's design are really awesome 👍. And everyone should try this watch if you're a smart watch lover.,POSITIVE,0.9998,4.0,False,2026-09-17 07:03:27.273356
232,Fire-Boltt Hurricane 2026,Fire-Boltt,5.0,Mind-blowing purchase,Flipkart Customer,The color is soo good n loved it a good product in a good budget👍🏻❤️,2026-09-17 07:02:01.422160,232,The color is soo good n loved it a good product in a good budget👍🏻❤️,POSITIVE,0.9997,5.0,False,2026-09-17 07:03:27.273356
233,Fire-Boltt Hurricane 2026,Fire-Boltt,5.0,Simply awesome,Aditya Singh,One of the greatest product in this range Amazing smart watch with this feature In this range,2026-09-17 07:02:01.422160,233,One of the greatest product in this range Amazing smart watch with this feature In this range,POSITIVE,0.9998,5.0,False,2026-09-17 07:03:27.273356
234,Fire-Boltt Hurricane 2026,Fire-Boltt,4.0,Good quality product,Debasis  Pratihari,"In this price range , the watch is osm..👌 And quality is super , also look expensive watch.. Display 1.3 , neede at least 1.5 Overall is value for money...i suggest go for it...👍",2026-09-17 07:02:01.422160,234,"In this price range , the watch is osm..👌 And quality is super , also look expensive watch.. Display 1.3 , neede at least 1.5 Overall is value for money...i suggest go for it...👍",NEGATIVE,0.953,4.0,True,2026-09-17 07:03:27.273356
235,Fire-Boltt Hurricane 2026,Fire-Boltt,5.0,Classy product,Buddha  Deb,All good I'm happy ☺️,2026-09-17 07:02:01.422160,235,All good I'm happy ☺️,POSITIVE,0.9999,5.0,False,2026-09-17 07:03:27.273356
236,Fire-Boltt Hurricane 2026,Fire-Boltt,4.0,Good choice,parthiban sekar,Super,2026-09-17 07:02:01.422160,236,Super,POSITIVE,0.9988,4.0,False,2026-09-17 07:03:27.273356
237,Fire-Boltt Hurricane 2026,Fire-Boltt,4.0,Delightful,Praveen  Verma,Good,2026-09-17 07:02:01.422160,237,Good,POSITIVE,0.9998,4.0,False,2026-09-17 07:03:27.273356
238,Fire-Boltt Hurricane 2026,Fire-Boltt,4.0,Delightful,Flipkart Customer,It's good product and all features are working But wallpaper is not change automatic,2026-09-17 07:02:01.422160,238,It's good product and all features are working But wallpaper is not change automatic,NEGATIVE,0.9713,4.0,True,2026-09-17 07:03:27.273356
239,Fire-Boltt Hurricane 2026,Fire-Boltt,5.0,Wonderful,Suraj  Bio,Awesome 👍 product.... Value of money 💰...,2026-09-17 07:02:01.422160,239,Awesome 👍 product.... Value of money 💰...,POSITIVE,0.9998,5.0,False,2026-09-17 07:03:27.273356
240,Fire-Boltt Hurricane 2026,Fire-Boltt,3.0,Fair,Anas,Very cool smartwatch in this budget I'm happy to purchase fire Boltt through Flipkart but I received the product very late I can't wear it on my auspicious day Eid...I hope this review will help you t...,2026-09-17 07:02:01.422160,240,Very cool smartwatch in this budget I'm happy to purchase fire Boltt through Flipkart but I received the product very late I can't wear it on my auspicious day Eid...I hope this review will help you t...,POSITIVE,0.7904,3.0,False,2026-09-17 07:03:27.273356
241,Fire-Boltt Hurricane 2026,Fire-Boltt,4.0,Wonderful,Tushar Mondal,"If you want a premium looking budget smartwatch,then it's made for you.Don't get fooled by various smart features of various budget smartwatches.Beleave me there're no budget smartwatch who are accura...",2026-09-17 07:02:01.422160,241,"If you want a premium looking budget smartwatch,then it's made for you.Don't get fooled by various smart features of various budget smartwatches.Beleave me there're no budget smartwatch who are accura...",POSITIVE,0.966,4.0,False,2026-09-17 07:03:27.273356
242,Fire-Boltt Hurricane 2026,Fire-Boltt,5.0,Excellent,Flipkart Customer,Good,2026-09-17 07:02:01.422160,242,Good,POSITIVE,0.9998,5.0,False,2026-09-17 07:03:27.273356
243,Fire-Boltt Hurricane 2026,Fire-Boltt,5.0,Terrific purchase,Joydeep  Yadab,"As a proud user of the Fire Bolt Hurricane smart watch, I can confidently say that it has exceeded my expectations in every way possible. From its sleek design to its advanced features, this smart wat...",2026-09-17 07:02:01.422160,243,"As a proud user of the Fire Bolt Hurricane smart watch, I can confidently say that it has exceeded my expectations in every way possible. From its sleek design to its advanced features, this smart wat...",POSITIVE,0.9997,5.0,False,2026-09-17 07:03:27.273356
244,Fire-Boltt Hurricane 2026,Fire-Boltt,5.0,Super!,Sagar Darekar,Nice Smart Watch Value For Money,2026-09-17 07:02:01.422160,244,Nice Smart Watch Value For Money,POSITIVE,0.9996,5.0,False,2026-09-17 07:03:27.273356
245,Fire-Boltt Hurricane 2026,Fire-Boltt,5.0,Terrific,T.kumaresan N,Happy,2026-09-17 07:02:01.422160,245,Happy,POSITIVE,0.9999,5.0,False,2026-09-17 07:03:27.273356
246,Fire-Boltt Hurricane 2026,Fire-Boltt,5.0,Wonderful,BADSHAH,Nice watch and good features,2026-09-17 07:02:01.422160,246,Nice watch and good features,POSITIVE,0.9999,5.0,False,2026-09-17 07:03:27.273356
247,Fire-Boltt Hurricane 2026,Fire-Boltt,4.0,Really Nice,Flipkart Customer,Superb,2026-09-17 07:02:01.422160,247,Superb,POSITIVE,0.9999,4.0,False,2026-09-17 07:03:27.273356
248,Fire-Boltt Hurricane 2026,Fire-Boltt,5.0,Terrific,Abhiram S,Just go for it✨,2026-09-17 07:02:01.422160,248,Just go for it✨,POSITIVE,0.8559,5.0,False,2026-09-17 07:03:27.273356
249,Fire-Boltt Hurricane 2026,Fire-Boltt,5.0,Highly recommended,Daya Sagar,Excellent product within a price range,2026-09-17 07:02:01.422160,249,Excellent product within a price range,POSITIVE,0.9999,5.0,False,2026-09-17 07:03:27.273356
250,Fire-Boltt Hurricane 2026,Fire-Boltt,3.0,Very Good,Flipkart Customer,Nice product,2026-09-17 07:02:01.422160,250,Nice product,POSITIVE,0.9999,3.0,False,2026-09-17 07:03:27.273356
251,Fire-Boltt Hurricane 2026,Fire-Boltt,4.0,Value-for-money,Praveen Kumar,Good,2026-09-17 07:02:01.422160,251,Good,POSITIVE,0.9998,4.0,False,2026-09-17 07:03:27.273356
252,Fire-Boltt Hurricane 2026,Fire-Boltt,5.0,Awesome,Flipkart Customer,Best watch i seen,2026-09-17 07:02:01.422160,252,Best watch i seen,POSITIVE,0.9991,5.0,False,2026-09-17 07:03:27.273356
253,Fire-Boltt Hurricane 2026,Fire-Boltt,5.0,Worth every penny,Flipkart Customer,Very nice watch i gifted to my mom 🤩 its very awsome 🙏 thank you for giving nice servive fire bolt,2026-09-17 07:02:01.422160,253,Very nice watch i gifted to my mom 🤩 its very awsome 🙏 thank you for giving nice servive fire bolt,POSITIVE,0.9997,5.0,False,2026-09-17 07:03:27.273356
254,Fire-Boltt Hurricane 2026,Fire-Boltt,5.0,Super!,Rahul Kumar,Osm smartwatch,2026-09-17 07:02:01.422160,254,Osm smartwatch,NEGATIVE,0.9648,5.0,True,2026-09-17 07:03:27.273356
255,Fire-Boltt Hurricane 2026,Fire-Boltt,5.0,Simply awesome,Penubaku Ravi,Looks premium,2026-09-17 07:02:01.422160,255,Looks premium,POSITIVE,0.9983,5.0,False,2026-09-17 07:03:27.273356
256,Fire-Boltt Hurricane 2026,Fire-Boltt,5.0,Perfect product!,Akash Das,Very good product..,2026-09-17 07:02:01.422160,256,Very good product..,POSITIVE,0.9999,5.0,False,2026-09-17 07:03:27.273356
257,Fire-Boltt Hurricane 2026,Fire-Boltt,5.0,Brilliant,Amar nath,Good product,2026-09-17 07:02:01.422160,257,Good product,POSITIVE,0.9999,5.0,False,2026-09-17 07:03:27.273356
258,Fire-Boltt Hurricane 2026,Fire-Boltt,5.0,Great product,sashi prava  Das,Very good,2026-09-17 07:02:01.422160,258,Very good,POSITIVE,0.9999,5.0,False,2026-09-17 07:03:27.273356
259,Fire-Boltt Hurricane 2026,Fire-Boltt,5.0,Perfect product!,Tapan  Das,"Very nice product,if you find something different watch and your budget is low so you buy this product Good manufactured by firebolt.",2026-09-17 07:02:01.422160,259,"Very nice product,if you find something different watch and your budget is low so you buy this product Good manufactured by firebolt.",POSITIVE,0.9949,5.0,False,2026-09-17 07:03:27.273356
260,Fire-Boltt Hurricane 2026,Fire-Boltt,3.0,Fair,Jose Thomas,"On 2 days of usage product feel good. Design is excellent.Bit bigger for small hands. Quality of product Is good.Big Doubt on step count, BPM, SPO2 values. Value for money",2026-09-17 07:02:01.422160,260,"On 2 days of usage product feel good. Design is excellent.Bit bigger for small hands. Quality of product Is good.Big Doubt on step count, BPM, SPO2 values. Value for money",POSITIVE,0.9996,3.0,False,2026-09-17 07:03:27.273356
261,Fire-Boltt Hurricane 2026,Fire-Boltt,4.0,Worth the money,Flipkart Customer,The product seem to be very premium. It's look and design is very nice.It is light weight and band quality is really good.Its touch is really nice and features are easy to understand.But the thing is ...,2026-09-17 07:02:01.422160,261,The product seem to be very premium. It's look and design is very nice.It is light weight and band quality is really good.Its touch is really nice and features are easy to understand.But the thing is ...,POSITIVE,0.9999,4.0,False,2026-09-17 07:03:27.273356
262,Fire-Boltt Hurricane 2026,Fire-Boltt,5.0,Classy product,Praful Dwivedi,"A mind-blowing purchase I guess.All the features are working properly,and fitness tracker was 95%accurate So I issue there as well.The accuracy of heart rate and spo2 was also 95% accurate.Customizabl...",2026-09-17 07:02:01.422160,262,"A mind-blowing purchase I guess.All the features are working properly,and fitness tracker was 95%accurate So I issue there as well.The accuracy of heart rate and spo2 was also 95% accurate.Customizabl...",POSITIVE,0.9978,5.0,False,2026-09-17 07:03:27.273356
263,Fire-Boltt Hurricane 2026,Fire-Boltt,5.0,Mind-blowing purchase,Atanu Mukherjee,"I really love this product because in this price segment the watch is looking so premium, feature also good. I request to the fire boltt company to please increase more watch faces in this product.",2026-09-17 07:02:01.422160,263,"I really love this product because in this price segment the watch is looking so premium, feature also good. I request to the fire boltt company to please increase more watch faces in this product.",POSITIVE,0.9992,5.0,False,2026-09-17 07:03:27.273356
264,Fire-Boltt Hurricane 2026,Fire-Boltt,5.0,Fabulous!,TANU RANA,Nice smartwatch from fire bolt,2026-09-17 07:02:01.422160,264,Nice smartwatch from fire bolt,POSITIVE,0.999,5.0,False,2026-09-17 07:03:27.273356
265,Fire-Boltt Hurricane 2026,Fire-Boltt,5.0,Mind-blowing purchase,Shaesta  Parween,Using it From 10 day good Battery life good features and it's working well,2026-09-17 07:02:01.422160,265,Using it From 10 day good Battery life good features and it's working well,POSITIVE,0.9998,5.0,False,2026-09-17 07:03:27.273356
266,Fire-Boltt Hurricane 2026,Fire-Boltt,5.0,Best in the market!,Flipkart Customer,Awesome,2026-09-17 07:02:01.422160,266,Awesome,POSITIVE,0.9999,5.0,False,2026-09-17 07:03:27.273356
267,Fire-Boltt Hurricane 2026,Fire-Boltt,4.0,Value-for-money,Riya Customer,Same as shown in the picture..... Working well.... Features are good.... Go for it!,2026-09-17 07:02:01.422160,267,Same as shown in the picture..... Working well.... Features are good.... Go for it!,POSITIVE,0.9998,4.0,False,2026-09-17 07:03:27.273356
268,Fire-Boltt Hurricane 2026,Fire-Boltt,4.0,Delightful,Flipkart Customer,It's looking totally attractive but display and battery average.,2026-09-17 07:02:01.422160,268,It's looking totally attractive but display and battery average.,NEGATIVE,0.9634,4.0,True,2026-09-17 07:03:27.273356
269,Fire-Boltt Hurricane 2026,Fire-Boltt,4.0,Good quality product,Rohit Kumar,Immersive looks Decent activities tracker Average battery backup Value for money 💰 Cheapest round dial in the price segment,2026-09-17 07:02:01.422160,269,Immersive looks Decent activities tracker Average battery backup Value for money 💰 Cheapest round dial in the price segment,POSITIVE,0.9808,4.0,False,2026-09-17 07:03:27.273356
270,Fire-Boltt Hurricane 2026,Fire-Boltt,4.0,Value-for-money,Shrikant Rajput,Looking good..nice smart watch ⌚ in this price,2026-09-17 07:02:01.422160,270,Looking good..nice smart watch ⌚ in this price,POSITIVE,0.9998,4.0,False,2026-09-17 07:03:27.273356
271,Fire-Boltt Hurricane 2026,Fire-Boltt,5.0,Super!,Satyam,I Just Loved this and it is best in Budget and Gives a premium look.,2026-09-17 07:02:01.422160,271,I Just Loved this and it is best in Budget and Gives a premium look.,POSITIVE,0.9999,5.0,False,2026-09-17 07:03:27.273356
272,Fire-Boltt Hurricane 2026,Fire-Boltt,5.0,Super!,Flipkart Customer,The watch is value for money watch is awesome,2026-09-17 07:02:01.422160,272,The watch is value for money watch is awesome,POSITIVE,0.9998,5.0,False,2026-09-17 07:03:27.273356
273,Fire-Boltt Hurricane 2026,Fire-Boltt,4.0,Value-for-money,Flipkart Customer,Nice,2026-09-17 07:02:01.422160,273,Nice,POSITIVE,0.9999,4.0,False,2026-09-17 07:03:27.273356
274,Fire-Boltt Hurricane 2026,Fire-Boltt,5.0,Mind-blowing purchase,Naveen Kumar,The watch is fine. Less weight and good battery backup but features are very low Kindly provide a calculator in this watch,2026-09-17 07:02:01.422160,274,The watch is fine. Less weight and good battery backup but features are very low Kindly provide a calculator in this watch,NEGATIVE,0.9619,5.0,True,2026-09-17 07:03:27.273356
275,Fire-Boltt Hurricane 2026,Fire-Boltt,5.0,Wonderful,Birendar Kumar,Very nice watch value for money with awesome looks thanks firebolt for this budget friendly and premium watch for us,2026-09-17 07:02:01.422160,275,Very nice watch value for money with awesome looks thanks firebolt for this budget friendly and premium watch for us,POSITIVE,0.9998,5.0,False,2026-09-17 07:03:27.273356
276,Fire-Boltt Hurricane 2026,Fire-Boltt,5.0,Brilliant,Rahul gupta,Paisa Vasool product,2026-09-17 07:02:01.422160,276,Paisa Vasool product,NEGATIVE,0.9771,5.0,True,2026-09-17 07:03:27.273356
277,Fire-Boltt Hurricane 2026,Fire-Boltt,5.0,Perfect product!,Pooja Meghraj,Loved it😍😍,2026-09-17 07:02:01.422160,277,Loved it😍😍,POSITIVE,0.9998,5.0,False,2026-09-17 07:03:27.273356
278,Fire-Boltt Hurricane 2026,Fire-Boltt,5.0,Just wow!,Shruthi N,It looks awesome . I love it . Classy,2026-09-17 07:02:01.422160,278,It looks awesome . I love it . Classy,POSITIVE,0.9999,5.0,False,2026-09-17 07:03:27.273356
279,Fire-Boltt Hurricane 2026,Fire-Boltt,4.0,Really Nice,Bhargav Mahali,"My Product Review after a week of using, I can say this product is worth buying at the price. Apart from the tracking features like heart rate and spo2, the sports activities are pretty fine for me. ...",2026-09-17 07:02:01.422160,279,"My Product Review after a week of using, I can say this product is worth buying at the price. Apart from the tracking features like heart rate and spo2, the sports activities are pretty fine for me. ...",POSITIVE,0.9997,4.0,False,2026-09-17 07:03:27.273356
280,Fire-Boltt Hurricane 2026,Fire-Boltt,5.0,Just wow!,Sivaram Mannava,Nice product,2026-09-17 07:02:01.422160,280,Nice product,POSITIVE,0.9999,5.0,False,2026-09-17 07:03:27.273356
281,Fire-Boltt Hurricane 2026,Fire-Boltt,5.0,Highly recommended,Sayan Das,Amazing Watch,2026-09-17 07:02:01.422160,281,Amazing Watch,POSITIVE,0.9999,5.0,False,2026-09-17 07:03:27.273356
282,Fire-Boltt Hurricane 2026,Fire-Boltt,5.0,Excellent,Flipkart Customer,The Fire Bolt Hurricane Smartwatch has surpassed my expectations in both style and functionality. Its sleek design and premium craftsmanship make it a fashionable accessory for any occasion. The intui...,2026-09-17 07:02:01.422160,282,The Fire Bolt Hurricane Smartwatch has surpassed my expectations in both style and functionality. Its sleek design and premium craftsmanship make it a fashionable accessory for any occasion. The intui...,POSITIVE,0.9997,5.0,False,2026-09-17 07:03:27.273356
283,Fire-Boltt Hurricane 2026,Fire-Boltt,5.0,Perfect product!,Harsh  Jha,It is a fantastic product and the display of this watch is also very good.i like the exercise mode and the brightness.,2026-09-17 07:02:01.422160,283,It is a fantastic product and the display of this watch is also very good.i like the exercise mode and the brightness.,POSITIVE,0.9999,5.0,False,2026-09-17 07:03:27.273356
284,Fire-Boltt Hurricane 2026,Fire-Boltt,5.0,Delightful,Arpan  Das,So good ☺️,2026-09-17 07:02:01.422160,284,So good ☺️,POSITIVE,0.9999,5.0,False,2026-09-17 07:03:27.273356
285,Fire-Boltt Hurricane 2026,Fire-Boltt,5.0,Best in the market!,Siddharth singh,Nice watch....,2026-09-17 07:02:01.422160,285,Nice watch....,POSITIVE,0.9998,5.0,False,2026-09-17 07:03:27.273356
286,Fire-Boltt Hurricane 2026,Fire-Boltt,5.0,Wonderful,Flipkart Customer,Nice stylish watch with reasonable price and I changed my strap.,2026-09-17 07:02:01.422160,286,Nice stylish watch with reasonable price and I changed my strap.,POSITIVE,0.9972,5.0,False,2026-09-17 07:03:27.273356
287,Fire-Boltt Hurricane 2026,Fire-Boltt,5.0,Just wow!,Dr.Abilash Prabhu Raj M K,Good Watch. Especially Design is Good. Display is Good. Value for Money.,2026-09-17 07:02:01.422160,287,Good Watch. Especially Design is Good. Display is Good. Value for Money.,POSITIVE,0.9998,5.0,False,2026-09-17 07:03:27.273356
288,Fire-Boltt Hurricane 2026,Fire-Boltt,4.0,Very Good,Avinash  Kumar,Amazing product,2026-09-17 07:02:01.422160,288,Amazing product,POSITIVE,0.9999,4.0,False,2026-09-17 07:03:27.273356
289,Fire-Boltt Hurricane 2026,Fire-Boltt,4.0,Delightful,Sunil Kundu,Nice,2026-09-17 07:02:01.422160,289,Nice,POSITIVE,0.9999,4.0,False,2026-09-17 07:03:27.273356
290,Fire-Boltt Hurricane 2026,Fire-Boltt,5.0,Best in the market!,Salima Nazim,It's very comfortable...nice product. Worth for the money,2026-09-17 07:02:01.422160,290,It's very comfortable...nice product. Worth for the money,POSITIVE,0.9999,5.0,False,2026-09-17 07:03:27.273356
291,Fire-Boltt Hurricane 2026,Fire-Boltt,5.0,Wonderful,Deepak  Sourya,Value for money 🤑,2026-09-17 07:02:01.422160,291,Value for money 🤑,POSITIVE,0.9091,5.0,False,2026-09-17 07:03:27.273356
292,Fire-Boltt Hurricane 2026,Fire-Boltt,5.0,Simply awesome,BANURI SAI,"Simple & superb, nice looking, battery backup upto 5 days with Bluetooth connectivity overall superb product",2026-09-17 07:02:01.422160,292,"Simple & superb, nice looking, battery backup upto 5 days with Bluetooth connectivity overall superb product",POSITIVE,0.9994,5.0,False,2026-09-17 07:03:27.273356
293,Fire-Boltt Hurricane 2026,Fire-Boltt,5.0,Wonderful,Dipjyoti Borah,Nice,2026-09-17 07:02:01.422160,293,Nice,POSITIVE,0.9999,5.0,False,2026-09-17 07:03:27.273356
294,Fire-Boltt Hurricane 2026,Fire-Boltt,5.0,Fabulous!,subham  verma,Really good product..value for money 👌,2026-09-17 07:02:01.422160,294,Really good product..value for money 👌,POSITIVE,0.9998,5.0,False,2026-09-17 07:03:27.273356
295,Fire-Boltt Hurricane 2026,Fire-Boltt,5.0,Classy product,Debajit Saikia,Nice watch' nice looks!!,2026-09-17 07:02:01.422160,295,Nice watch' nice looks!!,POSITIVE,0.9999,5.0,False,2026-09-17 07:03:27.273356
296,Fire-Boltt Hurricane 2026,Fire-Boltt,5.0,Worth every penny,Avinash R,Good item... Value of money,2026-09-17 07:02:01.422160,296,Good item... Value of money,POSITIVE,0.9999,5.0,False,2026-09-17 07:03:27.273356
297,Fire-Boltt Hurricane 2026,Fire-Boltt,5.0,Brilliant,Dhruv  Sethi,Nyc,2026-09-17 07:02:01.422160,297,Nyc,POSITIVE,0.9977,5.0,False,2026-09-17 07:03:27.273356
298,Fire-Boltt Hurricane 2026,Fire-Boltt,4.0,Very Good,Flipkart Customer,Really osmm product... I'm using it about a month...really nice product,2026-09-17 07:02:01.422160,298,Really osmm product... I'm using it about a month...really nice product,POSITIVE,0.9976,4.0,False,2026-09-17 07:03:27.273356
299,Fire-Boltt Hurricane 2026,Fire-Boltt,4.0,Value-for-money,Keerthana  Karthick,Battery backup is good 👍 Outlook as awesome 👍 Worth for money 🙂,2026-09-17 07:02:01.422160,299,Battery backup is good 👍 Outlook as awesome 👍 Worth for money 🙂,POSITIVE,0.9982,4.0,False,2026-09-17 07:03:27.273356
300,Fire-Boltt Hurricane 2026,Fire-Boltt,4.0,Good quality product,Flipkart Customer,Good product 👍👍👍👍,2026-09-17 07:02:01.422160,300,Good product 👍👍👍👍,POSITIVE,0.9998,4.0,False,2026-09-17 07:03:27.273356
301,Fire-Boltt Hurricane 2026,Fire-Boltt,4.0,Pretty good,Ashish kumar,"Worth it product, Good quality in this price range. Affordable premium products But tracking activity not accurate.",2026-09-17 07:02:01.422160,301,"Worth it product, Good quality in this price range. Affordable premium products But tracking activity not accurate.",NEGATIVE,0.9891,4.0,True,2026-09-17 07:03:27.273356
302,Fire-Boltt Hurricane 2026,Fire-Boltt,4.0,Nice product,Vishal  Kumar,Watch is good under this budget... But his heart tracking was not working properly...overall watch is good under 2k,2026-09-17 07:02:01.422160,302,Watch is good under this budget... But his heart tracking was not working properly...overall watch is good under 2k,POSITIVE,0.7922,4.0,False,2026-09-17 07:03:27.273356
677,boAt Wave Fury,boAt,5.0,Excellent,Ashutosh Monu,Good product,2026-09-17 07:02:01.422160,677,Good product,POSITIVE,0.9999,5.0,False,2026-09-17 07:03:27.273356
303,Fire-Boltt Hurricane 2026,Fire-Boltt,4.0,Very Good,Flipkart Customer,Good product as well as function are impressive.,2026-09-17 07:02:01.422160,303,Good product as well as function are impressive.,POSITIVE,0.9999,4.0,False,2026-09-17 07:03:27.273356
304,Fire-Boltt Hurricane 2026,Fire-Boltt,4.0,Worth the money,Flipkart Customer,I love the watch very much 🤩,2026-09-17 07:02:01.422160,304,I love the watch very much 🤩,POSITIVE,0.9998,4.0,False,2026-09-17 07:03:27.273356
305,Fire-Boltt Hurricane 2026,Fire-Boltt,4.0,Good choice,Shakshi  Sharnam pallu,Very good,2026-09-17 07:02:01.422160,305,Very good,POSITIVE,0.9999,4.0,False,2026-09-17 07:03:27.273356
306,Fire-Boltt Hurricane 2026,Fire-Boltt,5.0,Excellent,Vishal Somasani,Superr,2026-09-17 07:02:01.422160,306,Superr,POSITIVE,0.9963,5.0,False,2026-09-17 07:03:27.273356
307,Fire-Boltt Hurricane 2026,Fire-Boltt,5.0,Brilliant,Divya Shakti,Very nice watch at this price range,2026-09-17 07:02:01.422160,307,Very nice watch at this price range,POSITIVE,0.9998,5.0,False,2026-09-17 07:03:27.273356
308,Fire-Boltt Hurricane 2026,Fire-Boltt,3.0,Good,Waseem Shaikh,Battery Backup Problem hai Only 2 days Please give SOFTWARE Update And Fix It.and Step count are So bad.,2026-09-17 07:02:01.422160,308,Battery Backup Problem hai Only 2 days Please give SOFTWARE Update And Fix It.and Step count are So bad.,NEGATIVE,0.9997,3.0,False,2026-09-17 07:03:27.273356
309,Fire-Boltt Hurricane 2026,Fire-Boltt,5.0,Brilliant,Aatif Akhtar,Good product 👍,2026-09-17 07:02:01.422160,309,Good product 👍,POSITIVE,0.9998,5.0,False,2026-09-17 07:03:27.273356
310,Fire-Boltt Hurricane 2026,Fire-Boltt,3.0,Does the job,mukesh burdak,Good.,2026-09-17 07:02:01.422160,310,Good.,POSITIVE,0.9998,3.0,False,2026-09-17 07:03:27.273356
311,Fire-Boltt Hurricane 2026,Fire-Boltt,5.0,Highly recommended,Narsingh Customer,"It's display, battery backup and design are very good . You only see notice of phone calls and massage you can not dail and type any massage",2026-09-17 07:02:01.422160,311,"It's display, battery backup and design are very good . You only see notice of phone calls and massage you can not dail and type any massage",POSITIVE,0.9993,5.0,False,2026-09-17 07:03:27.273356
312,Fire-Boltt Hurricane 2026,Fire-Boltt,5.0,Classy product,Subhajit Bose,This is a nice product. Nice display & no problem with the outdoor condition. Heart rate and spo2 accurateness it's good. Overall product is nice. You guy's go for it to buy this product. Thank you.,2026-09-17 07:02:01.422160,312,This is a nice product. Nice display & no problem with the outdoor condition. Heart rate and spo2 accurateness it's good. Overall product is nice. You guy's go for it to buy this product. Thank you.,POSITIVE,0.9999,5.0,False,2026-09-17 07:03:27.273356
313,Fire-Boltt Hurricane 2026,Fire-Boltt,5.0,Highly recommended,Flipkart Customer,Good and Stylish,2026-09-17 07:02:01.422160,313,Good and Stylish,POSITIVE,0.9999,5.0,False,2026-09-17 07:03:27.273356
314,Fire-Boltt Hurricane 2026,Fire-Boltt,4.0,Delightful,Flipkart Customer,Good..after ordering the product of 2 days. Price of product was reduced,2026-09-17 07:02:01.422160,314,Good..after ordering the product of 2 days. Price of product was reduced,POSITIVE,0.5533,4.0,False,2026-09-17 07:03:27.273356
315,Fire-Boltt Hurricane 2026,Fire-Boltt,4.0,Wonderful,Kiran Badarshahi,This is a very nice product and it is under budget.,2026-09-17 07:02:01.422160,315,This is a very nice product and it is under budget.,POSITIVE,0.8746,4.0,False,2026-09-17 07:03:27.273356
316,Fire-Boltt Hurricane 2026,Fire-Boltt,5.0,Awesome,Nihal Pandit,"The fireboltt hurricane is a game-changer in wearable tech. Its sleek design, outstanding performance, and impressive battery life make it a standout choice,battery backup upto 7days for one time char...",2026-09-17 07:02:01.422160,316,"The fireboltt hurricane is a game-changer in wearable tech. Its sleek design, outstanding performance, and impressive battery life make it a standout choice,battery backup upto 7days for one time char...",POSITIVE,0.9995,5.0,False,2026-09-17 07:03:27.273356
317,Fire-Boltt Hurricane 2026,Fire-Boltt,4.0,Value-for-money,Flipkart Customer,Great but still need to be better LCD display Average display Normal battery health But good strap Great,2026-09-17 07:02:01.422160,317,Great but still need to be better LCD display Average display Normal battery health But good strap Great,POSITIVE,0.9989,4.0,False,2026-09-17 07:03:27.273356
318,Fire-Boltt Hurricane 2026,Fire-Boltt,4.0,Really Nice,Abhijit  Sarkar,1/design and wheel quality is awesome 2/ battery backup is decent 3/ value for money..,2026-09-17 07:02:01.422160,318,1/design and wheel quality is awesome 2/ battery backup is decent 3/ value for money..,POSITIVE,0.9986,4.0,False,2026-09-17 07:03:27.273356
319,Fire-Boltt Hurricane 2026,Fire-Boltt,5.0,Must buy!,Flipkart Customer,Nice watch at this price range providing matel body and ip63 water resistant I happy this product😀😄,2026-09-17 07:02:01.422160,319,Nice watch at this price range providing matel body and ip63 water resistant I happy this product😀😄,POSITIVE,0.9985,5.0,False,2026-09-17 07:03:27.273356
320,Fire-Boltt Hurricane 2026,Fire-Boltt,4.0,Value-for-money,Rohit Jha,Used it for two days. Facing issues with rise to wake feature and also the magnets in its charging cable isn't powerful enough to hold it. Overall value for money,2026-09-17 07:02:01.422160,320,Used it for two days. Facing issues with rise to wake feature and also the magnets in its charging cable isn't powerful enough to hold it. Overall value for money,NEGATIVE,0.9995,4.0,True,2026-09-17 07:03:27.273356
321,Fire-Boltt Hurricane 2026,Fire-Boltt,5.0,Great product,Devanath K,Amazing product.i like the watch,2026-09-17 07:02:01.422160,321,Amazing product.i like the watch,POSITIVE,0.9999,5.0,False,2026-09-17 07:03:27.273356
322,Fire-Boltt Hurricane 2026,Fire-Boltt,5.0,Wonderful,Nilotpal Kar,It's a very nice product....I always wanted a watch like this... specifically of Fire boltt..thanks Fire boltt and Flipkart...,2026-09-17 07:02:01.422160,322,It's a very nice product....I always wanted a watch like this... specifically of Fire boltt..thanks Fire boltt and Flipkart...,POSITIVE,0.9998,5.0,False,2026-09-17 07:03:27.273356
323,Fire-Boltt Hurricane 2026,Fire-Boltt,5.0,Simply awesome,Varad Kalwane,Nice....!,2026-09-17 07:02:01.422160,323,Nice....!,POSITIVE,0.9999,5.0,False,2026-09-17 07:03:27.273356
324,Fire-Boltt Hurricane 2026,Fire-Boltt,5.0,Fabulous!,Ketan Gorvadiya,Nice watch,2026-09-17 07:02:01.422160,324,Nice watch,POSITIVE,0.9998,5.0,False,2026-09-17 07:03:27.273356
325,Fire-Boltt Hurricane 2026,Fire-Boltt,5.0,Must buy!,Deepanshu Rawat,Primium watch,2026-09-17 07:02:01.422160,325,Primium watch,POSITIVE,0.8942,5.0,False,2026-09-17 07:03:27.273356
326,Fire-Boltt Hurricane 2026,Fire-Boltt,5.0,Excellent,Tarun Borah,Owsom,2026-09-17 07:02:01.422160,326,Owsom,NEGATIVE,0.9472,5.0,True,2026-09-17 07:03:27.273356
327,Fire-Boltt Hurricane 2026,Fire-Boltt,5.0,Brilliant,Manmohan Kumar,Best,2026-09-17 07:02:01.422160,327,Best,POSITIVE,0.9998,5.0,False,2026-09-17 07:03:27.273356
328,Fire-Boltt Hurricane 2026,Fire-Boltt,5.0,Mind-blowing purchase,Jeena  Philip,Good,2026-09-17 07:02:01.422160,328,Good,POSITIVE,0.9998,5.0,False,2026-09-17 07:03:27.273356
329,Fire-Boltt Hurricane 2026,Fire-Boltt,5.0,Wonderful,dinesh lodhi,Good watch worth it ☺️,2026-09-17 07:02:01.422160,329,Good watch worth it ☺️,POSITIVE,0.9999,5.0,False,2026-09-17 07:03:27.273356
330,Fire-Boltt Hurricane 2026,Fire-Boltt,5.0,Great product,Rahul  Krishnan,Design is very impressive...This a value for money watch at this price range...,2026-09-17 07:02:01.422160,330,Design is very impressive...This a value for money watch at this price range...,POSITIVE,0.9998,5.0,False,2026-09-17 07:03:27.273356
331,Fire-Boltt Hurricane 2026,Fire-Boltt,5.0,Highly recommended,Ankit Kumar,Good product,2026-09-17 07:02:01.422160,331,Good product,POSITIVE,0.9999,5.0,False,2026-09-17 07:03:27.273356
332,Fire-Boltt Hurricane 2026,Fire-Boltt,5.0,Terrific,Omkar,Beautiful products,2026-09-17 07:02:01.422160,332,Beautiful products,POSITIVE,0.9999,5.0,False,2026-09-17 07:03:27.273356
333,Fire-Boltt Hurricane 2026,Fire-Boltt,5.0,Excellent,Aman Verma,This watch is good and the fitting is also good 👍👍🤠🤠 There is many exercise modes.,2026-09-17 07:02:01.422160,333,This watch is good and the fitting is also good 👍👍🤠🤠 There is many exercise modes.,POSITIVE,0.9993,5.0,False,2026-09-17 07:03:27.273356
334,Fire-Boltt Hurricane 2026,Fire-Boltt,5.0,Fabulous!,Rishu Kumar,Best in all. Value of money,2026-09-17 07:02:01.422160,334,Best in all. Value of money,POSITIVE,0.9998,5.0,False,2026-09-17 07:03:27.273356
335,Fire-Boltt Hurricane 2026,Fire-Boltt,5.0,Excellent,Meraj Ahmed,Most stylish smartwatch in this budget,2026-09-17 07:02:01.422160,335,Most stylish smartwatch in this budget,POSITIVE,0.9993,5.0,False,2026-09-17 07:03:27.273356
336,Fire-Boltt Hurricane 2026,Fire-Boltt,5.0,Great product,Flipkart Customer,Nice product beautiful product this is best quality of the product,2026-09-17 07:02:01.422160,336,Nice product beautiful product this is best quality of the product,POSITIVE,0.9998,5.0,False,2026-09-17 07:03:27.273356
337,Fire-Boltt Hurricane 2026,Fire-Boltt,5.0,Terrific,Pranav  Hajare,"Very nice smart watch round dial make it more beautiful. Display is good Health data is almost accurate Battery back, you guys don't believe after using 5 days i used battery saving mode and its gi...",2026-09-17 07:02:01.422160,337,"Very nice smart watch round dial make it more beautiful. Display is good Health data is almost accurate Battery back, you guys don't believe after using 5 days i used battery saving mode and its gi...",POSITIVE,0.9824,5.0,False,2026-09-17 07:03:27.273356
338,Fire-Boltt Hurricane 2026,Fire-Boltt,5.0,Fabulous!,Rishi Patel,Product is amazing,2026-09-17 07:02:01.422160,338,Product is amazing,POSITIVE,0.9999,5.0,False,2026-09-17 07:03:27.273356
339,Fire-Boltt Hurricane 2026,Fire-Boltt,5.0,Highly recommended,Flipkart Customer,Nice product,2026-09-17 07:02:01.422160,339,Nice product,POSITIVE,0.9999,5.0,False,2026-09-17 07:03:27.273356
340,Fire-Boltt Hurricane 2026,Fire-Boltt,5.0,Highly recommended,Flipkart Customer,My sister is very happy,2026-09-17 07:02:01.422160,340,My sister is very happy,POSITIVE,0.9999,5.0,False,2026-09-17 07:03:27.273356
341,Fire-Boltt Hurricane 2026,Fire-Boltt,5.0,Highly recommended,om  jati,Nice wach,2026-09-17 07:02:01.422160,341,Nice wach,POSITIVE,0.9996,5.0,False,2026-09-17 07:03:27.273356
342,Fire-Boltt Hurricane 2026,Fire-Boltt,5.0,Perfect product!,Vijay Singh,Very Nice Product,2026-09-17 07:02:01.422160,342,Very Nice Product,POSITIVE,0.9999,5.0,False,2026-09-17 07:03:27.273356
343,Fire-Boltt Hurricane 2026,Fire-Boltt,5.0,Terrific,Sonalika Sonu,Beautiful watch,2026-09-17 07:02:01.422160,343,Beautiful watch,POSITIVE,0.9999,5.0,False,2026-09-17 07:03:27.273356
344,Fire-Boltt Hurricane 2026,Fire-Boltt,3.0,Decent product,Flipkart Customer,This product is awesome........ But battery backup is good.......but it has good screen quality..... And its power button is slow....,2026-09-17 07:02:01.422160,344,This product is awesome........ But battery backup is good.......but it has good screen quality..... And its power button is slow....,NEGATIVE,0.9441,3.0,False,2026-09-17 07:03:27.273356
345,Fire-Boltt Hurricane 2026,Fire-Boltt,2.0,Could be way better,Ankit Kumar,"I am sorry to say that this watch is not good for ACTIVE TRACKING OR spo2 monitoraing . The sensor of this watch even tracks non-living things like chir,wall,wood etc. Also it consumes much more batte...",2026-09-17 07:02:01.422160,345,"I am sorry to say that this watch is not good for ACTIVE TRACKING OR spo2 monitoraing . The sensor of this watch even tracks non-living things like chir,wall,wood etc. Also it consumes much more batte...",NEGATIVE,0.9982,2.0,False,2026-09-17 07:03:27.273356
346,Fire-Boltt Hurricane 2026,Fire-Boltt,4.0,Wonderful,Harish Vernekar,The curved display looks impressive and the dial size is perfect on my wrist. Display quality is good and response touch is better. Cons: Charging speed is bit slow otherwise overall features are quit...,2026-09-17 07:02:01.422160,346,The curved display looks impressive and the dial size is perfect on my wrist. Display quality is good and response touch is better. Cons: Charging speed is bit slow otherwise overall features are quit...,NEGATIVE,0.8497,4.0,False,2026-09-17 07:03:27.273356
347,Fire-Boltt Hurricane 2026,Fire-Boltt,4.0,Good quality product,Sss 96,Good looking,2026-09-17 07:02:01.422160,347,Good looking,POSITIVE,0.9998,4.0,False,2026-09-17 07:03:27.273356
348,Fire-Boltt Hurricane 2026,Fire-Boltt,4.0,Good quality product,Arpit Agrawal,Xceelent Fire bolt hurricane amazing 😍 xceelent watch all functions 5 star watch 🔥,2026-09-17 07:02:01.422160,348,Xceelent Fire bolt hurricane amazing 😍 xceelent watch all functions 5 star watch 🔥,POSITIVE,0.9883,4.0,False,2026-09-17 07:03:27.273356
349,Fire-Boltt Hurricane 2026,Fire-Boltt,3.0,Nice,Flipkart Customer,Battery drains fast and also when the watch is not working.. Display is good .. Activity tracking is good 👍.,2026-09-17 07:02:01.422160,349,Battery drains fast and also when the watch is not working.. Display is good .. Activity tracking is good 👍.,POSITIVE,0.8069,3.0,False,2026-09-17 07:03:27.273356
350,Fire-Boltt Hurricane 2026,Fire-Boltt,3.0,Does the job,Flipkart Customer,"Not a bad watch,",2026-09-17 07:02:01.422160,350,"Not a bad watch,",POSITIVE,0.9984,3.0,False,2026-09-17 07:03:27.273356
351,Fire-Boltt Hurricane 2026,Fire-Boltt,5.0,Simply awesome,Sharan  M,Good product,2026-09-17 07:02:01.422160,351,Good product,POSITIVE,0.9999,5.0,False,2026-09-17 07:03:27.273356
352,Fire-Boltt Hurricane 2026,Fire-Boltt,5.0,Best in the market!,Flipkart Customer,Very comfortable to use and easy to access must buy,2026-09-17 07:02:01.422160,352,Very comfortable to use and easy to access must buy,POSITIVE,0.9997,5.0,False,2026-09-17 07:03:27.273356
353,Fire-Boltt Hurricane 2026,Fire-Boltt,5.0,Best in the market!,Flipkart Customer,Nice.......,2026-09-17 07:02:01.422160,353,Nice.......,POSITIVE,0.9998,5.0,False,2026-09-17 07:03:27.273356
354,Fire-Boltt Hurricane 2026,Fire-Boltt,4.0,Delightful,Razz Kr,Super quility watch ☺️ but no call response future 😃,2026-09-17 07:02:01.422160,354,Super quility watch ☺️ but no call response future 😃,NEGATIVE,0.9874,4.0,True,2026-09-17 07:03:27.273356
355,Fire-Boltt Hurricane 2026,Fire-Boltt,4.0,Good choice,Vaishnav P,Look wise gud Step tracking is waste simply Over all value for product item,2026-09-17 07:02:01.422160,355,Look wise gud Step tracking is waste simply Over all value for product item,NEGATIVE,0.9997,4.0,True,2026-09-17 07:03:27.273356
356,Fire-Boltt Hurricane 2026,Fire-Boltt,3.0,Does the job,Flipkart Customer,Nice,2026-09-17 07:02:01.422160,356,Nice,POSITIVE,0.9999,3.0,False,2026-09-17 07:03:27.273356
357,Fire-Boltt Hurricane 2026,Fire-Boltt,3.0,Decent product,Jaswant Bhartiya,"Calling facility not available and only vibration function available , virat 💙🤗",2026-09-17 07:02:01.422160,357,"Calling facility not available and only vibration function available , virat 💙🤗",NEGATIVE,0.9981,3.0,False,2026-09-17 07:03:27.273356
358,Fire-Boltt Hurricane 2026,Fire-Boltt,5.0,Great product,Flipkart Customer,Good product I like this,2026-09-17 07:02:01.422160,358,Good product I like this,POSITIVE,0.9999,5.0,False,2026-09-17 07:03:27.273356
359,Fire-Boltt Hurricane 2026,Fire-Boltt,4.0,Worth the money,Shubham Kashyap,Awesome product and design look is very fantastic.,2026-09-17 07:02:01.422160,359,Awesome product and design look is very fantastic.,POSITIVE,0.9999,4.0,False,2026-09-17 07:03:27.273356
360,Fire-Boltt Hurricane 2026,Fire-Boltt,4.0,Terrific purchase,Flipkart Customer,I Like This Product?😎❤️,2026-09-17 07:02:01.422160,360,I Like This Product?😎❤️,POSITIVE,0.9975,4.0,False,2026-09-17 07:03:27.273356
361,Fire-Boltt Hurricane 2026,Fire-Boltt,4.0,Wonderful,Flipkart Customer,"Decent product at this price, not that fancy but value for money if your purpose is activity tracking",2026-09-17 07:02:01.422160,361,"Decent product at this price, not that fancy but value for money if your purpose is activity tracking",POSITIVE,0.9973,4.0,False,2026-09-17 07:03:27.273356
362,Fire-Boltt Hurricane 2026,Fire-Boltt,4.0,Delightful,Shyamrao Ashtagi,Awesome watch,2026-09-17 07:02:01.422160,362,Awesome watch,POSITIVE,0.9999,4.0,False,2026-09-17 07:03:27.273356
363,Fire-Boltt Hurricane 2026,Fire-Boltt,4.0,Pretty good,Flipkart Customer,"Just i love the product,it is awesome 👍",2026-09-17 07:02:01.422160,363,"Just i love the product,it is awesome 👍",POSITIVE,0.9999,4.0,False,2026-09-17 07:03:27.273356
364,Fire-Boltt Rise Force,Fire-Boltt,4.0,Good choice,Sk Riyasat Riyasat,Nice,2026-09-17 07:02:01.422160,364,Nice,POSITIVE,0.9999,4.0,False,2026-09-17 07:03:27.273356
365,Fire-Boltt Rise Force,Fire-Boltt,4.0,Really Nice,Adv Sachin  Chavan,Nice best good quality very very nice values for money easy installation for watch nice very good products.,2026-09-17 07:02:01.422160,365,Nice best good quality very very nice values for money easy installation for watch nice very good products.,POSITIVE,0.9997,4.0,False,2026-09-17 07:03:27.273356
366,Fire-Boltt Rise Force,Fire-Boltt,5.0,Mind-blowing purchase,Arun  Anni,Super product 🤩I'm really happy 🥰❤️Watch out looking is awesome ❤️ please buy this product guys 😉,2026-09-17 07:02:01.422160,366,Super product 🤩I'm really happy 🥰❤️Watch out looking is awesome ❤️ please buy this product guys 😉,POSITIVE,0.9994,5.0,False,2026-09-17 07:03:27.273356
367,Fire-Boltt Rise Force,Fire-Boltt,4.0,Nice product,Jaya Prakash,Very good,2026-09-17 07:02:01.422160,367,Very good,POSITIVE,0.9999,4.0,False,2026-09-17 07:03:27.273356
368,Fire-Boltt Rise Force,Fire-Boltt,5.0,Perfect product!,Toufik Chowdhury,Good product 😄,2026-09-17 07:02:01.422160,368,Good product 😄,POSITIVE,0.9998,5.0,False,2026-09-17 07:03:27.273356
369,Fire-Boltt Rise Force,Fire-Boltt,5.0,Mind-blowing purchase,Rachit Katiyar,Such a good product from fire boltt. Truly a value for money in this price range with great feature ❤. I am suggesting that you should buy this watch with amazing features. Very Happy to buy this a...,2026-09-17 07:02:01.422160,369,Such a good product from fire boltt. Truly a value for money in this price range with great feature ❤. I am suggesting that you should buy this watch with amazing features. Very Happy to buy this a...,POSITIVE,0.9998,5.0,False,2026-09-17 07:03:27.273356
370,Fire-Boltt Rise Force,Fire-Boltt,5.0,Great product,Flipkart Customer,Very good product Very attractive watch Many features,2026-09-17 07:02:01.422160,370,Very good product Very attractive watch Many features,POSITIVE,0.9999,5.0,False,2026-09-17 07:03:27.273356
371,Fire-Boltt Rise Force,Fire-Boltt,5.0,Mind-blowing purchase,Flipkart Customer,Nice product value for money ☺️☺️,2026-09-17 07:02:01.422160,371,Nice product value for money ☺️☺️,POSITIVE,0.9996,5.0,False,2026-09-17 07:03:27.273356
372,Fire-Boltt Rise Force,Fire-Boltt,5.0,Mind-blowing purchase,Prashant Kumar,This is my first smartwatch and I like it ❤️,2026-09-17 07:02:01.422160,372,This is my first smartwatch and I like it ❤️,POSITIVE,0.999,5.0,False,2026-09-17 07:03:27.273356
373,Fire-Boltt Rise Force,Fire-Boltt,5.0,Brilliant,Gautam  Kumar,I love this best smart watch 🥰 Cheap and best quality,2026-09-17 07:02:01.422160,373,I love this best smart watch 🥰 Cheap and best quality,POSITIVE,0.9998,5.0,False,2026-09-17 07:03:27.273356
374,Fire-Boltt Rise Force,Fire-Boltt,4.0,Delightful,Flipkart Customer,Good product ❤️🔥,2026-09-17 07:02:01.422160,374,Good product ❤️🔥,POSITIVE,0.9998,4.0,False,2026-09-17 07:03:27.273356
375,Fire-Boltt Rise Force,Fire-Boltt,4.0,Delightful,Pradeep Kumar,Its nice,2026-09-17 07:02:01.422160,375,Its nice,POSITIVE,0.9999,4.0,False,2026-09-17 07:03:27.273356
376,Fire-Boltt Rise Force,Fire-Boltt,5.0,Just wow!,Flipkart Customer,"I liked this watch, it is soo beautiful and a very good product",2026-09-17 07:02:01.422160,376,"I liked this watch, it is soo beautiful and a very good product",POSITIVE,0.9999,5.0,False,2026-09-17 07:03:27.273356
377,Fire-Boltt Rise Force,Fire-Boltt,5.0,Awesome,Pranit Parate,The strap could be better otherwise it's a good choice,2026-09-17 07:02:01.422160,377,The strap could be better otherwise it's a good choice,NEGATIVE,0.6635,5.0,False,2026-09-17 07:03:27.273356
378,Fire-Boltt Rise Force,Fire-Boltt,5.0,Must buy!,Alka Barnwal,Very Good Watch I loved it but it's raise to wake is slow but the watch feature is very brilliant,2026-09-17 07:02:01.422160,378,Very Good Watch I loved it but it's raise to wake is slow but the watch feature is very brilliant,POSITIVE,0.9998,5.0,False,2026-09-17 07:03:27.273356
379,Fire-Boltt Rise Force,Fire-Boltt,5.0,Fabulous!,Suresh Gadi,The product is very good and easy to use and is worthy to buy the product at that price...,2026-09-17 07:02:01.422160,379,The product is very good and easy to use and is worthy to buy the product at that price...,POSITIVE,0.9999,5.0,False,2026-09-17 07:03:27.273356
380,Fire-Boltt Rise Force,Fire-Boltt,5.0,Super!,Harsh Singh,"The product is very nice, And I like most the audio quality and microphone, and the shining colour of watch skin is not so looking cool if it does in Matty finish then it looks pretty cool and on thi...",2026-09-17 07:02:01.422160,380,"The product is very nice, And I like most the audio quality and microphone, and the shining colour of watch skin is not so looking cool if it does in Matty finish then it looks pretty cool and on thi...",POSITIVE,0.9945,5.0,False,2026-09-17 07:03:27.273356
381,Fire-Boltt Rise Force,Fire-Boltt,5.0,Highly recommended,Yoges Customer,This smartwatch was simply awesome,2026-09-17 07:02:01.422160,381,This smartwatch was simply awesome,POSITIVE,0.9999,5.0,False,2026-09-17 07:03:27.273356
382,Fire-Boltt Rise Force,Fire-Boltt,4.0,Good quality product,Raj yadav,Very good,2026-09-17 07:02:01.422160,382,Very good,POSITIVE,0.9999,4.0,False,2026-09-17 07:03:27.273356
383,Fire-Boltt Rise Force,Fire-Boltt,4.0,Really Nice,Pinky  Singh,Pretty good haven't used it too much got it today but can tell my experience so far. Features are pretty good too you can connect it with your phone easily but if your phone is connected with watch an...,2026-09-17 07:02:01.422160,383,Pretty good haven't used it too much got it today but can tell my experience so far. Features are pretty good too you can connect it with your phone easily but if your phone is connected with watch an...,POSITIVE,0.997,4.0,False,2026-09-17 07:03:27.273356
384,Fire-Boltt Rise Force,Fire-Boltt,5.0,Mind-blowing purchase,Koushik Sarkar,Best Product Value of money. Display too Good Quality Faster. Battery Performance Long time I like it.,2026-09-17 07:02:01.422160,384,Best Product Value of money. Display too Good Quality Faster. Battery Performance Long time I like it.,POSITIVE,0.9449,5.0,False,2026-09-17 07:03:27.273356
385,Fire-Boltt Rise Force,Fire-Boltt,5.0,Must buy!,Jatin  Bora,"The watch looks really premium, the quality of strap is amazing.just go for it. You will not get a better looking value for money watch other then this in the market.. Loved it ❤",2026-09-17 07:02:01.422160,385,"The watch looks really premium, the quality of strap is amazing.just go for it. You will not get a better looking value for money watch other then this in the market.. Loved it ❤",POSITIVE,0.9985,5.0,False,2026-09-17 07:03:27.273356
386,Fire-Boltt Rise Force,Fire-Boltt,4.0,Good quality product,Mohd Kaif Idrisi,Great battery backup Clear voice while call Good speaker Value for money,2026-09-17 07:02:01.422160,386,Great battery backup Clear voice while call Good speaker Value for money,POSITIVE,0.971,4.0,False,2026-09-17 07:03:27.273356
387,Fire-Boltt Rise Force,Fire-Boltt,4.0,Value-for-money,Chandrapal Thakur,Very good looking watch and design,2026-09-17 07:02:01.422160,387,Very good looking watch and design,POSITIVE,0.9999,4.0,False,2026-09-17 07:03:27.273356
388,Fire-Boltt Rise Force,Fire-Boltt,5.0,Excellent,Anji kavali,Superb,2026-09-17 07:02:01.422160,388,Superb,POSITIVE,0.9999,5.0,False,2026-09-17 07:03:27.273356
389,Fire-Boltt Rise Force,Fire-Boltt,4.0,Pretty good,Dinesh Safi,Value for money,2026-09-17 07:02:01.422160,389,Value for money,POSITIVE,0.9978,4.0,False,2026-09-17 07:03:27.273356
390,Fire-Boltt Rise Force,Fire-Boltt,5.0,Classy product,Flipkart Customer,Good watch,2026-09-17 07:02:01.422160,390,Good watch,POSITIVE,0.9998,5.0,False,2026-09-17 07:03:27.273356
391,Fire-Boltt Rise Force,Fire-Boltt,4.0,Nice product,Cliffton Furtado,Amazing looks and build too...display size is very nice and almost bezeless I haven't tried all the features yet... hope battery backup isn't a disappointment... AOD missing😬,2026-09-17 07:02:01.422160,391,Amazing looks and build too...display size is very nice and almost bezeless I haven't tried all the features yet... hope battery backup isn't a disappointment... AOD missing😬,POSITIVE,0.999,4.0,False,2026-09-17 07:03:27.273356
392,Fire-Boltt Rise Force,Fire-Boltt,4.0,Delightful,Harshit  Jain,"I like the Fire Boltt Rise smartwatch. After 1 month of usage, I feel the watch is worth it and also recommend others to go for it. It justified it's price. Coming to features point, Display and touch...",2026-09-17 07:02:01.422160,392,"I like the Fire Boltt Rise smartwatch. After 1 month of usage, I feel the watch is worth it and also recommend others to go for it. It justified it's price. Coming to features point, Display and touch...",POSITIVE,0.9984,4.0,False,2026-09-17 07:03:27.273356
393,Fire-Boltt Rise Force,Fire-Boltt,4.0,Really Nice,sushil kumar sushil kumar,Product was looking very good and this watch has very large display and speaker quality is also very good.,2026-09-17 07:02:01.422160,393,Product was looking very good and this watch has very large display and speaker quality is also very good.,POSITIVE,0.9998,4.0,False,2026-09-17 07:03:27.273356
394,Fire-Boltt Rise Force,Fire-Boltt,5.0,Wonderful,Mainak Roy,Very very nice product...I am impressed this product,2026-09-17 07:02:01.422160,394,Very very nice product...I am impressed this product,POSITIVE,0.9999,5.0,False,2026-09-17 07:03:27.273356
395,Fire-Boltt Rise Force,Fire-Boltt,3.0,Nice,anikat parihar,worth every penny,2026-09-17 07:02:01.422160,395,worth every penny,POSITIVE,0.9996,3.0,False,2026-09-17 07:03:27.273356
396,Fire-Boltt Rise Force,Fire-Boltt,5.0,Awesome,LALOORANJAN KUMAR,Amazing product.,2026-09-17 07:02:01.422160,396,Amazing product.,POSITIVE,0.9999,5.0,False,2026-09-17 07:03:27.273356
397,Fire-Boltt Rise Force,Fire-Boltt,5.0,Mind-blowing purchase,Amlesh  Kumar,Good choice Mind blowing Purchase In this price range very good products quality overall all is good Battery life also good Mobile connectivity is also best Value for money under budget thank U flipkart,2026-09-17 07:02:01.422160,397,Good choice Mind blowing Purchase In this price range very good products quality overall all is good Battery life also good Mobile connectivity is also best Value for money under budget thank U flipkart,POSITIVE,0.9989,5.0,False,2026-09-17 07:03:27.273356
398,Fire-Boltt Rise Force,Fire-Boltt,5.0,Mind-blowing purchase,Raj Kullayappa,This product is very nice Such a good smartwatch from fire bolt and I like most the Audio quality and microphone Truly a value of money in this price range Very happy to buy this amazing smartwatch,2026-09-17 07:02:01.422160,398,This product is very nice Such a good smartwatch from fire bolt and I like most the Audio quality and microphone Truly a value of money in this price range Very happy to buy this amazing smartwatch,POSITIVE,0.9998,5.0,False,2026-09-17 07:03:27.273356
399,Fire-Boltt Rise Force,Fire-Boltt,5.0,Best in the market!,Suman Ramakrushna  Sarangi,Very good watch. With certainly good features and looks premium on hand.,2026-09-17 07:02:01.422160,399,Very good watch. With certainly good features and looks premium on hand.,POSITIVE,0.9999,5.0,False,2026-09-17 07:03:27.273356
400,Fire-Boltt Rise Force,Fire-Boltt,4.0,Very Good,Raju M,"Very nice, i am enjoying.... With the bluetooth calling and extra features. Worthful, i suggest to buy this without any",2026-09-17 07:02:01.422160,400,"Very nice, i am enjoying.... With the bluetooth calling and extra features. Worthful, i suggest to buy this without any",POSITIVE,0.9995,4.0,False,2026-09-17 07:03:27.273356
401,Fire-Boltt Rise Force,Fire-Boltt,4.0,Delightful,Poonam Srivastava,Product is good,2026-09-17 07:02:01.422160,401,Product is good,POSITIVE,0.9999,4.0,False,2026-09-17 07:03:27.273356
402,Fire-Boltt Rise Force,Fire-Boltt,3.0,Does the job,Flipkart Customer,Very good product ☺️,2026-09-17 07:02:01.422160,402,Very good product ☺️,POSITIVE,0.9998,3.0,False,2026-09-17 07:03:27.273356
403,Fire-Boltt Rise Force,Fire-Boltt,5.0,Wonderful,Ajay  Singh,Nice product. It is a good budget friendly smartwatch,2026-09-17 07:02:01.422160,403,Nice product. It is a good budget friendly smartwatch,POSITIVE,0.9998,5.0,False,2026-09-17 07:03:27.273356
404,Fire-Boltt Rise Force,Fire-Boltt,5.0,Brilliant,Flipkart Customer,This product is so great,2026-09-17 07:02:01.422160,404,This product is so great,POSITIVE,0.9999,5.0,False,2026-09-17 07:03:27.273356
405,Fire-Boltt Rise Force,Fire-Boltt,5.0,Mind-blowing purchase,Gaurav Thakur,Very nice watch.value for money,2026-09-17 07:02:01.422160,405,Very nice watch.value for money,POSITIVE,0.9998,5.0,False,2026-09-17 07:03:27.273356
406,Fire-Boltt Rise Force,Fire-Boltt,4.0,Wonderful,Suraj singh Shekhawat,Average but I love the price I know the battery won't last long,2026-09-17 07:02:01.422160,406,Average but I love the price I know the battery won't last long,POSITIVE,0.995,4.0,False,2026-09-17 07:03:27.273356
407,Fire-Boltt Rise Force,Fire-Boltt,5.0,Must buy!,Flipkart Customer,Just osm ...,2026-09-17 07:02:01.422160,407,Just osm ...,NEGATIVE,0.9985,5.0,True,2026-09-17 07:03:27.273356
408,Fire-Boltt Rise Force,Fire-Boltt,5.0,Excellent,Baabul Da,Awesome product. I like display very much soft touching,2026-09-17 07:02:01.422160,408,Awesome product. I like display very much soft touching,POSITIVE,0.9999,5.0,False,2026-09-17 07:03:27.273356
409,Fire-Boltt Rise Force,Fire-Boltt,5.0,Best in the market!,Rahul Sharma,Good product👌,2026-09-17 07:02:01.422160,409,Good product👌,POSITIVE,0.9999,5.0,False,2026-09-17 07:03:27.273356
410,Fire-Boltt Rise Force,Fire-Boltt,4.0,Nice product,Rahul Bore,It is a good product we can afford,2026-09-17 07:02:01.422160,410,It is a good product we can afford,POSITIVE,0.9999,4.0,False,2026-09-17 07:03:27.273356
411,Fire-Boltt Rise Force,Fire-Boltt,5.0,Classy product,Prince Babu,Very nice product...... ........,2026-09-17 07:02:01.422160,411,Very nice product...... ........,POSITIVE,0.9998,5.0,False,2026-09-17 07:03:27.273356
412,Fire-Boltt Rise Force,Fire-Boltt,5.0,Awesome,Madhura Sanap,Product is excellent thank you Flipkart,2026-09-17 07:02:01.422160,412,Product is excellent thank you Flipkart,POSITIVE,0.9999,5.0,False,2026-09-17 07:03:27.273356
413,Fire-Boltt Rise Force,Fire-Boltt,3.0,Decent product,Flipkart Customer,The product was good but the wrist awake was not so good,2026-09-17 07:02:01.422160,413,The product was good but the wrist awake was not so good,NEGATIVE,0.9897,3.0,False,2026-09-17 07:03:27.273356
414,Fire-Boltt Rise Force,Fire-Boltt,5.0,Terrific,Flipkart Customer,"By far the best smart watch in this price segment. The best part is the battery life, and a significant edge over competition is the Single Bluetooth Chip. Other than that, everything works as adverti...",2026-09-17 07:02:01.422160,414,"By far the best smart watch in this price segment. The best part is the battery life, and a significant edge over competition is the Single Bluetooth Chip. Other than that, everything works as adverti...",POSITIVE,0.9992,5.0,False,2026-09-17 07:03:27.273356
415,Fire-Boltt Rise Force,Fire-Boltt,4.0,Nice product,Flipkart Customer,I love this best Smart watch Cheap and best quality,2026-09-17 07:02:01.422160,415,I love this best Smart watch Cheap and best quality,POSITIVE,0.9997,4.0,False,2026-09-17 07:03:27.273356
416,Fire-Boltt Rise Force,Fire-Boltt,4.0,Delightful,Debashish Kar,Its good and i like this watch,2026-09-17 07:02:01.422160,416,Its good and i like this watch,POSITIVE,0.9999,4.0,False,2026-09-17 07:03:27.273356
417,Fire-Boltt Rise Force,Fire-Boltt,5.0,Must buy!,Ritik  Vairagade,Review after one month of use 1. Battery is good if you don't use calling features it will last upto 8 to 9 days 2. Display is bright and it doesn't give you problem in daylight 3. Main key features ...,2026-09-17 07:02:01.422160,417,Review after one month of use 1. Battery is good if you don't use calling features it will last upto 8 to 9 days 2. Display is bright and it doesn't give you problem in daylight 3. Main key features ...,POSITIVE,0.9986,5.0,False,2026-09-17 07:03:27.273356
418,Fire-Boltt Rise Force,Fire-Boltt,5.0,Classy product,Ayushri  Vispute,Best,2026-09-17 07:02:01.422160,418,Best,POSITIVE,0.9998,5.0,False,2026-09-17 07:03:27.273356
419,Fire-Boltt Rise Force,Fire-Boltt,5.0,Highly recommended,Flipkart Customer,Wow awsm iam verry happy 🥰 Alhamdulilaha,2026-09-17 07:02:01.422160,419,Wow awsm iam verry happy 🥰 Alhamdulilaha,POSITIVE,0.9888,5.0,False,2026-09-17 07:03:27.273356
420,Fire-Boltt Rise Force,Fire-Boltt,3.0,Good,Sudeep  R,"Battery discharges immediately from 95 to 87% And restating for 3 or 4 times , another 3% battery will be discharged",2026-09-17 07:02:01.422160,420,"Battery discharges immediately from 95 to 87% And restating for 3 or 4 times , another 3% battery will be discharged",NEGATIVE,0.9966,3.0,False,2026-09-17 07:03:27.273356
421,Fire-Boltt Rise Force,Fire-Boltt,5.0,Awesome,Flipkart Customer,Awesome watch'...i love it,2026-09-17 07:02:01.422160,421,Awesome watch'...i love it,POSITIVE,0.9999,5.0,False,2026-09-17 07:03:27.273356
422,Fire-Boltt Rise Force,Fire-Boltt,5.0,Great product,Jyothi G S,Watch quality is So good worth for Cost I love it...🫰❤️,2026-09-17 07:02:01.422160,422,Watch quality is So good worth for Cost I love it...🫰❤️,POSITIVE,0.9998,5.0,False,2026-09-17 07:03:27.273356
423,Fire-Boltt Rise Force,Fire-Boltt,5.0,Perfect product!,Jadhav shiva,Love do it Very nice product 👍 Nice product in less money,2026-09-17 07:02:01.422160,423,Love do it Very nice product 👍 Nice product in less money,POSITIVE,0.9937,5.0,False,2026-09-17 07:03:27.273356
424,Fire-Boltt Rise Force,Fire-Boltt,5.0,Brilliant,Faizan Ahmad,Nice watch premium quality rise to wake slow but all good,2026-09-17 07:02:01.422160,424,Nice watch premium quality rise to wake slow but all good,POSITIVE,0.9982,5.0,False,2026-09-17 07:03:27.273356
425,Fire-Boltt Rise Force,Fire-Boltt,4.0,Good choice,Sandeepkumar,Good,2026-09-17 07:02:01.422160,425,Good,POSITIVE,0.9998,4.0,False,2026-09-17 07:03:27.273356
426,Fire-Boltt Rise Force,Fire-Boltt,4.0,Very Good,Nanda Kumar,Good product,2026-09-17 07:02:01.422160,426,Good product,POSITIVE,0.9999,4.0,False,2026-09-17 07:03:27.273356
427,Fire-Boltt Rise Force,Fire-Boltt,4.0,Wonderful,Ardhendu Dey,Very good product 👌. Quality also good smooth Ul experience,2026-09-17 07:02:01.422160,427,Very good product 👌. Quality also good smooth Ul experience,POSITIVE,0.9998,4.0,False,2026-09-17 07:03:27.273356
428,Fire-Boltt Rise Force,Fire-Boltt,4.0,Pretty good,Akula Sasu,Nice product But add sound for alarm,2026-09-17 07:02:01.422160,428,Nice product But add sound for alarm,POSITIVE,0.9944,4.0,False,2026-09-17 07:03:27.273356
429,Fire-Boltt Rise Force,Fire-Boltt,4.0,Nice product,Flipkart Customer,"This very good product , with very affordable price.display and battery performance also well.",2026-09-17 07:02:01.422160,429,"This very good product , with very affordable price.display and battery performance also well.",POSITIVE,0.9998,4.0,False,2026-09-17 07:03:27.273356
430,Fire-Boltt Rise Force,Fire-Boltt,4.0,Good choice,Shila Sarkar,Nice product .,2026-09-17 07:02:01.422160,430,Nice product .,POSITIVE,0.9999,4.0,False,2026-09-17 07:03:27.273356
431,Fire-Boltt Rise Force,Fire-Boltt,4.0,Pretty good,Sreevishnu S,Its very good product Very nice Display is very fine Sound quality is superb,2026-09-17 07:02:01.422160,431,Its very good product Very nice Display is very fine Sound quality is superb,POSITIVE,0.9998,4.0,False,2026-09-17 07:03:27.273356
432,Fire-Boltt Rise Force,Fire-Boltt,4.0,Good choice,Pawnesh Kumar,Nice product.valuable it,2026-09-17 07:02:01.422160,432,Nice product.valuable it,POSITIVE,0.9999,4.0,False,2026-09-17 07:03:27.273356
433,Fire-Boltt Rise Force,Fire-Boltt,5.0,Wonderful,Flipkart Customer,Value for money. Bestest product at this price. Awesome😍😍,2026-09-17 07:02:01.422160,433,Value for money. Bestest product at this price. Awesome😍😍,POSITIVE,0.9977,5.0,False,2026-09-17 07:03:27.273356
434,Fire-Boltt Rise Force,Fire-Boltt,5.0,Perfect product!,Pushkar Gautam,Such nice watch on this price I love it,2026-09-17 07:02:01.422160,434,Such nice watch on this price I love it,POSITIVE,0.9998,5.0,False,2026-09-17 07:03:27.273356
435,Fire-Boltt Rise Force,Fire-Boltt,5.0,Highly recommended,Dipak Solanke,Nice product and calling is very nice,2026-09-17 07:02:01.422160,435,Nice product and calling is very nice,POSITIVE,0.9997,5.0,False,2026-09-17 07:03:27.273356
436,Fire-Boltt Rise Force,Fire-Boltt,5.0,Worth the money,Flipkart Customer,"Watch is very classy, display is very nice,it has 4 inbuilt games, calculator,8 ui interaction,the charging is also fast battery life is good the watch is awesome but only rise to wake feature is litt...",2026-09-17 07:02:01.422160,436,"Watch is very classy, display is very nice,it has 4 inbuilt games, calculator,8 ui interaction,the charging is also fast battery life is good the watch is awesome but only rise to wake feature is litt...",POSITIVE,0.9943,5.0,False,2026-09-17 07:03:27.273356
437,Fire-Boltt Rise Force,Fire-Boltt,5.0,Worth every penny,Flipkart Customer,"I don't know why in my watch I only get 5 ui interfaces and only one game, apart from that everything looks good The most attractive part is it's design Looks premium That's 2.5d curve display is j...",2026-09-17 07:02:01.422160,437,"I don't know why in my watch I only get 5 ui interfaces and only one game, apart from that everything looks good The most attractive part is it's design Looks premium That's 2.5d curve display is j...",POSITIVE,0.8968,5.0,False,2026-09-17 07:03:27.273356
438,Fire-Boltt Rise Force,Fire-Boltt,5.0,Mind-blowing purchase,Flipkart Customer,Designe so good,2026-09-17 07:02:01.422160,438,Designe so good,POSITIVE,0.9999,5.0,False,2026-09-17 07:03:27.273356
439,Fire-Boltt Rise Force,Fire-Boltt,5.0,Excellent,Flipkart Customer UV,Nice product and compart😍🤟,2026-09-17 07:02:01.422160,439,Nice product and compart😍🤟,POSITIVE,0.9998,5.0,False,2026-09-17 07:03:27.273356
440,Fire-Boltt Rise Force,Fire-Boltt,3.0,Just okay,Laraib Ahmad,"Design and look is very good. Call function is smooth and clear. Everything is good except battery. When use in calling mode, without any call, battery remain for only 35 hr ( 1 and half day only) . ...",2026-09-17 07:02:01.422160,440,"Design and look is very good. Call function is smooth and clear. Everything is good except battery. When use in calling mode, without any call, battery remain for only 35 hr ( 1 and half day only) . ...",POSITIVE,0.998,3.0,False,2026-09-17 07:03:27.273356
441,Fire-Boltt Rise Force,Fire-Boltt,5.0,Fabulous!,Flipkart Customer,It's value for money product. The screen was soo good and it's so smoth to use overall the product was superb. I'm thankful to fireboltt for this wonderful smart watch . I'm editing this review after ...,2026-09-17 07:02:01.422160,441,It's value for money product. The screen was soo good and it's so smoth to use overall the product was superb. I'm thankful to fireboltt for this wonderful smart watch . I'm editing this review after ...,POSITIVE,0.9996,5.0,False,2026-09-17 07:03:27.273356
442,Fire-Boltt Rise Force,Fire-Boltt,5.0,Brilliant,A Sai Charan Kumar,"Awesome, totally satisfied with the quality and features of the watch. Totally worth the money. Only missing feature is Always On Display. If they provide that via an update would love that.",2026-09-17 07:02:01.422160,442,"Awesome, totally satisfied with the quality and features of the watch. Totally worth the money. Only missing feature is Always On Display. If they provide that via an update would love that.",POSITIVE,0.9995,5.0,False,2026-09-17 07:03:27.273356
443,Fire-Boltt Rise Force,Fire-Boltt,5.0,Excellent,Priyanshu  Kumawat,"The product was very good. The display is sharp, vibrant and smooth. This was my first product from fire boltt. I am happy with the product. Everything works fine. Health tracking is also good. Not 10...",2026-09-17 07:02:01.422160,443,"The product was very good. The display is sharp, vibrant and smooth. This was my first product from fire boltt. I am happy with the product. Everything works fine. Health tracking is also good. Not 10...",POSITIVE,0.9999,5.0,False,2026-09-17 07:03:27.273356
444,Fire-Boltt Rise Force,Fire-Boltt,5.0,Simply awesome,Karamjit  Singh,Good product,2026-09-17 07:02:01.422160,444,Good product,POSITIVE,0.9999,5.0,False,2026-09-17 07:03:27.273356
445,Fire-Boltt Rise Force,Fire-Boltt,5.0,Worth every penny,Ravindra Kadam,"It's Really nice product.after purchase it ,My wife is very very happy and satisfied. She told me that this watch' is really amazing and value for money",2026-09-17 07:02:01.422160,445,"It's Really nice product.after purchase it ,My wife is very very happy and satisfied. She told me that this watch' is really amazing and value for money",POSITIVE,0.9999,5.0,False,2026-09-17 07:03:27.273356
446,Fire-Boltt Rise Force,Fire-Boltt,5.0,Excellent,Dhananjay Ghatode,Best product ui is very smooth but the problem is not coming from the speaker but the watch is excellent.,2026-09-17 07:02:01.422160,446,Best product ui is very smooth but the problem is not coming from the speaker but the watch is excellent.,POSITIVE,0.9996,5.0,False,2026-09-17 07:03:27.273356
447,Fire-Boltt Rise Force,Fire-Boltt,5.0,Must buy!,Flipkart Customer,Best watch ....ever,2026-09-17 07:02:01.422160,447,Best watch ....ever,POSITIVE,0.9999,5.0,False,2026-09-17 07:03:27.273356
448,Fire-Boltt Rise Force,Fire-Boltt,5.0,Wonderful,Flipkart Customer,Fire Boltt smart watch nice product build quality so nice looking smart👌,2026-09-17 07:02:01.422160,448,Fire Boltt smart watch nice product build quality so nice looking smart👌,POSITIVE,0.9991,5.0,False,2026-09-17 07:03:27.273356
449,Fire-Boltt Rise Force,Fire-Boltt,5.0,Mind-blowing purchase,Priyanshu  Kumar,Amazing product. I really loved it,2026-09-17 07:02:01.422160,449,Amazing product. I really loved it,POSITIVE,0.9999,5.0,False,2026-09-17 07:03:27.273356
450,Fire-Boltt Rise Force,Fire-Boltt,5.0,Perfect product!,Imran Khan  Sheebu,Such a lovely products of fireboltt rise smart watch 😘😘😘,2026-09-17 07:02:01.422160,450,Such a lovely products of fireboltt rise smart watch 😘😘😘,POSITIVE,0.9989,5.0,False,2026-09-17 07:03:27.273356
451,Fire-Boltt Rise Force,Fire-Boltt,5.0,Mind-blowing purchase,Chandan Kumar,"Value for money product I extremely recommended to purchase this,",2026-09-17 07:02:01.422160,451,"Value for money product I extremely recommended to purchase this,",POSITIVE,0.9505,5.0,False,2026-09-17 07:03:27.273356
452,Fire-Boltt Rise Force,Fire-Boltt,5.0,Fabulous!,Mohammed Yusuf Khan,Nice product,2026-09-17 07:02:01.422160,452,Nice product,POSITIVE,0.9999,5.0,False,2026-09-17 07:03:27.273356
453,Fire-Boltt Rise Force,Fire-Boltt,5.0,Pretty good,Hare  Krishna,"Value for money product, slight fluctuations in Blood Pressure, rest health monitoring is accurate. Very good display, no worries. Raise to wake is a little delayed. Overall best in this price range.",2026-09-17 07:02:01.422160,453,"Value for money product, slight fluctuations in Blood Pressure, rest health monitoring is accurate. Very good display, no worries. Raise to wake is a little delayed. Overall best in this price range.",POSITIVE,0.988,5.0,False,2026-09-17 07:03:27.273356
454,Fire-Boltt Rise Force,Fire-Boltt,5.0,Highly recommended,Flipkart Customer,best product and smart watch,2026-09-17 07:02:01.422160,454,best product and smart watch,POSITIVE,0.9998,5.0,False,2026-09-17 07:03:27.273356
455,Fire-Boltt Rise Force,Fire-Boltt,5.0,Just wow!,Basheer Ahmed,Awesome,2026-09-17 07:02:01.422160,455,Awesome,POSITIVE,0.9999,5.0,False,2026-09-17 07:03:27.273356
456,Fire-Boltt Rise Force,Fire-Boltt,5.0,Fabulous!,Flipkart Customer,Exactly Product. With Many Features... Value For Money.... Watch Quality Is top Calass👍👍,2026-09-17 07:02:01.422160,456,Exactly Product. With Many Features... Value For Money.... Watch Quality Is top Calass👍👍,POSITIVE,0.9927,5.0,False,2026-09-17 07:03:27.273356
457,Fire-Boltt Rise Force,Fire-Boltt,4.0,Nice product,pratyush sahoo,Good,2026-09-17 07:02:01.422160,457,Good,POSITIVE,0.9998,4.0,False,2026-09-17 07:03:27.273356
458,Fire-Boltt Rise Force,Fire-Boltt,4.0,Super!,Kamlesh  Yadav,Osm 😻😻 watch,2026-09-17 07:02:01.422160,458,Osm 😻😻 watch,NEGATIVE,0.5908,4.0,False,2026-09-17 07:03:27.273356
459,Fire-Boltt Rise Force,Fire-Boltt,4.0,Good quality product,Sk sajal Sk,Nice product very good product 🥰🥰🥰🥰🥰🥰🥰🥰🥰🥰🥰🥰🥰🥰🥰☕🥰🥰🥰🥰🥰🥰🥰🥰🥰🥰🥰🥰🥰☕☕☕☕🥰🥰🥰🥰🥰🥰🥰🥰❤️🥰❤️🥰❤️🥰❤️🥰❤️,2026-09-17 07:02:01.422160,459,Nice product very good product 🥰🥰🥰🥰🥰🥰🥰🥰🥰🥰🥰🥰🥰🥰🥰☕🥰🥰🥰🥰🥰🥰🥰🥰🥰🥰🥰🥰🥰☕☕☕☕🥰🥰🥰🥰🥰🥰🥰🥰❤️🥰❤️🥰❤️🥰❤️🥰❤️,POSITIVE,0.9998,4.0,False,2026-09-17 07:03:27.273356
460,Fire-Boltt Rise Force,Fire-Boltt,5.0,Highly recommended,Pavankumar M,A very good watch,2026-09-17 07:02:01.422160,460,A very good watch,POSITIVE,0.9999,5.0,False,2026-09-17 07:03:27.273356
461,Fire-Boltt Rise Force,Fire-Boltt,4.0,Worth the money,Drx Javed Tyagi,Amazing watch,2026-09-17 07:02:01.422160,461,Amazing watch,POSITIVE,0.9999,4.0,False,2026-09-17 07:03:27.273356
462,Fire-Boltt Rise Force,Fire-Boltt,4.0,Really Nice,Mr . Momeen,Good product,2026-09-17 07:02:01.422160,462,Good product,POSITIVE,0.9999,4.0,False,2026-09-17 07:03:27.273356
463,Fire-Boltt Rise Force,Fire-Boltt,4.0,Wonderful,Flipkart Customer,very nice watch It also has many designs. There are also many features. It is in very good budget.,2026-09-17 07:02:01.422160,463,very nice watch It also has many designs. There are also many features. It is in very good budget.,POSITIVE,0.9999,4.0,False,2026-09-17 07:03:27.273356
464,Fire-Boltt Rise Force,Fire-Boltt,4.0,Delightful,Tanmoy Bhowmick,Good I recommends,2026-09-17 07:02:01.422160,464,Good I recommends,POSITIVE,0.9998,4.0,False,2026-09-17 07:03:27.273356
465,Fire-Boltt Rise Force,Fire-Boltt,4.0,Value-for-money,Riyaj Mansuri,Super Watch,2026-09-17 07:02:01.422160,465,Super Watch,POSITIVE,0.9991,4.0,False,2026-09-17 07:03:27.273356
466,Fire-Boltt Rise Force,Fire-Boltt,5.0,Classy product,Rahul Sasi,Value for money 100% Luxury looks.,2026-09-17 07:02:01.422160,466,Value for money 100% Luxury looks.,POSITIVE,0.9964,5.0,False,2026-09-17 07:03:27.273356
467,Fire-Boltt Rise Force,Fire-Boltt,5.0,Great product,penchalareddy,it was is super product and super and .......................,2026-09-17 07:02:01.422160,467,it was is super product and super and .......................,NEGATIVE,0.9448,5.0,True,2026-09-17 07:03:27.273356
468,Fire-Boltt Rise Force,Fire-Boltt,5.0,Mind-blowing purchase,Mayur Somkuwar,Good Watch Affordable Price Various Functions better calling voice assistant also good,2026-09-17 07:02:01.422160,468,Good Watch Affordable Price Various Functions better calling voice assistant also good,POSITIVE,0.9977,5.0,False,2026-09-17 07:03:27.273356
469,Fire-Boltt Rise Force,Fire-Boltt,5.0,Perfect product!,Flipkart Customer,Best Bluetooth calling watch for the price. Include all the essential features. Metal build and premium look. Value for money,2026-09-17 07:02:01.422160,469,Best Bluetooth calling watch for the price. Include all the essential features. Metal build and premium look. Value for money,POSITIVE,0.9973,5.0,False,2026-09-17 07:03:27.273356
470,Fire-Boltt Rise Force,Fire-Boltt,5.0,Excellent,Prashant Pawar,Nice product 👍👍 1. Big display. 2.Display smooth and brightness is bright and not problem in sunlight. Money value product.👍👍👍,2026-09-17 07:02:01.422160,470,Nice product 👍👍 1. Big display. 2.Display smooth and brightness is bright and not problem in sunlight. Money value product.👍👍👍,POSITIVE,0.9986,5.0,False,2026-09-17 07:03:27.273356
471,Fire-Boltt Rise Force,Fire-Boltt,5.0,Worth every penny,Yuvraj  Patel,"Best product,👍",2026-09-17 07:02:01.422160,471,"Best product,👍",POSITIVE,0.9997,5.0,False,2026-09-17 07:03:27.273356
472,Fire-Boltt Rise Force,Fire-Boltt,4.0,Worth the money,Dnyaneshwar Urade,Value for money product,2026-09-17 07:02:01.422160,472,Value for money product,POSITIVE,0.9936,4.0,False,2026-09-17 07:03:27.273356
473,Fire-Boltt Rise Force,Fire-Boltt,4.0,Nice product,Antheshwar  Jadhav,Awesome product at low cost,2026-09-17 07:02:01.422160,473,Awesome product at low cost,POSITIVE,0.9997,4.0,False,2026-09-17 07:03:27.273356
474,Fire-Boltt Rise Force,Fire-Boltt,4.0,Worth the money,Flipkart Customer,This product is very nice. I liked it so much . This is so much the display is so much and it's ai is very nice.,2026-09-17 07:02:01.422160,474,This product is very nice. I liked it so much . This is so much the display is so much and it's ai is very nice.,POSITIVE,0.9998,4.0,False,2026-09-17 07:03:27.273356
475,Fire-Boltt Rise Force,Fire-Boltt,4.0,Worth the money,Flipkart Customer,Worthy for the money. Delivery was so quick 😊 ( they gonna give you the extended warranty only if you write the review 😜 otherwise you don't even use the offer cards you get while purchasing i flet ...,2026-09-17 07:02:01.422160,475,Worthy for the money. Delivery was so quick 😊 ( they gonna give you the extended warranty only if you write the review 😜 otherwise you don't even use the offer cards you get while purchasing i flet ...,NEGATIVE,0.9949,4.0,True,2026-09-17 07:03:27.273356
476,Fire-Boltt Rise Force,Fire-Boltt,5.0,Brilliant,Flipkart Customer,Good product 💯💯💯,2026-09-17 07:02:01.422160,476,Good product 💯💯💯,POSITIVE,0.9998,5.0,False,2026-09-17 07:03:27.273356
477,Fire-Boltt Rise Force,Fire-Boltt,5.0,Terrific purchase,Rupanjan Banik,"Great smartwatch in its segment. Value for money and pocket friendly. If you are wishing to buy a smartwatch in this price segment i.e 1000-1500, can definitely go for this watch.",2026-09-17 07:02:01.422160,477,"Great smartwatch in its segment. Value for money and pocket friendly. If you are wishing to buy a smartwatch in this price segment i.e 1000-1500, can definitely go for this watch.",POSITIVE,0.9974,5.0,False,2026-09-17 07:03:27.273356
478,Fire-Boltt Rise Force,Fire-Boltt,5.0,Terrific purchase,MITHUN GOUDA,Amazing Watch,2026-09-17 07:02:01.422160,478,Amazing Watch,POSITIVE,0.9999,5.0,False,2026-09-17 07:03:27.273356
479,Fire-Boltt Rise Force,Fire-Boltt,5.0,Wonderful,Shiv Prakash  Awasthi,This fire boltt watch is very good and it is comfortable for my hand and design was very good.,2026-09-17 07:02:01.422160,479,This fire boltt watch is very good and it is comfortable for my hand and design was very good.,POSITIVE,0.9998,5.0,False,2026-09-17 07:03:27.273356
480,Fire-Boltt Rise Force,Fire-Boltt,5.0,Mind-blowing purchase,Flipkart Customer,Product is excellent. I like the weight look and feel,2026-09-17 07:02:01.422160,480,Product is excellent. I like the weight look and feel,POSITIVE,0.9999,5.0,False,2026-09-17 07:03:27.273356
481,Fire-Boltt Rise Force,Fire-Boltt,5.0,Just wow!,naveen kumar,Product quality is good after using several months its strips are too soft and good. Worth buying.,2026-09-17 07:02:01.422160,481,Product quality is good after using several months its strips are too soft and good. Worth buying.,POSITIVE,0.9996,5.0,False,2026-09-17 07:03:27.273356
482,Fire-Boltt Rise Force,Fire-Boltt,5.0,Wonderful,Flipkart Customer,Product is very good. Very glad to see this product,2026-09-17 07:02:01.422160,482,Product is very good. Very glad to see this product,POSITIVE,0.9999,5.0,False,2026-09-17 07:03:27.273356
483,Fire-Boltt Rise Force,Fire-Boltt,5.0,Really Nice,Flipkart Customer,This product is amazing 😻🤩,2026-09-17 07:02:01.422160,483,This product is amazing 😻🤩,POSITIVE,0.9999,5.0,False,2026-09-17 07:03:27.273356
484,Fire-Boltt Rise Force,Fire-Boltt,5.0,Fabulous!,Lovely  Roy,"Battery life is good. The product is amazing.. Didn't expect the product to be this good. Nice color finishing, suitable for daily use. Worth purchasing at this price... If you are searching for a dur...",2026-09-17 07:02:01.422160,484,"Battery life is good. The product is amazing.. Didn't expect the product to be this good. Nice color finishing, suitable for daily use. Worth purchasing at this price... If you are searching for a dur...",POSITIVE,0.9998,5.0,False,2026-09-17 07:03:27.273356
485,Fire-Boltt Rise Force,Fire-Boltt,5.0,Worth every penny,Flipkart Customer,Beautiful I like very much,2026-09-17 07:02:01.422160,485,Beautiful I like very much,POSITIVE,0.9999,5.0,False,2026-09-17 07:03:27.273356
486,Fire-Boltt Rise Force,Fire-Boltt,5.0,Highly recommended,Prem  Kumari,Very good 🥰🥰 I like it,2026-09-17 07:02:01.422160,486,Very good 🥰🥰 I like it,POSITIVE,0.9999,5.0,False,2026-09-17 07:03:27.273356
487,Fire-Boltt Rise Force,Fire-Boltt,3.0,Nice,Snehal  Jabannavar,"Battery is very poor. Otherwise, everything is good",2026-09-17 07:02:01.422160,487,"Battery is very poor. Otherwise, everything is good",POSITIVE,0.9918,3.0,False,2026-09-17 07:03:27.273356
488,Fire-Boltt Rise Force,Fire-Boltt,5.0,Terrific,Flipkart Customer,Good product + 3 months gaana + 1 Movie ticket I loved it it's working probably Must buy this product,2026-09-17 07:02:01.422160,488,Good product + 3 months gaana + 1 Movie ticket I loved it it's working probably Must buy this product,POSITIVE,0.9983,5.0,False,2026-09-17 07:03:27.273356
489,Fire-Boltt Rise Force,Fire-Boltt,5.0,Terrific,Seema Bharti,"Very nice product, loved it!!....😍",2026-09-17 07:02:01.422160,489,"Very nice product, loved it!!....😍",POSITIVE,0.9999,5.0,False,2026-09-17 07:03:27.273356
490,Fire-Boltt Rise Force,Fire-Boltt,5.0,Best in the market!,Flipkart Customer,Nice product but tracking not working proper,2026-09-17 07:02:01.422160,490,Nice product but tracking not working proper,NEGATIVE,0.998,5.0,True,2026-09-17 07:03:27.273356
491,Fire-Boltt Rise Force,Fire-Boltt,5.0,Mind-blowing purchase,Somen  Banerjee,Nice product Value for money,2026-09-17 07:02:01.422160,491,Nice product Value for money,POSITIVE,0.9998,5.0,False,2026-09-17 07:03:27.273356
492,Fire-Boltt Rise Force,Fire-Boltt,5.0,Simply awesome,Kritika singh,most best product in my life,2026-09-17 07:02:01.422160,492,most best product in my life,POSITIVE,0.9999,5.0,False,2026-09-17 07:03:27.273356
493,Fire-Boltt Rise Force,Fire-Boltt,2.0,Moderate,SHUBHAM  GUPTA,"Battery is deteriorating really soon and fast. After full charge, hardly last for an hour. Just after 3 months of minimal charging and usage",2026-09-17 07:02:01.422160,493,"Battery is deteriorating really soon and fast. After full charge, hardly last for an hour. Just after 3 months of minimal charging and usage",NEGATIVE,0.9994,2.0,False,2026-09-17 07:03:27.273356
494,Fire-Boltt Rise Force,Fire-Boltt,5.0,Highly recommended,Monika Chopra,The product is very nice ✨ Battery performance is also good..,2026-09-17 07:02:01.422160,494,The product is very nice ✨ Battery performance is also good..,POSITIVE,0.9998,5.0,False,2026-09-17 07:03:27.273356
495,Fire-Boltt Rise Force,Fire-Boltt,5.0,Highly recommended,Flipkart Customer,Over all the watch is pretty good,2026-09-17 07:02:01.422160,495,Over all the watch is pretty good,POSITIVE,0.9999,5.0,False,2026-09-17 07:03:27.273356
496,Fire-Boltt Rise Force,Fire-Boltt,5.0,Mind-blowing purchase,Amtiaz  Ali,This is the greatest smartwatch,2026-09-17 07:02:01.422160,496,This is the greatest smartwatch,POSITIVE,0.9998,5.0,False,2026-09-17 07:03:27.273356
497,Fire-Boltt Rise Force,Fire-Boltt,5.0,Excellent,Akshay  Nirapure,Nice watch ❄️,2026-09-17 07:02:01.422160,497,Nice watch ❄️,POSITIVE,0.9998,5.0,False,2026-09-17 07:03:27.273356
498,Fire-Boltt Rise Force,Fire-Boltt,5.0,Awesome,Suman Jana,Nice product. You can buy this. Valuable for money 😊,2026-09-17 07:02:01.422160,498,Nice product. You can buy this. Valuable for money 😊,POSITIVE,0.9993,5.0,False,2026-09-17 07:03:27.273356
499,Fire-Boltt Rise Force,Fire-Boltt,5.0,Perfect product!,Suyog  Walse,Really nice product.,2026-09-17 07:02:01.422160,499,Really nice product.,POSITIVE,0.9999,5.0,False,2026-09-17 07:03:27.273356
500,Fire-Boltt Rise Force,Fire-Boltt,5.0,Awesome,Yoges Customer,This smartwatch simply awsome,2026-09-17 07:02:01.422160,500,This smartwatch simply awsome,NEGATIVE,0.9949,5.0,True,2026-09-17 07:03:27.273356
501,Fire-Boltt Rise Force,Fire-Boltt,5.0,Excellent,Aryan  Sirohi,Very nice,2026-09-17 07:02:01.422160,501,Very nice,POSITIVE,0.9999,5.0,False,2026-09-17 07:03:27.273356
502,Fire-Boltt Rise Force,Fire-Boltt,2.0,Moderate,Budhram Netam,Battery 🔋 2day runing very bed Not certified this smart watch very poor,2026-09-17 07:02:01.422160,502,Battery 🔋 2day runing very bed Not certified this smart watch very poor,NEGATIVE,0.9986,2.0,False,2026-09-17 07:03:27.273356
503,Fire-Boltt Rise Force,Fire-Boltt,4.0,Worth the money,Rahul Nair,The product is overall good except that of the battery and charging issue.,2026-09-17 07:02:01.422160,503,The product is overall good except that of the battery and charging issue.,POSITIVE,0.9997,4.0,False,2026-09-17 07:03:27.273356
504,Fire-Boltt Rise Force,Fire-Boltt,4.0,Nice product,MIRYABBELLI MANOJ  KUMAR,Started using this watch since 2 weeks.I wanted to say it is the best smartwatch in this price segment. But one main is the raise to wake feature is not up to the mark therefore I request fireboltt to...,2026-09-17 07:02:01.422160,504,Started using this watch since 2 weeks.I wanted to say it is the best smartwatch in this price segment. But one main is the raise to wake feature is not up to the mark therefore I request fireboltt to...,NEGATIVE,0.9822,4.0,True,2026-09-17 07:03:27.273356
505,Fire-Boltt Rise Force,Fire-Boltt,4.0,Delightful,Aayan Khan,Good product in this price segment,2026-09-17 07:02:01.422160,505,Good product in this price segment,POSITIVE,0.9998,4.0,False,2026-09-17 07:03:27.273356
506,Fire-Boltt Rise Force,Fire-Boltt,4.0,Good quality product,Flipkart Customer,Good looking,2026-09-17 07:02:01.422160,506,Good looking,POSITIVE,0.9998,4.0,False,2026-09-17 07:03:27.273356
507,Fire-Boltt Rise Force,Fire-Boltt,4.0,Pretty good,Dasthagiri Bandarla,Good smart watch,2026-09-17 07:02:01.422160,507,Good smart watch,POSITIVE,0.9999,4.0,False,2026-09-17 07:03:27.273356
508,Fire-Boltt Rise Force,Fire-Boltt,4.0,Delightful,Adrita Koley,All over good 😊👍,2026-09-17 07:02:01.422160,508,All over good 😊👍,POSITIVE,0.9995,4.0,False,2026-09-17 07:03:27.273356
509,Fire-Boltt Rise Force,Fire-Boltt,4.0,Wonderful,Babu Sain,"The Fire-Boltt smart watch is really great. It has a stylish design, excellent features, and a long battery life. The only small downside is that the display size is a bit small, but overall, at this ...",2026-09-17 07:02:01.422160,509,"The Fire-Boltt smart watch is really great. It has a stylish design, excellent features, and a long battery life. The only small downside is that the display size is a bit small, but overall, at this ...",POSITIVE,0.998,4.0,False,2026-09-17 07:03:27.273356
510,Fire-Boltt Rise Force,Fire-Boltt,4.0,Nice product,Flipkart Customer,"All is good, but the built quality is plastic therefore light weight and feels cheap, straps are good and the hook is cheap and decent, the straps quality can be improved, further all is good, display...",2026-09-17 07:02:01.422160,510,"All is good, but the built quality is plastic therefore light weight and feels cheap, straps are good and the hook is cheap and decent, the straps quality can be improved, further all is good, display...",POSITIVE,0.9858,4.0,False,2026-09-17 07:03:27.273356
511,Fire-Boltt Rise Force,Fire-Boltt,4.0,Nice product,Vishali  Chalotra,"I really like the design, display quality, and features of this Fire-Boltt smartwatch. Performance is good and the watch looks premium. However, the battery backup is disappointing as it drains very q...",2026-09-17 07:02:01.422160,511,"I really like the design, display quality, and features of this Fire-Boltt smartwatch. Performance is good and the watch looks premium. However, the battery backup is disappointing as it drains very q...",NEGATIVE,0.9699,4.0,True,2026-09-17 07:03:27.273356
512,Fire-Boltt Rise Force,Fire-Boltt,4.0,Worth the money,Flipkart Customer,Very good produ,2026-09-17 07:02:01.422160,512,Very good produ,POSITIVE,0.9999,4.0,False,2026-09-17 07:03:27.273356
513,Fire-Boltt Rise Force,Fire-Boltt,4.0,Very Good,MAHENDRA METKAR,It dosent charge but you have to tie it by rubber bands to watch with charger,2026-09-17 07:02:01.422160,513,It dosent charge but you have to tie it by rubber bands to watch with charger,POSITIVE,0.8222,4.0,False,2026-09-17 07:03:27.273356
514,Fire-Boltt Rise Force,Fire-Boltt,4.0,Delightful,Brand Status,Good product👍,2026-09-17 07:02:01.422160,514,Good product👍,POSITIVE,0.9999,4.0,False,2026-09-17 07:03:27.273356
515,Fire-Boltt Rise Force,Fire-Boltt,4.0,Really Nice,Shiv Kumar,Good 👍,2026-09-17 07:02:01.422160,515,Good 👍,POSITIVE,0.9999,4.0,False,2026-09-17 07:03:27.273356
516,Fire-Boltt Rise Force,Fire-Boltt,4.0,Don't waste your money,Rupash  Das,Display quality and belt quality very poor,2026-09-17 07:02:01.422160,516,Display quality and belt quality very poor,NEGATIVE,0.9998,4.0,True,2026-09-17 07:03:27.273356
517,Fire-Boltt Rise Force,Fire-Boltt,4.0,Good choice,PURNANAND  KUMAR,Very good Smartwatch. Value for money. Activity tracking is good. Overall good product.,2026-09-17 07:02:01.422160,517,Very good Smartwatch. Value for money. Activity tracking is good. Overall good product.,POSITIVE,0.9998,4.0,False,2026-09-17 07:03:27.273356
518,Fire-Boltt Rise Force,Fire-Boltt,4.0,Good quality product,Flipkart Customer,"Fire-Boltt Rise: Not Bad for the Price I've been using the Fire-Boltt Rise for a couple of weeks now, and for a budget smartwatch, it's not half bad. The display is bright and clear, and I like that ...",2026-09-17 07:02:01.422160,518,"Fire-Boltt Rise: Not Bad for the Price I've been using the Fire-Boltt Rise for a couple of weeks now, and for a budget smartwatch, it's not half bad. The display is bright and clear, and I like that ...",POSITIVE,0.9996,4.0,False,2026-09-17 07:03:27.273356
519,Fire-Boltt Rise Force,Fire-Boltt,4.0,Very Good,Savida Moosa,Display colity good,2026-09-17 07:02:01.422160,519,Display colity good,POSITIVE,0.9998,4.0,False,2026-09-17 07:03:27.273356
520,Fire-Boltt Rise Force,Fire-Boltt,4.0,Very Good,Mix Ase,Completely satisfied 👍,2026-09-17 07:02:01.422160,520,Completely satisfied 👍,POSITIVE,0.9996,4.0,False,2026-09-17 07:03:27.273356
521,Fire-Boltt Rise Force,Fire-Boltt,4.0,Great product,Amrit Kumar,Value for money 🤑,2026-09-17 07:02:01.422160,521,Value for money 🤑,POSITIVE,0.9091,4.0,False,2026-09-17 07:03:27.273356
522,Fire-Boltt Rise Force,Fire-Boltt,4.0,Value-for-money,Md.  Galib,Good products but battery not god,2026-09-17 07:02:01.422160,522,Good products but battery not god,NEGATIVE,0.8599,4.0,False,2026-09-17 07:03:27.273356
523,Fire-Boltt Rise Force,Fire-Boltt,4.0,Nice product,Atul Verma,Nice watch but battery backup is less.,2026-09-17 07:02:01.422160,523,Nice watch but battery backup is less.,NEGATIVE,0.9826,4.0,True,2026-09-17 07:03:27.273356
524,Fire-Boltt Rise Force,Fire-Boltt,4.0,Really Nice,Akash  Mahato,Nice watch,2026-09-17 07:02:01.422160,524,Nice watch,POSITIVE,0.9998,4.0,False,2026-09-17 07:03:27.273356
525,Fire-Boltt Rise Force,Fire-Boltt,4.0,Classy product,Gautam Deb Nath,Nice product with many features👌,2026-09-17 07:02:01.422160,525,Nice product with many features👌,POSITIVE,0.9998,4.0,False,2026-09-17 07:03:27.273356
526,Fire-Boltt Rise Force,Fire-Boltt,4.0,Good choice,Flipkart Customer,"Good , value for money, good features.",2026-09-17 07:02:01.422160,526,"Good , value for money, good features.",POSITIVE,0.9999,4.0,False,2026-09-17 07:03:27.273356
527,Fire-Boltt Rise Force,Fire-Boltt,4.0,Wonderful,Rehan  Sheikh,My experience is best❤❤ The product was very good. You must be buy this product ❤❤,2026-09-17 07:02:01.422160,527,My experience is best❤❤ The product was very good. You must be buy this product ❤❤,POSITIVE,0.9991,4.0,False,2026-09-17 07:03:27.273356
528,Fire-Boltt Rise Force,Fire-Boltt,4.0,Good quality product,Flipkart Customer,Good choice,2026-09-17 07:02:01.422160,528,Good choice,POSITIVE,0.9998,4.0,False,2026-09-17 07:03:27.273356
529,Fire-Boltt Rise Force,Fire-Boltt,4.0,Very Good,Bablu  Rai,Very good product at very low price Battery backup is excellent Display is good with smooth touch response Bt calling and sound quality is great 👍,2026-09-17 07:02:01.422160,529,Very good product at very low price Battery backup is excellent Display is good with smooth touch response Bt calling and sound quality is great 👍,POSITIVE,0.9996,4.0,False,2026-09-17 07:03:27.273356
530,Fire-Boltt Rise Force,Fire-Boltt,4.0,Good choice,Santosh  Chettri,Good product as per the price. It's been 18 days using it normally and the charge still remain 40%. Overall best product as per the price range.,2026-09-17 07:02:01.422160,530,Good product as per the price. It's been 18 days using it normally and the charge still remain 40%. Overall best product as per the price range.,POSITIVE,0.9992,4.0,False,2026-09-17 07:03:27.273356
531,Fire-Boltt Rise Force,Fire-Boltt,4.0,Wonderful,Flipkart Customer,Best product,2026-09-17 07:02:01.422160,531,Best product,POSITIVE,0.9998,4.0,False,2026-09-17 07:03:27.273356
532,Fire-Boltt Rise Force,Fire-Boltt,4.0,Delightful,Sandy Shah,I like this product and i recommend you purchase this watch 🤘🤘,2026-09-17 07:02:01.422160,532,I like this product and i recommend you purchase this watch 🤘🤘,POSITIVE,0.9987,4.0,False,2026-09-17 07:03:27.273356
533,Fire-Boltt Rise Force,Fire-Boltt,4.0,Pretty good,Flipkart Customer,Good Watch The display screen is quite big which makes it convenient to use apps or play games. Its worth buying👍,2026-09-17 07:02:01.422160,533,Good Watch The display screen is quite big which makes it convenient to use apps or play games. Its worth buying👍,POSITIVE,0.999,4.0,False,2026-09-17 07:03:27.273356
534,Fire-Boltt Rise Force,Fire-Boltt,4.0,Good quality product,AMIR GHANCHI,Nice Display With Metal Body,2026-09-17 07:02:01.422160,534,Nice Display With Metal Body,POSITIVE,0.9997,4.0,False,2026-09-17 07:03:27.273356
535,Fire-Boltt Rise Force,Fire-Boltt,5.0,Terrific purchase,Akshay naik Naik,Awesome,2026-09-17 07:02:01.422160,535,Awesome,POSITIVE,0.9999,5.0,False,2026-09-17 07:03:27.273356
536,Fire-Boltt Rise Force,Fire-Boltt,5.0,Must buy!,Harshit Bhatnagar,The product is very good and the design of watch looks good,2026-09-17 07:02:01.422160,536,The product is very good and the design of watch looks good,POSITIVE,0.9998,5.0,False,2026-09-17 07:03:27.273356
537,Fire-Boltt Rise Force,Fire-Boltt,5.0,Wonderful,Ashok Yadav,"Best product , value of money",2026-09-17 07:02:01.422160,537,"Best product , value of money",POSITIVE,0.9998,5.0,False,2026-09-17 07:03:27.273356
538,Fire-Boltt Rise Force,Fire-Boltt,5.0,Classy product,Ansh Sharma,Product is excellent but the battery drains very fast.,2026-09-17 07:02:01.422160,538,Product is excellent but the battery drains very fast.,NEGATIVE,0.9441,5.0,True,2026-09-17 07:03:27.273356
539,Fire-Boltt Rise Force,Fire-Boltt,5.0,Wonderful,Flipkart Customer,"Impressive Smartwatch with Exceptional Features I've been using the Firebolt Rise Smartwatch for [insert time period, and I'm thoroughly impressed! The sleek design and comfortable strap make it perfe...",2026-09-17 07:02:01.422160,539,"Impressive Smartwatch with Exceptional Features I've been using the Firebolt Rise Smartwatch for [insert time period, and I'm thoroughly impressed! The sleek design and comfortable strap make it perfe...",POSITIVE,0.9999,5.0,False,2026-09-17 07:03:27.273356
540,Fire-Boltt Rise Force,Fire-Boltt,5.0,Best in the market!,Amarjit Chaudhari,Awesome product।।। Too good display and features।।। Don't confused।।। Just use and enjoy।।।,2026-09-17 07:02:01.422160,540,Awesome product।।। Too good display and features।।। Don't confused।।। Just use and enjoy।।।,NEGATIVE,0.84,5.0,False,2026-09-17 07:03:27.273356
541,Fire-Boltt Rise Force,Fire-Boltt,5.0,Wonderful,Alok Mandal,Osm product❣️❣️,2026-09-17 07:02:01.422160,541,Osm product❣️❣️,NEGATIVE,0.9886,5.0,True,2026-09-17 07:03:27.273356
542,Fire-Boltt Rise Force,Fire-Boltt,5.0,Terrific,Raj Gautam,I'm so happy 😊 This watch is very fine 👍 Battery 🔋 proformance is a good.more Thanks for Flipkart,2026-09-17 07:02:01.422160,542,I'm so happy 😊 This watch is very fine 👍 Battery 🔋 proformance is a good.more Thanks for Flipkart,POSITIVE,0.9998,5.0,False,2026-09-17 07:03:27.273356
543,Fire-Boltt Rise Force,Fire-Boltt,5.0,Mind-blowing purchase,Basanti Behera,This is the best smartwatch under this segment.,2026-09-17 07:02:01.422160,543,This is the best smartwatch under this segment.,POSITIVE,0.9995,5.0,False,2026-09-17 07:03:27.273356
544,Fire-Boltt Rise Force,Fire-Boltt,5.0,Super!,Vaishnavi Verma,Good,2026-09-17 07:02:01.422160,544,Good,POSITIVE,0.9998,5.0,False,2026-09-17 07:03:27.273356
545,Fire-Boltt Rise Force,Fire-Boltt,5.0,Great product,Rafik Raheman,Awesome,2026-09-17 07:02:01.422160,545,Awesome,POSITIVE,0.9999,5.0,False,2026-09-17 07:03:27.273356
546,Fire-Boltt Rise Force,Fire-Boltt,5.0,Just wow!,Flipkart Customer,"This Product is very Beautiful, Buttery service good.",2026-09-17 07:02:01.422160,546,"This Product is very Beautiful, Buttery service good.",POSITIVE,0.9999,5.0,False,2026-09-17 07:03:27.273356
547,Fire-Boltt Rise Force,Fire-Boltt,3.0,Does the job,Annu Aggarwal,not showing always on display,2026-09-17 07:02:01.422160,547,not showing always on display,NEGATIVE,0.9985,3.0,False,2026-09-17 07:03:27.273356
548,Fire-Boltt Rise Force,Fire-Boltt,5.0,Must buy!,Flipkart Customer,Good,2026-09-17 07:02:01.422160,548,Good,POSITIVE,0.9998,5.0,False,2026-09-17 07:03:27.273356
549,Fire-Boltt Rise Force,Fire-Boltt,5.0,Terrific purchase,Flipkart Customer,I use 3day it's really good i love this watch ❤️❤️,2026-09-17 07:02:01.422160,549,I use 3day it's really good i love this watch ❤️❤️,POSITIVE,0.9998,5.0,False,2026-09-17 07:03:27.273356
550,Fire-Boltt Rise Force,Fire-Boltt,5.0,Awesome,Prabhanjan Kumar,It's a good product under budget,2026-09-17 07:02:01.422160,550,It's a good product under budget,POSITIVE,0.9998,5.0,False,2026-09-17 07:03:27.273356
551,Fire-Boltt Rise Force,Fire-Boltt,5.0,Terrific,Suraj Kumar bhardwaj,Very good product,2026-09-17 07:02:01.422160,551,Very good product,POSITIVE,0.9999,5.0,False,2026-09-17 07:03:27.273356
552,Fire-Boltt Rise Force,Fire-Boltt,5.0,Awesome,Srinivas lenka  Lenka,"Value For Money, Looks Great.",2026-09-17 07:02:01.422160,552,"Value For Money, Looks Great.",POSITIVE,0.9999,5.0,False,2026-09-17 07:03:27.273356
553,Fire-Boltt Rise Force,Fire-Boltt,5.0,Terrific,Dundigala Ravikumar,"I am very happy with this smartwatch. The display is bright and clear, making it easy to use even outdoors. The design looks premium and feels comfortable on the wrist. Battery backup is impressive an...",2026-09-17 07:02:01.422160,553,"I am very happy with this smartwatch. The display is bright and clear, making it easy to use even outdoors. The design looks premium and feels comfortable on the wrist. Battery backup is impressive an...",POSITIVE,0.9998,5.0,False,2026-09-17 07:03:27.273356
554,Fire-Boltt Rise Force,Fire-Boltt,5.0,Mind-blowing purchase,Abhilasha Rathore,Very good 💯😊,2026-09-17 07:02:01.422160,554,Very good 💯😊,POSITIVE,0.9999,5.0,False,2026-09-17 07:03:27.273356
555,Fire-Boltt Rise Force,Fire-Boltt,5.0,Worth every penny,Vanita Aanchal khatri shankar,I can't believe you can get such a good product at such a low price.thank your flipkart 😊👌👌👍,2026-09-17 07:02:01.422160,555,I can't believe you can get such a good product at such a low price.thank your flipkart 😊👌👌👍,NEGATIVE,0.9785,5.0,True,2026-09-17 07:03:27.273356
556,Fire-Boltt Rise Force,Fire-Boltt,5.0,Brilliant,Flipkart Customer,This is an awesome watch,2026-09-17 07:02:01.422160,556,This is an awesome watch,POSITIVE,0.9999,5.0,False,2026-09-17 07:03:27.273356
557,Fire-Boltt Rise Force,Fire-Boltt,5.0,Fabulous!,Sajeesh S,Best in Value for money,2026-09-17 07:02:01.422160,557,Best in Value for money,POSITIVE,0.9997,5.0,False,2026-09-17 07:03:27.273356
558,Fire-Boltt Rise Force,Fire-Boltt,5.0,Worth every penny,Adarsh Damawale,Battery 10/10 Design 10/10 Music 10/7 Display 10/10 Good product like,2026-09-17 07:02:01.422160,558,Battery 10/10 Design 10/10 Music 10/7 Display 10/10 Good product like,POSITIVE,0.999,5.0,False,2026-09-17 07:03:27.273356
559,Fire-Boltt Rise Force,Fire-Boltt,5.0,Just wow!,Lucky P,Good product I like it and limited price also,2026-09-17 07:02:01.422160,559,Good product I like it and limited price also,POSITIVE,0.9997,5.0,False,2026-09-17 07:03:27.273356
560,Fire-Boltt Rise Force,Fire-Boltt,5.0,Classy product,Flipkart Customer,Thnx to flipkart and all members awesome watch and features,2026-09-17 07:02:01.422160,560,Thnx to flipkart and all members awesome watch and features,POSITIVE,0.9998,5.0,False,2026-09-17 07:03:27.273356
561,Fire-Boltt Rise Force,Fire-Boltt,5.0,Brilliant,Hazrat Ansari,Good Product,2026-09-17 07:02:01.422160,561,Good Product,POSITIVE,0.9999,5.0,False,2026-09-17 07:03:27.273356
562,Fire-Boltt Rise Force,Fire-Boltt,3.0,Nice,Flipkart Customer,Good product.good watch,2026-09-17 07:02:01.422160,562,Good product.good watch,POSITIVE,0.9999,3.0,False,2026-09-17 07:03:27.273356
563,Fire-Boltt Rise Force,Fire-Boltt,5.0,Fabulous!,SANAT  MAHATA,Nice,2026-09-17 07:02:01.422160,563,Nice,POSITIVE,0.9999,5.0,False,2026-09-17 07:03:27.273356
564,Crossbeats Armour Pro,Crossbeats,5.0,Worth every penny,Srinu  Ammula,Nice product,2026-09-17 07:02:01.422160,564,Nice product,POSITIVE,0.9999,5.0,False,2026-09-17 07:03:27.273356
565,Crossbeats Armour Pro,Crossbeats,4.0,Wonderful,Keshavanand Patil,Overall Good for daily needs.,2026-09-17 07:02:01.422160,565,Overall Good for daily needs.,POSITIVE,0.9998,4.0,False,2026-09-17 07:03:27.273356
566,Crossbeats Armour Pro,Crossbeats,5.0,Best in the market!,Roshin Biju,Good product,2026-09-17 07:02:01.422160,566,Good product,POSITIVE,0.9999,5.0,False,2026-09-17 07:03:27.273356
567,Crossbeats Armour Pro,Crossbeats,5.0,Just wow!,Sumit Kumar,Very good product,2026-09-17 07:02:01.422160,567,Very good product,POSITIVE,0.9999,5.0,False,2026-09-17 07:03:27.273356
568,Crossbeats Armour Pro,Crossbeats,5.0,Wonderful,Karthik Subramanya,"Brilliant battery (lasts over 3 weeks even when wearing it all through the day and night) and good ergonomics. A little bit heavy on the wrist but not much of a bother otherwise. Looks great, buttons...",2026-09-17 07:02:01.422160,568,"Brilliant battery (lasts over 3 weeks even when wearing it all through the day and night) and good ergonomics. A little bit heavy on the wrist but not much of a bother otherwise. Looks great, buttons...",POSITIVE,0.9964,5.0,False,2026-09-17 07:03:27.273356
569,Crossbeats Armour Pro,Crossbeats,5.0,Must buy!,Flipkart Customer,good product i am impressed this product,2026-09-17 07:02:01.422160,569,good product i am impressed this product,POSITIVE,0.9999,5.0,False,2026-09-17 07:03:27.273356
570,Crossbeats Armour Pro,Crossbeats,5.0,Classy product,Avinava Sarkar,This is a great value for money product in this price range,2026-09-17 07:02:01.422160,570,This is a great value for money product in this price range,POSITIVE,0.9989,5.0,False,2026-09-17 07:03:27.273356
571,Crossbeats Armour Pro,Crossbeats,5.0,Super!,HARIPULLACHARI  PATTIPATI,Call received three seconds automatic pickup the call it was problem,2026-09-17 07:02:01.422160,571,Call received three seconds automatic pickup the call it was problem,NEGATIVE,0.9988,5.0,True,2026-09-17 07:03:27.273356
572,Amazfit Balance 2,Amazfit,5.0,Super!,Kavita Kavita,Great watch. I researched so much before buying because it was my first running watch. Compared it with Garmin and coros watches but Amazfit really provides great value for money and superior hardware...,2026-09-17 07:02:01.422160,572,Great watch. I researched so much before buying because it was my first running watch. Compared it with Garmin and coros watches but Amazfit really provides great value for money and superior hardware...,POSITIVE,0.999,5.0,False,2026-09-17 07:03:27.273356
573,Amazfit Balance 2,Amazfit,1.0,Unsatisfactory,pradeep darsi,I had this watch for a month. The screen started blinking like anything. Not able to have any options. Never go for this. Will update if the company responds and takes any action. I am really disappoi...,2026-09-17 07:02:01.422160,573,I had this watch for a month. The screen started blinking like anything. Not able to have any options. Never go for this. Will update if the company responds and takes any action. I am really disappoi...,NEGATIVE,0.9997,1.0,False,2026-09-17 07:03:27.273356
574,Amazfit Balance 2,Amazfit,5.0,Terrific,Ravindra Waghmare,It's a good watch.,2026-09-17 07:02:01.422160,574,It's a good watch.,POSITIVE,0.9999,5.0,False,2026-09-17 07:03:27.273356
575,Amazfit Balance 2,Amazfit,5.0,Super!,Kamal nayan kumar,Awesome product,2026-09-17 07:02:01.422160,575,Awesome product,POSITIVE,0.9999,5.0,False,2026-09-17 07:03:27.273356
576,Amazfit Balance 2,Amazfit,1.0,Not recommended at all,suraj  rao,I am trying to return the product it is available for return now what to do,2026-09-17 07:02:01.422160,576,I am trying to return the product it is available for return now what to do,NEGATIVE,0.9983,1.0,False,2026-09-17 07:03:27.273356
577,Amazfit Balance 2,Amazfit,5.0,Worth every penny,Rajesh Gujjanti,It's a fitness tracker with basic smart watch functionality,2026-09-17 07:02:01.422160,577,It's a fitness tracker with basic smart watch functionality,POSITIVE,0.9707,5.0,False,2026-09-17 07:03:27.273356
578,boAt Wave Fury,boAt,4.0,Really Nice,Flipkart Customer,Outstanding,2026-09-17 07:02:01.422160,578,Outstanding,POSITIVE,0.9999,4.0,False,2026-09-17 07:03:27.273356
579,boAt Wave Fury,boAt,4.0,Pretty good,Priyanka Mondal,Happy 😊,2026-09-17 07:02:01.422160,579,Happy 😊,POSITIVE,0.9999,4.0,False,2026-09-17 07:03:27.273356
580,boAt Wave Fury,boAt,4.0,Nice product,Shyamali Pal,It's is a good product Some of its Advantage are 1 . Good brightness 2. Good sillicon strap 3. Looking good 4. Budget friendly 5. Call feature Disadvantage are 1. No Claculator 2. No games 3. sound ...,2026-09-17 07:02:01.422160,580,It's is a good product Some of its Advantage are 1 . Good brightness 2. Good sillicon strap 3. Looking good 4. Budget friendly 5. Call feature Disadvantage are 1. No Claculator 2. No games 3. sound ...,POSITIVE,0.9778,4.0,False,2026-09-17 07:03:27.273356
581,boAt Wave Fury,boAt,5.0,Super!,Snehalata  Panda,Original boat watch. Thank you flipkart,2026-09-17 07:02:01.422160,581,Original boat watch. Thank you flipkart,POSITIVE,0.9998,5.0,False,2026-09-17 07:03:27.273356
582,boAt Wave Fury,boAt,4.0,Delightful,gokul s,Money saving 🔥🔥🔥,2026-09-17 07:02:01.422160,582,Money saving 🔥🔥🔥,NEGATIVE,0.7917,4.0,False,2026-09-17 07:03:27.273356
583,boAt Wave Fury,boAt,5.0,Awesome,Neha  Yadav,Best product in best price 😉,2026-09-17 07:02:01.422160,583,Best product in best price 😉,POSITIVE,0.9993,5.0,False,2026-09-17 07:03:27.273356
584,boAt Wave Fury,boAt,4.0,Really Nice,Kartick Mondal,"Nice display, and degine osam... 🔥🔥🔥",2026-09-17 07:02:01.422160,584,"Nice display, and degine osam... 🔥🔥🔥",POSITIVE,0.9927,4.0,False,2026-09-17 07:03:27.273356
585,boAt Wave Fury,boAt,4.0,Very Good,Flipkart Customer,"Watch look is nice ,but battery life is not 30 days minimum 5 days battery life.making for plastic and sound quality is the best",2026-09-17 07:02:01.422160,585,"Watch look is nice ,but battery life is not 30 days minimum 5 days battery life.making for plastic and sound quality is the best",POSITIVE,0.9992,4.0,False,2026-09-17 07:03:27.273356
586,boAt Wave Fury,boAt,5.0,Must buy!,Sahil Khan,Very good product 👍,2026-09-17 07:02:01.422160,586,Very good product 👍,POSITIVE,0.9998,5.0,False,2026-09-17 07:03:27.273356
587,boAt Wave Fury,boAt,5.0,Highly recommended,Sneha Pal,Nice,2026-09-17 07:02:01.422160,587,Nice,POSITIVE,0.9999,5.0,False,2026-09-17 07:03:27.273356
588,boAt Wave Fury,boAt,5.0,Great product,Pankhudi  Mishra,Wonderful smart watch and boat smart watch looks classy while wear this... Function is also very easy to operate and you can call through it to anyone very easily... You can also use music player and ...,2026-09-17 07:02:01.422160,588,Wonderful smart watch and boat smart watch looks classy while wear this... Function is also very easy to operate and you can call through it to anyone very easily... You can also use music player and ...,POSITIVE,0.9994,5.0,False,2026-09-17 07:03:27.273356
589,boAt Wave Fury,boAt,5.0,Just wow!,Anshu Chib,"A Perfect Companion for Your Active Lifestyle - Recently purchased this smart watch, and I am absolutely thrilled with my purchase! The design is sleek and modern, and the battery life is amazing. I c...",2026-09-17 07:02:01.422160,589,"A Perfect Companion for Your Active Lifestyle - Recently purchased this smart watch, and I am absolutely thrilled with my purchase! The design is sleek and modern, and the battery life is amazing. I c...",POSITIVE,0.9999,5.0,False,2026-09-17 07:03:27.273356
590,boAt Wave Fury,boAt,5.0,Must buy!,Shoaib Shoai,Full smart watch,2026-09-17 07:02:01.422160,590,Full smart watch,POSITIVE,0.9996,5.0,False,2026-09-17 07:03:27.273356
591,boAt Wave Fury,boAt,5.0,Worth every penny,Prashank Rathore,"As expected watch have very premium quality in this price range and my experience is very very good. This have own calling system and mic within it so it's very useful, the speaker is very good and cl...",2026-09-17 07:02:01.422160,591,"As expected watch have very premium quality in this price range and my experience is very very good. This have own calling system and mic within it so it's very useful, the speaker is very good and cl...",POSITIVE,0.9998,5.0,False,2026-09-17 07:03:27.273356
592,boAt Wave Fury,boAt,5.0,Terrific purchase,Mohd Jamal,Super 😊💯,2026-09-17 07:02:01.422160,592,Super 😊💯,POSITIVE,0.9332,5.0,False,2026-09-17 07:03:27.273356
593,boAt Wave Fury,boAt,3.0,Nice,Prakash Roy,Battery life is not good. Only 2 days run.,2026-09-17 07:02:01.422160,593,Battery life is not good. Only 2 days run.,NEGATIVE,0.9993,3.0,False,2026-09-17 07:03:27.273356
594,boAt Wave Fury,boAt,5.0,Best in the market!,Nishant Kumar,Amazing experience... Nice watch,2026-09-17 07:02:01.422160,594,Amazing experience... Nice watch,POSITIVE,0.9999,5.0,False,2026-09-17 07:03:27.273356
595,boAt Wave Fury,boAt,5.0,Classy product,Dinesh Malde,It is good,2026-09-17 07:02:01.422160,595,It is good,POSITIVE,0.9998,5.0,False,2026-09-17 07:03:27.273356
596,boAt Wave Fury,boAt,5.0,Terrific purchase,Flipkart Customer,It is very usefull for me,2026-09-17 07:02:01.422160,596,It is very usefull for me,POSITIVE,0.9991,5.0,False,2026-09-17 07:03:27.273356
597,boAt Wave Fury,boAt,4.0,Very Good,Ayush Aryan,"Everything is good but the screen quality is a little bit average type. Keeping that aside, rest of the features are excellent",2026-09-17 07:02:01.422160,597,"Everything is good but the screen quality is a little bit average type. Keeping that aside, rest of the features are excellent",POSITIVE,0.9996,4.0,False,2026-09-17 07:03:27.273356
598,boAt Wave Fury,boAt,5.0,Awesome,Babli Mondal,Value for money...👍🏻,2026-09-17 07:02:01.422160,598,Value for money...👍🏻,POSITIVE,0.9807,5.0,False,2026-09-17 07:03:27.273356
599,boAt Wave Fury,boAt,4.0,Very Good,Pranabesh Sau,"Design is good, all features are working well. 1st time connecting with mobile was showing some issue. Battery service is good.",2026-09-17 07:02:01.422160,599,"Design is good, all features are working well. 1st time connecting with mobile was showing some issue. Battery service is good.",POSITIVE,0.9997,4.0,False,2026-09-17 07:03:27.273356
600,boAt Wave Fury,boAt,5.0,Great product,Lalitha B,"Very good brand is brand , super no words I bought this for my son he loved it",2026-09-17 07:02:01.422160,600,"Very good brand is brand , super no words I bought this for my son he loved it",POSITIVE,0.9998,5.0,False,2026-09-17 07:03:27.273356
601,boAt Wave Fury,boAt,5.0,Just wow!,Virendra  Kumar,Nice,2026-09-17 07:02:01.422160,601,Nice,POSITIVE,0.9999,5.0,False,2026-09-17 07:03:27.273356
602,boAt Wave Fury,boAt,5.0,Brilliant,Kanre Poojitha,"Nice product,",2026-09-17 07:02:01.422160,602,"Nice product,",POSITIVE,0.9999,5.0,False,2026-09-17 07:03:27.273356
603,boAt Wave Fury,boAt,4.0,Really Nice,Firoz Miyan,Nice,2026-09-17 07:02:01.422160,603,Nice,POSITIVE,0.9999,4.0,False,2026-09-17 07:03:27.273356
604,boAt Wave Fury,boAt,3.0,Decent product,Rupali Bhattacharya,Not fast working. Just okay I m not happy this produsct,2026-09-17 07:02:01.422160,604,Not fast working. Just okay I m not happy this produsct,NEGATIVE,0.9902,3.0,False,2026-09-17 07:03:27.273356
605,boAt Wave Fury,boAt,5.0,Highly recommended,Deepa,All Features are working very smoothly quality is very good perfect in my hand looking best smartwatch,2026-09-17 07:02:01.422160,605,All Features are working very smoothly quality is very good perfect in my hand looking best smartwatch,POSITIVE,0.9998,5.0,False,2026-09-17 07:03:27.273356
606,boAt Wave Fury,boAt,4.0,Wonderful,Flipkart Customer,This is my first smart watch as I got a government job recently.😅 Ok let's talk about watch. 👉Battery 4/5...it's good to use it without connecting to ur phone . 👉Display 5/5 min...i m loving the di...,2026-09-17 07:02:01.422160,606,This is my first smart watch as I got a government job recently.😅 Ok let's talk about watch. 👉Battery 4/5...it's good to use it without connecting to ur phone . 👉Display 5/5 min...i m loving the di...,POSITIVE,0.9943,4.0,False,2026-09-17 07:03:27.273356
607,boAt Wave Fury,boAt,5.0,Fabulous!,Flipkart Customer,Nice,2026-09-17 07:02:01.422160,607,Nice,POSITIVE,0.9999,5.0,False,2026-09-17 07:03:27.273356
608,boAt Wave Fury,boAt,5.0,Wonderful,Flipkart Customer,I have been using this watch for over 1 year now and it's still working fine very nice watch but boAt could at some games,2026-09-17 07:02:01.422160,608,I have been using this watch for over 1 year now and it's still working fine very nice watch but boAt could at some games,POSITIVE,0.9916,5.0,False,2026-09-17 07:03:27.273356
609,boAt Wave Fury,boAt,5.0,Best in the market!,Shikha vidit Baranwal,My son told me to buy this smart watch for him and I bought it from flipcart. After some day I felt that he is very active and very carefull for his health. I understand that it is a benefit of smartw...,2026-09-17 07:02:01.422160,609,My son told me to buy this smart watch for him and I bought it from flipcart. After some day I felt that he is very active and very carefull for his health. I understand that it is a benefit of smartw...,POSITIVE,0.9982,5.0,False,2026-09-17 07:03:27.273356
610,boAt Wave Fury,boAt,4.0,Pretty good,Prince Kumar,All features are well working but battery backup is so low.Worst notification function,2026-09-17 07:02:01.422160,610,All features are well working but battery backup is so low.Worst notification function,NEGATIVE,0.9994,4.0,True,2026-09-17 07:03:27.273356
611,boAt Wave Fury,boAt,3.0,Does the job,Jyoti,I like the design but battery backup is worse Touch don't work sometime get hang and it's says India's no.1 brand but there is no feature of Hindi language in this watch I brought noise smartwatch b...,2026-09-17 07:02:01.422160,611,I like the design but battery backup is worse Touch don't work sometime get hang and it's says India's no.1 brand but there is no feature of Hindi language in this watch I brought noise smartwatch b...,NEGATIVE,0.9935,3.0,False,2026-09-17 07:03:27.273356
612,boAt Wave Fury,boAt,4.0,Delightful,Uday Kumar,This product is value for money 💰,2026-09-17 07:02:01.422160,612,This product is value for money 💰,NEGATIVE,0.8306,4.0,False,2026-09-17 07:03:27.273356
613,boAt Wave Fury,boAt,4.0,Delightful,Mohsin Mohammed,Value for money,2026-09-17 07:02:01.422160,613,Value for money,POSITIVE,0.9978,4.0,False,2026-09-17 07:03:27.273356
614,boAt Wave Fury,boAt,5.0,Perfect product!,Shivam yadav  Ji,"I have given it as a gift for my girl friend, the watch is very nice",2026-09-17 07:02:01.422160,614,"I have given it as a gift for my girl friend, the watch is very nice",POSITIVE,0.9998,5.0,False,2026-09-17 07:03:27.273356
615,boAt Wave Fury,boAt,3.0,Just okay,Bharti Parmar,Its nice. Looking 💯 classy. No lose with this price. Go n buy. Don't be late guys. Its actually really very good.,2026-09-17 07:02:01.422160,615,Its nice. Looking 💯 classy. No lose with this price. Go n buy. Don't be late guys. Its actually really very good.,POSITIVE,0.9998,3.0,False,2026-09-17 07:03:27.273356
616,boAt Wave Fury,boAt,5.0,Mind-blowing purchase,Flipkart Customer,Amazing 🤩,2026-09-17 07:02:01.422160,616,Amazing 🤩,POSITIVE,0.9999,5.0,False,2026-09-17 07:03:27.273356
617,boAt Wave Fury,boAt,4.0,Wonderful,Babuni Babuni,"Nice product, but very small size",2026-09-17 07:02:01.422160,617,"Nice product, but very small size",POSITIVE,0.9971,4.0,False,2026-09-17 07:03:27.273356
618,boAt Wave Fury,boAt,5.0,Highly recommended,Debu  Sarkar,Design is very beautiful is product very nice 👍🙂,2026-09-17 07:02:01.422160,618,Design is very beautiful is product very nice 👍🙂,POSITIVE,0.9999,5.0,False,2026-09-17 07:03:27.273356
619,boAt Wave Fury,boAt,5.0,Must buy!,Dhara Goyal,Amazing product,2026-09-17 07:02:01.422160,619,Amazing product,POSITIVE,0.9999,5.0,False,2026-09-17 07:03:27.273356
620,boAt Wave Fury,boAt,5.0,Terrific purchase,Roshan Singh,Very nice product value for money,2026-09-17 07:02:01.422160,620,Very nice product value for money,POSITIVE,0.9998,5.0,False,2026-09-17 07:03:27.273356
621,boAt Wave Fury,boAt,5.0,Great product,❤️Abhishek ❤️ ❣️ Lodhi ❣️,Doat watch ⌚ good 😊❤️😘,2026-09-17 07:02:01.422160,621,Doat watch ⌚ good 😊❤️😘,POSITIVE,0.9977,5.0,False,2026-09-17 07:03:27.273356
622,boAt Wave Fury,boAt,5.0,Brilliant,Alia Customer,"The watch has great features, good functionality, with an good look and feel. Features like AI voice assistant, music control, sports modes.. comfort, durability, and excellent call quality is crucial...",2026-09-17 07:02:01.422160,622,"The watch has great features, good functionality, with an good look and feel. Features like AI voice assistant, music control, sports modes.. comfort, durability, and excellent call quality is crucial...",POSITIVE,0.9998,5.0,False,2026-09-17 07:03:27.273356
623,boAt Wave Fury,boAt,5.0,Fabulous!,Pratham Goyal,Nice smart watch it have very unique features link in this watch we have change the watch face by moving the dial and build quality is also very nice and battery backup is super over all good experience,2026-09-17 07:02:01.422160,623,Nice smart watch it have very unique features link in this watch we have change the watch face by moving the dial and build quality is also very nice and battery backup is super over all good experience,POSITIVE,0.9992,5.0,False,2026-09-17 07:03:27.273356
624,boAt Wave Fury,boAt,5.0,Terrific purchase,Flipkart Customer,looking good awesome 😎😎😎 nice one,2026-09-17 07:02:01.422160,624,looking good awesome 😎😎😎 nice one,POSITIVE,0.9999,5.0,False,2026-09-17 07:03:27.273356
625,boAt Wave Fury,boAt,5.0,Just wow!,Flipkart Customer,Nyc product Awesome Value of money Boat company is very good,2026-09-17 07:02:01.422160,625,Nyc product Awesome Value of money Boat company is very good,POSITIVE,0.9998,5.0,False,2026-09-17 07:03:27.273356
626,boAt Wave Fury,boAt,2.0,Could be way better,IRFAN  Mohammed,Does not work proper and battery performance not good,2026-09-17 07:02:01.422160,626,Does not work proper and battery performance not good,NEGATIVE,0.9998,2.0,False,2026-09-17 07:03:27.273356
627,boAt Wave Fury,boAt,2.0,Expected a better product,Vikranth Patel,Colour not good.,2026-09-17 07:02:01.422160,627,Colour not good.,NEGATIVE,0.9998,2.0,False,2026-09-17 07:03:27.273356
628,boAt Wave Fury,boAt,5.0,Excellent,Aniket Aryan,I think it's good for me,2026-09-17 07:02:01.422160,628,I think it's good for me,POSITIVE,0.9998,5.0,False,2026-09-17 07:03:27.273356
629,boAt Wave Fury,boAt,5.0,Simply awesome,Sarif Ahmed,Overall good,2026-09-17 07:02:01.422160,629,Overall good,POSITIVE,0.9998,5.0,False,2026-09-17 07:03:27.273356
630,boAt Wave Fury,boAt,5.0,Super!,Flipkart Customer,Watch is very beautiful display is very smooth work good look but problem is future short and betry 1 day and screen pic costmiz not good fit,2026-09-17 07:02:01.422160,630,Watch is very beautiful display is very smooth work good look but problem is future short and betry 1 day and screen pic costmiz not good fit,NEGATIVE,0.9942,5.0,True,2026-09-17 07:03:27.273356
631,boAt Wave Fury,boAt,5.0,Best in the market!,Flipkart Customer,Good,2026-09-17 07:02:01.422160,631,Good,POSITIVE,0.9998,5.0,False,2026-09-17 07:03:27.273356
632,boAt Wave Fury,boAt,5.0,Brilliant,Priya Customer,"Mind-blowing feathers , long-lasting, all systems are available,I loved it.",2026-09-17 07:02:01.422160,632,"Mind-blowing feathers , long-lasting, all systems are available,I loved it.",POSITIVE,0.9998,5.0,False,2026-09-17 07:03:27.273356
633,boAt Wave Fury,boAt,5.0,Highly recommended,Atul Jain,"Battery backup of watch is very good. The design and looks of the watch are stylish. It has very good features which are all working well.(Calling features, music control, step counting, etc.....)",2026-09-17 07:02:01.422160,633,"Battery backup of watch is very good. The design and looks of the watch are stylish. It has very good features which are all working well.(Calling features, music control, step counting, etc.....)",POSITIVE,0.9998,5.0,False,2026-09-17 07:03:27.273356
634,boAt Wave Fury,boAt,4.0,Good choice,Susmita Shill,Good,2026-09-17 07:02:01.422160,634,Good,POSITIVE,0.9998,4.0,False,2026-09-17 07:03:27.273356
635,boAt Wave Fury,boAt,4.0,Delightful,DIPENDRA AARYA,Nice product,2026-09-17 07:02:01.422160,635,Nice product,POSITIVE,0.9999,4.0,False,2026-09-17 07:03:27.273356
636,boAt Wave Fury,boAt,4.0,Wonderful,ANKESH NAMDEV,This product is very good,2026-09-17 07:02:01.422160,636,This product is very good,POSITIVE,0.9999,4.0,False,2026-09-17 07:03:27.273356
637,boAt Wave Fury,boAt,4.0,Really Nice,Zala Himanshu,This watch nice but 1 problem display wallpaper create my gallery and not parfect image ..so improve this setting,2026-09-17 07:02:01.422160,637,This watch nice but 1 problem display wallpaper create my gallery and not parfect image ..so improve this setting,POSITIVE,0.911,4.0,False,2026-09-17 07:03:27.273356
638,boAt Wave Fury,boAt,4.0,Nice product,Shailendra Prajapati,Best quality.osm price,2026-09-17 07:02:01.422160,638,Best quality.osm price,POSITIVE,0.9984,4.0,False,2026-09-17 07:03:27.273356
639,boAt Wave Fury,boAt,4.0,Very Good,Flipkart Customer,its v.nice..watch..worth of prise,2026-09-17 07:02:01.422160,639,its v.nice..watch..worth of prise,NEGATIVE,0.6822,4.0,False,2026-09-17 07:03:27.273356
640,boAt Wave Fury,boAt,4.0,Nice product,Shivang Badheka,Good product in value for money,2026-09-17 07:02:01.422160,640,Good product in value for money,POSITIVE,0.9998,4.0,False,2026-09-17 07:03:27.273356
641,boAt Wave Fury,boAt,4.0,Wonderful,Flipkart Customer,Average product. This price range it is good one,2026-09-17 07:02:01.422160,641,Average product. This price range it is good one,POSITIVE,0.9998,4.0,False,2026-09-17 07:03:27.273356
642,boAt Wave Fury,boAt,4.0,Really Nice,Pranjit Chutia,Good value for money,2026-09-17 07:02:01.422160,642,Good value for money,POSITIVE,0.9999,4.0,False,2026-09-17 07:03:27.273356
643,boAt Wave Fury,boAt,4.0,Wonderful,Backing  George Momin,Value for money,2026-09-17 07:02:01.422160,643,Value for money,POSITIVE,0.9978,4.0,False,2026-09-17 07:03:27.273356
644,boAt Wave Fury,boAt,4.0,Really Nice,Flipkart Customer,Nice product,2026-09-17 07:02:01.422160,644,Nice product,POSITIVE,0.9999,4.0,False,2026-09-17 07:03:27.273356
645,boAt Wave Fury,boAt,4.0,Very Good,Allekadaiah venkatamma,Quality wise is good,2026-09-17 07:02:01.422160,645,Quality wise is good,POSITIVE,0.9998,4.0,False,2026-09-17 07:03:27.273356
646,boAt Wave Fury,boAt,4.0,Good choice,BSG VEGETABLES MARKETING,It's nice and cool product it's worth of the product,2026-09-17 07:02:01.422160,646,It's nice and cool product it's worth of the product,POSITIVE,0.9999,4.0,False,2026-09-17 07:03:27.273356
647,boAt Wave Fury,boAt,4.0,Very Good,Md Husain Ansari,Amazing,2026-09-17 07:02:01.422160,647,Amazing,POSITIVE,0.9999,4.0,False,2026-09-17 07:03:27.273356
648,boAt Wave Fury,boAt,4.0,Value-for-money,Pooja Ahire,Very nice boat watch value for money 🤑💰,2026-09-17 07:02:01.422160,648,Very nice boat watch value for money 🤑💰,POSITIVE,0.9973,4.0,False,2026-09-17 07:03:27.273356
649,boAt Wave Fury,boAt,4.0,Good choice,SRIKANTH  GOPALAN,Call quality is good. clear noise. battery backup 3 days for all function. Value for money.,2026-09-17 07:02:01.422160,649,Call quality is good. clear noise. battery backup 3 days for all function. Value for money.,POSITIVE,0.9894,4.0,False,2026-09-17 07:03:27.273356
650,boAt Wave Fury,boAt,4.0,Wonderful,Karthick M,Okay for the money,2026-09-17 07:02:01.422160,650,Okay for the money,POSITIVE,0.9983,4.0,False,2026-09-17 07:03:27.273356
651,boAt Wave Fury,boAt,5.0,Mind-blowing purchase,Sonu Ambedkar,NYC product,2026-09-17 07:02:01.422160,651,NYC product,POSITIVE,0.995,5.0,False,2026-09-17 07:03:27.273356
652,boAt Wave Fury,boAt,5.0,Perfect product!,Khushbu Kumari,Value for money....buy this product,2026-09-17 07:02:01.422160,652,Value for money....buy this product,POSITIVE,0.9939,5.0,False,2026-09-17 07:03:27.273356
653,boAt Wave Fury,boAt,5.0,Must buy!,Amit Kumar,"It's really awesome product 😃 and really this product is value for money, very comfortable to wear and light weight. In this price the look is very cool and Performance of this watch watch is very ni...",2026-09-17 07:02:01.422160,653,"It's really awesome product 😃 and really this product is value for money, very comfortable to wear and light weight. In this price the look is very cool and Performance of this watch watch is very ni...",POSITIVE,0.9996,5.0,False,2026-09-17 07:03:27.273356
654,boAt Wave Fury,boAt,5.0,Highly recommended,Pallavi Singhvi,Truly value for money. Amazing battery backup. I have charged it once since I received it and it's been already 3 days it's still at 97 percentage. Good display and band colour.,2026-09-17 07:02:01.422160,654,Truly value for money. Amazing battery backup. I have charged it once since I received it and it's been already 3 days it's still at 97 percentage. Good display and band colour.,POSITIVE,0.9993,5.0,False,2026-09-17 07:03:27.273356
655,boAt Wave Fury,boAt,5.0,Fabulous!,Rakesh  Kakad,Nice product I m happy 😊,2026-09-17 07:02:01.422160,655,Nice product I m happy 😊,POSITIVE,0.9999,5.0,False,2026-09-17 07:03:27.273356
656,boAt Wave Fury,boAt,3.0,Good,Akanksha  Shastri,"The battery is not good at all, it is draining very quickly.",2026-09-17 07:02:01.422160,656,"The battery is not good at all, it is draining very quickly.",NEGATIVE,0.9996,3.0,False,2026-09-17 07:03:27.273356
657,boAt Wave Fury,boAt,5.0,Brilliant,Swati Manocha,What a watch!!! Awesome one with great features such as activity tracking. The battery is so good. Loved the colour and the quality. Wonderful and unique design. A complete value for money product. Must buy.,2026-09-17 07:02:01.422160,657,What a watch!!! Awesome one with great features such as activity tracking. The battery is so good. Loved the colour and the quality. Wonderful and unique design. A complete value for money product. Must buy.,POSITIVE,0.9999,5.0,False,2026-09-17 07:03:27.273356
658,boAt Wave Fury,boAt,5.0,Just wow!,Prince Kumar,That's my honesty opinion 😜💯,2026-09-17 07:02:01.422160,658,That's my honesty opinion 😜💯,POSITIVE,0.9996,5.0,False,2026-09-17 07:03:27.273356
659,boAt Wave Fury,boAt,5.0,Mind-blowing purchase,Raju Johnson,Nyc Smartwatch.. I loved it😍 Value for money 💰,2026-09-17 07:02:01.422160,659,Nyc Smartwatch.. I loved it😍 Value for money 💰,POSITIVE,0.9937,5.0,False,2026-09-17 07:03:27.273356
660,boAt Wave Fury,boAt,5.0,Must buy!,Tohid gour  Tohid gour,Value of money,2026-09-17 07:02:01.422160,660,Value of money,POSITIVE,0.9982,5.0,False,2026-09-17 07:03:27.273356
661,boAt Wave Fury,boAt,5.0,Worth every penny,Suraj Kolhe,Very Comfortable Watch And Very Good Sarvice...,2026-09-17 07:02:01.422160,661,Very Comfortable Watch And Very Good Sarvice...,POSITIVE,0.9999,5.0,False,2026-09-17 07:03:27.273356
662,boAt Wave Fury,boAt,5.0,Mind-blowing purchase,Komal  Sukhija,Such a great product from the seller liked it the most value for money a must buy product interested buyer can go for it without thinking of product and it's price,2026-09-17 07:02:01.422160,662,Such a great product from the seller liked it the most value for money a must buy product interested buyer can go for it without thinking of product and it's price,POSITIVE,0.9989,5.0,False,2026-09-17 07:03:27.273356
663,boAt Wave Fury,boAt,5.0,Classy product,Sangupandi R,Nice product but it not an add calculator and mini game but also super value for money 🤑,2026-09-17 07:02:01.422160,663,Nice product but it not an add calculator and mini game but also super value for money 🤑,POSITIVE,0.9948,5.0,False,2026-09-17 07:03:27.273356
664,boAt Wave Fury,boAt,5.0,Super!,Rajkumar Vasamsetti,Super,2026-09-17 07:02:01.422160,664,Super,POSITIVE,0.9988,5.0,False,2026-09-17 07:03:27.273356
665,boAt Wave Fury,boAt,5.0,Best in the market!,H Hmingthansanga  Varte,Nice product....... Comfort in wearing the band and the face are classy product. Super fine👍👍,2026-09-17 07:02:01.422160,665,Nice product....... Comfort in wearing the band and the face are classy product. Super fine👍👍,POSITIVE,0.9997,5.0,False,2026-09-17 07:03:27.273356
666,boAt Wave Fury,boAt,5.0,Highly recommended,Tushar  Jagtap,This price great,2026-09-17 07:02:01.422160,666,This price great,POSITIVE,0.9998,5.0,False,2026-09-17 07:03:27.273356
667,boAt Wave Fury,boAt,5.0,Perfect product!,Jay Sambhu  Mahakal,Nice,2026-09-17 07:02:01.422160,667,Nice,POSITIVE,0.9999,5.0,False,2026-09-17 07:03:27.273356
668,boAt Wave Fury,boAt,5.0,Mind-blowing purchase,Tirman  m,Gret prod,2026-09-17 07:02:01.422160,668,Gret prod,NEGATIVE,0.9907,5.0,True,2026-09-17 07:03:27.273356
669,boAt Wave Fury,boAt,5.0,Mind-blowing purchase,Amit Kumar Keshri,Just wow,2026-09-17 07:02:01.422160,669,Just wow,POSITIVE,0.9998,5.0,False,2026-09-17 07:03:27.273356
670,boAt Wave Fury,boAt,5.0,Brilliant,Mohammad Nashit,Nice,2026-09-17 07:02:01.422160,670,Nice,POSITIVE,0.9999,5.0,False,2026-09-17 07:03:27.273356
671,boAt Wave Fury,boAt,5.0,Mind-blowing purchase,Ananyia Thakuria,I love it thank u so much flipkart ☺️,2026-09-17 07:02:01.422160,671,I love it thank u so much flipkart ☺️,POSITIVE,0.9999,5.0,False,2026-09-17 07:03:27.273356
672,boAt Wave Fury,boAt,5.0,Wonderful,sonu kumar,Quality best,2026-09-17 07:02:01.422160,672,Quality best,POSITIVE,0.9998,5.0,False,2026-09-17 07:03:27.273356
673,boAt Wave Fury,boAt,5.0,Super!,Manshi  Sharma,Love the product. The sound quality is good 💯.,2026-09-17 07:02:01.422160,673,Love the product. The sound quality is good 💯.,POSITIVE,0.9998,5.0,False,2026-09-17 07:03:27.273356
674,boAt Wave Fury,boAt,5.0,Terrific,Omm Customer,Good for daily use or for workout,2026-09-17 07:02:01.422160,674,Good for daily use or for workout,POSITIVE,0.9986,5.0,False,2026-09-17 07:03:27.273356
675,boAt Wave Fury,boAt,5.0,Excellent,Anubhav  Sahoo,Very good product 👍😺,2026-09-17 07:02:01.422160,675,Very good product 👍😺,POSITIVE,0.9998,5.0,False,2026-09-17 07:03:27.273356
678,boAt Wave Fury,boAt,5.0,Worth every penny,Palash  Barman,Super product 👌 very useful product,2026-09-17 07:02:01.422160,678,Super product 👌 very useful product,POSITIVE,0.9988,5.0,False,2026-09-17 07:03:27.273356
679,boAt Wave Fury,boAt,5.0,Classy product,Mbaape footballer,"Awesome product, Gives amezing look and battery backup is also good It till last 2 complete days on one charge.",2026-09-17 07:02:01.422160,679,"Awesome product, Gives amezing look and battery backup is also good It till last 2 complete days on one charge.",POSITIVE,0.9994,5.0,False,2026-09-17 07:03:27.273356
680,boAt Wave Fury,boAt,5.0,Awesome,dhanshri misar,Good quality,2026-09-17 07:02:01.422160,680,Good quality,POSITIVE,0.9999,5.0,False,2026-09-17 07:03:27.273356
681,boAt Wave Fury,boAt,5.0,Super!,Saroj Choudhary Choudhary,Best watch,2026-09-17 07:02:01.422160,681,Best watch,POSITIVE,0.9998,5.0,False,2026-09-17 07:03:27.273356
682,boAt Wave Fury,boAt,5.0,Highly recommended,Yash Babu,My product is very good. But battery is very bad and battery fast down,2026-09-17 07:02:01.422160,682,My product is very good. But battery is very bad and battery fast down,NEGATIVE,0.9993,5.0,True,2026-09-17 07:03:27.273356
683,boAt Wave Fury,boAt,5.0,Wonderful,?kb?r ?li,"The boAt Wave Fury smartwatch has a sleek design and smooth display, perfect for everyday use. It motivates activity by tracking calorie burn, which is great for health. However, the battery lasts onl...",2026-09-17 07:02:01.422160,683,"The boAt Wave Fury smartwatch has a sleek design and smooth display, perfect for everyday use. It motivates activity by tracking calorie burn, which is great for health. However, the battery lasts onl...",POSITIVE,0.9712,5.0,False,2026-09-17 07:03:27.273356
684,boAt Wave Fury,boAt,5.0,Great product,Rahul Sharma,Product is good but battery 🔋 drains very quickly. with full charge it goes around 2 days and again need to charge the ⌚,2026-09-17 07:02:01.422160,684,Product is good but battery 🔋 drains very quickly. with full charge it goes around 2 days and again need to charge the ⌚,NEGATIVE,0.9948,5.0,True,2026-09-17 07:03:27.273356
685,boAt Wave Fury,boAt,5.0,Simply awesome,Akshay Khare,This Boat Fury Smartwatch is best in segment. According to price this gives very big 1.83 inch Hd Display which is very crystal clear. Crown working is descent. Battery backup is very good even it is ...,2026-09-17 07:02:01.422160,685,This Boat Fury Smartwatch is best in segment. According to price this gives very big 1.83 inch Hd Display which is very crystal clear. Crown working is descent. Battery backup is very good even it is ...,POSITIVE,0.9975,5.0,False,2026-09-17 07:03:27.273356
686,boAt Wave Fury,boAt,5.0,Just wow!,Flipkart Customer,"Very nice watch. After using it, if it is good then I will order the next one. Thanks.",2026-09-17 07:02:01.422160,686,"Very nice watch. After using it, if it is good then I will order the next one. Thanks.",POSITIVE,0.9997,5.0,False,2026-09-17 07:03:27.273356
687,boAt Wave Fury,boAt,5.0,Awesome,Mohan Bennurkar,Good products,2026-09-17 07:02:01.422160,687,Good products,POSITIVE,0.9999,5.0,False,2026-09-17 07:03:27.273356
688,boAt Wave Fury,boAt,5.0,Highly recommended,Flipkart Customer,Very good product 👍 smooth screen,2026-09-17 07:02:01.422160,688,Very good product 👍 smooth screen,POSITIVE,0.9998,5.0,False,2026-09-17 07:03:27.273356
689,boAt Wave Fury,boAt,5.0,Highly recommended,Mitali Gupta Hela,"Product is very good, function also very updated Colour good but if gift belts extra one it's better for regular use male and female both 🤗🤗🙏🏻 Thank you so much Flipkart",2026-09-17 07:02:01.422160,689,"Product is very good, function also very updated Colour good but if gift belts extra one it's better for regular use male and female both 🤗🤗🙏🏻 Thank you so much Flipkart",POSITIVE,0.9981,5.0,False,2026-09-17 07:03:27.273356
690,boAt Wave Fury,boAt,5.0,Best in the market!,Flipkart Customer,Very nice features and smoothly working,2026-09-17 07:02:01.422160,690,Very nice features and smoothly working,POSITIVE,0.9999,5.0,False,2026-09-17 07:03:27.273356
691,boAt Wave Fury,boAt,5.0,Mind-blowing purchase,Arman  Mansuri,Nice product 😃 Value for money 🥰,2026-09-17 07:02:01.422160,691,Nice product 😃 Value for money 🥰,POSITIVE,0.9992,5.0,False,2026-09-17 07:03:27.273356
692,boAt Wave Fury,boAt,5.0,Fabulous!,Ashis Kusum,Very beautiful and best product 💝💝,2026-09-17 07:02:01.422160,692,Very beautiful and best product 💝💝,POSITIVE,0.9999,5.0,False,2026-09-17 07:03:27.273356
693,boAt Wave Fury,boAt,5.0,Highly recommended,Sunil Kumar  Pani,Over all good in this range,2026-09-17 07:02:01.422160,693,Over all good in this range,POSITIVE,0.9995,5.0,False,2026-09-17 07:03:27.273356
694,boAt Wave Fury,boAt,5.0,Classy product,Flipkart Customer,Nice watch and is almost accurate about health ☺️💝☺️,2026-09-17 07:02:01.422160,694,Nice watch and is almost accurate about health ☺️💝☺️,POSITIVE,0.9997,5.0,False,2026-09-17 07:03:27.273356
695,boAt Wave Fury,boAt,5.0,Must buy!,YOGESH VISHWAKARMA,Very good product in this price range........,2026-09-17 07:02:01.422160,695,Very good product in this price range........,POSITIVE,0.9998,5.0,False,2026-09-17 07:03:27.273356
696,boAt Wave Fury,boAt,5.0,Great product,Thriraj Palegar,It's good and value for money 💰,2026-09-17 07:02:01.422160,696,It's good and value for money 💰,POSITIVE,0.9998,5.0,False,2026-09-17 07:03:27.273356
697,boAt Wave Fury,boAt,5.0,Best in the market!,Flipkart Customer,"Extremely Happy With This Product. Value For Money Display Is Good ,Features Also Good ,Battery Life Is Good. Overall Fantastic experience and Fantastic Product.",2026-09-17 07:02:01.422160,697,"Extremely Happy With This Product. Value For Money Display Is Good ,Features Also Good ,Battery Life Is Good. Overall Fantastic experience and Fantastic Product.",POSITIVE,0.9999,5.0,False,2026-09-17 07:03:27.273356
698,boAt Wave Fury,boAt,5.0,Simply awesome,Flipkart Customer,Watch outstanding value for money,2026-09-17 07:02:01.422160,698,Watch outstanding value for money,POSITIVE,0.9998,5.0,False,2026-09-17 07:03:27.273356
699,boAt Wave Fury,boAt,5.0,Best in the market!,Nishant Kumar,"The watch is amazing , ( review after 1 month ) Pros: Massive display Excellent looks. Hard material Tough standard watch Brightness is more than expected The activity tracker is about 98% accurat...",2026-09-17 07:02:01.422160,699,"The watch is amazing , ( review after 1 month ) Pros: Massive display Excellent looks. Hard material Tough standard watch Brightness is more than expected The activity tracker is about 98% accurat...",POSITIVE,0.9992,5.0,False,2026-09-17 07:03:27.273356
700,boAt Wave Fury,boAt,5.0,Awesome,Tejas Patel,Value for money. Amazing watch.,2026-09-17 07:02:01.422160,700,Value for money. Amazing watch.,POSITIVE,0.9999,5.0,False,2026-09-17 07:03:27.273356
701,boAt Wave Fury,boAt,5.0,Best in the market!,Apu Pramanik,Wonderful 😊😊 product 👏,2026-09-17 07:02:01.422160,701,Wonderful 😊😊 product 👏,POSITIVE,0.9999,5.0,False,2026-09-17 07:03:27.273356
702,boAt Wave Fury,boAt,5.0,Terrific purchase,Bitu  Kumar,Nice watch for looking me boy hand watch,2026-09-17 07:02:01.422160,702,Nice watch for looking me boy hand watch,POSITIVE,0.9969,5.0,False,2026-09-17 07:03:27.273356
703,boAt Wave Fury,boAt,5.0,Brilliant,palak radhan,must buy,2026-09-17 07:02:01.422160,703,must buy,POSITIVE,0.982,5.0,False,2026-09-17 07:03:27.273356
704,boAt Wave Fury,boAt,5.0,Excellent,Gautham Kumar,"Good product, value for money. Responsive Time is very fast and quick connecting With mobile.",2026-09-17 07:02:01.422160,704,"Good product, value for money. Responsive Time is very fast and quick connecting With mobile.",POSITIVE,0.9994,5.0,False,2026-09-17 07:03:27.273356
705,boAt Wave Fury,boAt,5.0,Best in the market!,MD AKRAM  Hussain,Best product,2026-09-17 07:02:01.422160,705,Best product,POSITIVE,0.9998,5.0,False,2026-09-17 07:03:27.273356
706,boAt Wave Fury,boAt,5.0,Mind-blowing purchase,Flipkart Customer,Very good it is value of money and it is smooth to use it is a good product 👍 go for it,2026-09-17 07:02:01.422160,706,Very good it is value of money and it is smooth to use it is a good product 👍 go for it,POSITIVE,0.9997,5.0,False,2026-09-17 07:03:27.273356
707,boAt Wave Fury,boAt,5.0,Mind-blowing purchase,Arup Bhattacharjee,"Everything is good, but no BP monitor system....",2026-09-17 07:02:01.422160,707,"Everything is good, but no BP monitor system....",NEGATIVE,0.5014,5.0,False,2026-09-17 07:03:27.273356
708,boAt Wave Fury,boAt,5.0,Simply awesome,Behera Behera,Very good looking smart watch with decent features of monitoring health and have a good connection to the smartphone.There are some cool features which are worth appreciating in this smartwatch.its fu...,2026-09-17 07:02:01.422160,708,Very good looking smart watch with decent features of monitoring health and have a good connection to the smartphone.There are some cool features which are worth appreciating in this smartwatch.its fu...,POSITIVE,0.9996,5.0,False,2026-09-17 07:03:27.273356
709,boAt Wave Fury,boAt,5.0,Perfect product!,Mukesh  Kumar,"the look is superb and first Good Smartwatch Clear good volume, Really Big display. Covers the whole lot of Sports Functions. Fast charging. Full Satisfaction. this is really impressive. In terms of b...",2026-09-17 07:02:01.422160,709,"the look is superb and first Good Smartwatch Clear good volume, Really Big display. Covers the whole lot of Sports Functions. Fast charging. Full Satisfaction. this is really impressive. In terms of b...",POSITIVE,0.9999,5.0,False,2026-09-17 07:03:27.273356
710,boAt Wave Fury,boAt,5.0,Great product,Flipkart Customer,Value for money best watch,2026-09-17 07:02:01.422160,710,Value for money best watch,POSITIVE,0.9891,5.0,False,2026-09-17 07:03:27.273356
711,boAt Wave Fury,boAt,5.0,Best in the market!,Arunava Pal,Just ignore negative reviews... Its awesome product on this price ❤️❤️,2026-09-17 07:02:01.422160,711,Just ignore negative reviews... Its awesome product on this price ❤️❤️,POSITIVE,0.9641,5.0,False,2026-09-17 07:03:27.273356
712,boAt Wave Fury,boAt,5.0,Super!,Kishan Kumar,Good product in this price range,2026-09-17 07:02:01.422160,712,Good product in this price range,POSITIVE,0.9999,5.0,False,2026-09-17 07:03:27.273356
713,boAt Wave Fury,boAt,5.0,Super!,Sonu Tyagi,"This smartwatch very attractive in this price range. Quality very good, nice display battery backup also very good. Recommend too all",2026-09-17 07:02:01.422160,713,"This smartwatch very attractive in this price range. Quality very good, nice display battery backup also very good. Recommend too all",POSITIVE,0.9997,5.0,False,2026-09-17 07:03:27.273356
714,boAt Wave Fury,boAt,5.0,Awesome,Aman  Sharma,This watch comes with lots of features. Call function on this is really good like mic and speaker are clear enough to listen and speak. It have lots of sports modes and watch faces too. overall great ...,2026-09-17 07:02:01.422160,714,This watch comes with lots of features. Call function on this is really good like mic and speaker are clear enough to listen and speak. It have lots of sports modes and watch faces too. overall great ...,POSITIVE,0.9997,5.0,False,2026-09-17 07:03:27.273356
715,boAt Wave Fury,boAt,5.0,Simply awesome,Sandeep Gehlot,"Good watch in this budget , amazing features including many sports mode and tracking of activities is good",2026-09-17 07:02:01.422160,715,"Good watch in this budget , amazing features including many sports mode and tracking of activities is good",POSITIVE,0.9999,5.0,False,2026-09-17 07:03:27.273356
716,boAt Wave Fury,boAt,5.0,Brilliant,pawan  gupta,"Best quality smartwatch , I have ever purchased because its sound quality and battery back up are awesome. Strap is good and fitting is also good. I am satisfied with this .",2026-09-17 07:02:01.422160,716,"Best quality smartwatch , I have ever purchased because its sound quality and battery back up are awesome. Strap is good and fitting is also good. I am satisfied with this .",POSITIVE,0.9999,5.0,False,2026-09-17 07:03:27.273356
717,boAt Wave Fury,boAt,5.0,Highly recommended,Ankita Mishra,"Love th color of the straps. Looks quite stylish,goes with formals to my casuals too. Display is quite nice as it is HD, and it has a good 30 day stand by too. It is sweat and waterproof too so defini...",2026-09-17 07:02:01.422160,717,"Love th color of the straps. Looks quite stylish,goes with formals to my casuals too. Display is quite nice as it is HD, and it has a good 30 day stand by too. It is sweat and waterproof too so defini...",POSITIVE,0.9969,5.0,False,2026-09-17 07:03:27.273356
718,boAt Wave Fury,boAt,5.0,Must buy!,Akanksha  Mishra,"Get this watch if you wakt to daily track your steps, and al other parameters for a better health. It's dust, sweat and waterproof too so it's a perfect partner for gym too. It has an amazing 30 day s...",2026-09-17 07:02:01.422160,718,"Get this watch if you wakt to daily track your steps, and al other parameters for a better health. It's dust, sweat and waterproof too so it's a perfect partner for gym too. It has an amazing 30 day s...",POSITIVE,0.9863,5.0,False,2026-09-17 07:03:27.273356
719,boAt Wave Fury,boAt,5.0,Must buy!,Kisan Chauhan,Its good both in features and look. Battery backup is also good. I am using it from last one week. Draw back is you add the contacts in the address book. Very Nice Watch At This Price. Loved the Displ...,2026-09-17 07:02:01.422160,719,Its good both in features and look. Battery backup is also good. I am using it from last one week. Draw back is you add the contacts in the address book. Very Nice Watch At This Price. Loved the Displ...,POSITIVE,0.9994,5.0,False,2026-09-17 07:03:27.273356
720,boAt Wave Fury,boAt,5.0,Wonderful,Mohd Shahzad,"Modern and sleek design, look and feel is awesome. HD display looks great, vibrant colors. Best battery backup if I compare it with another smartwatch I had. Very fast charging. Best experience with t...",2026-09-17 07:02:01.422160,720,"Modern and sleek design, look and feel is awesome. HD display looks great, vibrant colors. Best battery backup if I compare it with another smartwatch I had. Very fast charging. Best experience with t...",POSITIVE,0.9997,5.0,False,2026-09-17 07:03:27.273356
721,boAt Wave Fury,boAt,5.0,Classy product,Priya  Kadu,Value for money . Its a great watch and offers a lot of good features. The watch integrates really well with the Apple ecosystem. Not getting a cellular variant can be worth it if you use your phone ...,2026-09-17 07:02:01.422160,721,Value for money . Its a great watch and offers a lot of good features. The watch integrates really well with the Apple ecosystem. Not getting a cellular variant can be worth it if you use your phone ...,POSITIVE,0.9991,5.0,False,2026-09-17 07:03:27.273356
722,boAt Wave Fury,boAt,5.0,Wonderful,Krishna Sanghavi,"I bought it for my husband for the gift.Nice HD display, color is good with latest features I like Bluetooth calling. There are tons of others features in this watch. Must buy.",2026-09-17 07:02:01.422160,722,"I bought it for my husband for the gift.Nice HD display, color is good with latest features I like Bluetooth calling. There are tons of others features in this watch. Must buy.",POSITIVE,0.9996,5.0,False,2026-09-17 07:03:27.273356
723,boAt Wave Fury,boAt,5.0,Best in the market!,Sagar Sanduja,Brought for my wife.... She liked it so much as this looks cool on her.... Does all smart function well..... On top it has Bluetooth calling.. So in all its a worth buying for this price range.... If ...,2026-09-17 07:02:01.422160,723,Brought for my wife.... She liked it so much as this looks cool on her.... Does all smart function well..... On top it has Bluetooth calling.. So in all its a worth buying for this price range.... If ...,POSITIVE,0.9995,5.0,False,2026-09-17 07:03:27.273356
724,boAt Wave Fury,boAt,5.0,Terrific purchase,Vivek kumar Singh,Super Quality Brand Special product। Boat 👍❤️ My First Smart Watch ⌚ Boat Wave Fury I'm satisfied to buy this product। Thanks to Flipkart shopping Mart🙏,2026-09-17 07:02:01.422160,724,Super Quality Brand Special product। Boat 👍❤️ My First Smart Watch ⌚ Boat Wave Fury I'm satisfied to buy this product। Thanks to Flipkart shopping Mart🙏,POSITIVE,0.9903,5.0,False,2026-09-17 07:03:27.273356
725,boAt Wave Fury,boAt,5.0,Just wow!,Gandhi Jha,Great value for money. The display looks so attractive as well as we can change the display looke throgh the key. Great battery performance can easily use for a week withouth charging with connected b...,2026-09-17 07:02:01.422160,725,Great value for money. The display looks so attractive as well as we can change the display looke throgh the key. Great battery performance can easily use for a week withouth charging with connected b...,POSITIVE,0.9983,5.0,False,2026-09-17 07:03:27.273356
726,boAt Wave Fury,boAt,5.0,Awesome,Alia Sagar,I have purchased blue and green colour in this but I liked the green more. The green is very dark and Insm really okay with it. The design is very cool. Looks nice on hand. The strap quality is amazin...,2026-09-17 07:02:01.422160,726,I have purchased blue and green colour in this but I liked the green more. The green is very dark and Insm really okay with it. The design is very cool. Looks nice on hand. The strap quality is amazin...,POSITIVE,0.9998,5.0,False,2026-09-17 07:03:27.273356
727,boAt Wave Fury,boAt,5.0,Wonderful,Ashish Verma,The display size is 1.83. The quality of the strap is supreme. Also it has functional crown which is amazing. It has interactive dial pad. The resolution is high. The sound on call is very clear. Tot...,2026-09-17 07:02:01.422160,727,The display size is 1.83. The quality of the strap is supreme. Also it has functional crown which is amazing. It has interactive dial pad. The resolution is high. The sound on call is very clear. Tot...,POSITIVE,0.9998,5.0,False,2026-09-17 07:03:27.273356
728,boAt Wave Fury,boAt,5.0,Perfect product!,Ravinder Verma,"Nice watch, easy to connect with iPhone. Back up is good once charged work till 3 -5 days.",2026-09-17 07:02:01.422160,728,"Nice watch, easy to connect with iPhone. Back up is good once charged work till 3 -5 days.",POSITIVE,0.9977,5.0,False,2026-09-17 07:03:27.273356
729,boAt Wave Fury,boAt,5.0,Super!,Chandan  KUMAR,Nice Watch for this price Range And Also Big Display Suitable for my hand,2026-09-17 07:02:01.422160,729,Nice Watch for this price Range And Also Big Display Suitable for my hand,POSITIVE,0.9991,5.0,False,2026-09-17 07:03:27.273356
730,boAt Wave Fury,boAt,5.0,Highly recommended,Jessi Patel,This watch is not just about looks it performs admirably as well. The watch's battery life is impressive. The display is clear and easy to read even in bright sunlight. the overall build quality gives...,2026-09-17 07:02:01.422160,730,This watch is not just about looks it performs admirably as well. The watch's battery life is impressive. The display is clear and easy to read even in bright sunlight. the overall build quality gives...,POSITIVE,0.9998,5.0,False,2026-09-17 07:03:27.273356
731,boAt Wave Fury,boAt,5.0,Worth every penny,karthy Sivam,Really nice product 🤞🤩😍,2026-09-17 07:02:01.422160,731,Really nice product 🤞🤩😍,POSITIVE,0.9998,5.0,False,2026-09-17 07:03:27.273356
732,boAt Wave Fury,boAt,5.0,Fabulous!,Sana Nalwar,"I liked the a accuracy and the smoothness of the watch, it has good battery life and is really a smart watch i was looking for. A good package in nice price",2026-09-17 07:02:01.422160,732,"I liked the a accuracy and the smoothness of the watch, it has good battery life and is really a smart watch i was looking for. A good package in nice price",POSITIVE,0.9998,5.0,False,2026-09-17 07:03:27.273356
733,boAt Wave Fury,boAt,5.0,Excellent,Aslam Shaikh,"Stylish bands and watch faces offer personalization options, matching the smartwatch with individual fashion sense and personality.",2026-09-17 07:02:01.422160,733,"Stylish bands and watch faces offer personalization options, matching the smartwatch with individual fashion sense and personality.",POSITIVE,0.9905,5.0,False,2026-09-17 07:03:27.273356
734,boAt Wave Fury,boAt,5.0,Wonderful,Habib Nawaz,"Nice Watch, steps accuracy, calling and notification is quite accurate. Simply stylish and attractive look.",2026-09-17 07:02:01.422160,734,"Nice Watch, steps accuracy, calling and notification is quite accurate. Simply stylish and attractive look.",POSITIVE,0.9999,5.0,False,2026-09-17 07:03:27.273356
735,boAt Wave Fury,boAt,5.0,Excellent,Anshu tomer,Budget Friendly and worth the price. Quality wise its good as per the price range with all features working properly. Calling feature is smooth also heart rate and spo2 monitor is working. Crown is al...,2026-09-17 07:02:01.422160,735,Budget Friendly and worth the price. Quality wise its good as per the price range with all features working properly. Calling feature is smooth also heart rate and spo2 monitor is working. Crown is al...,POSITIVE,0.9995,5.0,False,2026-09-17 07:03:27.273356
736,boAt Wave Fury,boAt,5.0,Awesome,saurabh pitale,It's amazing ...batery life is too good..dam loved it..Simply smart n good looking... Receiving calls n speakers are too good ...value for the money at. this price of smart looking watch ... One of th...,2026-09-17 07:02:01.422160,736,It's amazing ...batery life is too good..dam loved it..Simply smart n good looking... Receiving calls n speakers are too good ...value for the money at. this price of smart looking watch ... One of th...,POSITIVE,0.9849,5.0,False,2026-09-17 07:03:27.273356
737,boAt Wave Fury,boAt,5.0,Must buy!,Sunita  Kushwaha,Very Nice product value for money,2026-09-17 07:02:01.422160,737,Very Nice product value for money,POSITIVE,0.9998,5.0,False,2026-09-17 07:03:27.273356
738,boAt Wave Fury,boAt,5.0,Terrific,Surya Prathap,Best price,2026-09-17 07:02:01.422160,738,Best price,POSITIVE,0.9993,5.0,False,2026-09-17 07:03:27.273356
739,boAt Wave Fury,boAt,5.0,Just wow!,Jatin jayaswal,Amazing,2026-09-17 07:02:01.422160,739,Amazing,POSITIVE,0.9999,5.0,False,2026-09-17 07:03:27.273356
740,boAt Wave Fury,boAt,5.0,Super!,Namdev Dudhate,Nice watch,2026-09-17 07:02:01.422160,740,Nice watch,POSITIVE,0.9998,5.0,False,2026-09-17 07:03:27.273356
741,boAt Wave Fury,boAt,4.0,Value-for-money,YATHARTH  RAGHUVANSHI,Best smartwatch in this price range 🤩 Value for money 🤑🤑,2026-09-17 07:02:01.422160,741,Best smartwatch in this price range 🤩 Value for money 🤑🤑,POSITIVE,0.9963,4.0,False,2026-09-17 07:03:27.273356
742,boAt Wave Fury,boAt,3.0,Does the job,Flipkart Customer,low quality battery. 3/4 hours battery backup onl,2026-09-17 07:02:01.422160,742,low quality battery. 3/4 hours battery backup onl,NEGATIVE,0.999,3.0,False,2026-09-17 07:03:27.273356
743,boAt Wave Fury,boAt,3.0,Good,Farhan  Tanbir,This straps are very poor,2026-09-17 07:02:01.422160,743,This straps are very poor,NEGATIVE,0.9997,3.0,False,2026-09-17 07:03:27.273356
744,boAt Wave Fury,boAt,3.0,Decent product,Lovedeep Rajput,There has no fame in it and activity tracking is not proper,2026-09-17 07:02:01.422160,744,There has no fame in it and activity tracking is not proper,NEGATIVE,0.9998,3.0,False,2026-09-17 07:03:27.273356
745,boAt Wave Fury,boAt,3.0,Good,RØY BRÅÑD SAURAV  RØY BRÅÑD,My charge problem in watch,2026-09-17 07:02:01.422160,745,My charge problem in watch,NEGATIVE,0.9991,3.0,False,2026-09-17 07:03:27.273356
746,boAt Wave Fury,boAt,3.0,Nice,Meena Verma,Nice,2026-09-17 07:02:01.422160,746,Nice,POSITIVE,0.9999,3.0,False,2026-09-17 07:03:27.273356
747,boAt Wave Fury,boAt,3.0,Good,Santosh  Mahajan,"Battery life is too short not a single day , need to charge every day regularly ..... Not satisfied",2026-09-17 07:02:01.422160,747,"Battery life is too short not a single day , need to charge every day regularly ..... Not satisfied",NEGATIVE,0.9994,3.0,False,2026-09-17 07:03:27.273356
748,boAt Wave Fury,boAt,3.0,Nice,Manu M s,"Battery ran out quickly, 100 - 18% with in 2 days",2026-09-17 07:02:01.422160,748,"Battery ran out quickly, 100 - 18% with in 2 days",NEGATIVE,0.9992,3.0,False,2026-09-17 07:03:27.273356
749,boAt Wave Fury,boAt,3.0,Fair,Rakesh Kumar,Nice product at this price range,2026-09-17 07:02:01.422160,749,Nice product at this price range,POSITIVE,0.9998,3.0,False,2026-09-17 07:03:27.273356
750,boAt Wave Fury,boAt,3.0,Decent product,Flipkart Customer,Sensors are not good,2026-09-17 07:02:01.422160,750,Sensors are not good,NEGATIVE,0.9997,3.0,False,2026-09-17 07:03:27.273356
751,boAt Wave Fury,boAt,3.0,Does the job,Durgamadhab Swain,Value for money,2026-09-17 07:02:01.422160,751,Value for money,POSITIVE,0.9978,3.0,False,2026-09-17 07:03:27.273356
752,boAt Wave Fury,boAt,3.0,Nice,Soumitra  Mondal,"It's good but not better, Not bad as prices",2026-09-17 07:02:01.422160,752,"It's good but not better, Not bad as prices",POSITIVE,0.9964,3.0,False,2026-09-17 07:03:27.273356
753,boAt Wave Fury,boAt,3.0,Good,Dibya mohapatra,Value for money. Only.,2026-09-17 07:02:01.422160,753,Value for money. Only.,NEGATIVE,0.9773,3.0,False,2026-09-17 07:03:27.273356
754,boAt Wave Fury,boAt,3.0,Does the job,Masthan  Shaik,Not much better battery 🔋 backup very poor ( only works on 2 days with full charge ),2026-09-17 07:02:01.422160,754,Not much better battery 🔋 backup very poor ( only works on 2 days with full charge ),NEGATIVE,0.9993,3.0,False,2026-09-17 07:03:27.273356
755,boAt Wave Fury,boAt,3.0,Fair,Abdulkarim  Khan,Batry life 5 day's only,2026-09-17 07:02:01.422160,755,Batry life 5 day's only,NEGATIVE,0.9397,3.0,False,2026-09-17 07:03:27.273356
756,boAt Wave Fury,boAt,3.0,Does the job,Sakil Kaji,"Good but, problem in user interface . the battery run time is approx 3-4 days in non BT calling setting",2026-09-17 07:02:01.422160,756,"Good but, problem in user interface . the battery run time is approx 3-4 days in non BT calling setting",NEGATIVE,0.9951,3.0,False,2026-09-17 07:03:27.273356
757,boAt Wave Fury,boAt,4.0,Pretty good,Sadhana  Kothimbire,Very good go for it,2026-09-17 07:02:01.422160,757,Very good go for it,POSITIVE,0.9999,4.0,False,2026-09-17 07:03:27.273356
758,boAt Wave Fury,boAt,4.0,Very Good,Pankaj  Lilhare,Awesome 👍 HD display and long lasting battery 🔋 and value for money excellent.,2026-09-17 07:02:01.422160,758,Awesome 👍 HD display and long lasting battery 🔋 and value for money excellent.,POSITIVE,0.9997,4.0,False,2026-09-17 07:03:27.273356
759,boAt Wave Fury,boAt,4.0,Nice product,Flipkart Customer,Nice product 😍,2026-09-17 07:02:01.422160,759,Nice product 😍,POSITIVE,0.9998,4.0,False,2026-09-17 07:03:27.273356
760,boAt Wave Fury,boAt,4.0,Just okay,Haider  Alam,"Charging backup is not good for me. If you are thinking of buying one then buy another one, it did not seem anything special.",2026-09-17 07:02:01.422160,760,"Charging backup is not good for me. If you are thinking of buying one then buy another one, it did not seem anything special.",NEGATIVE,0.9998,4.0,True,2026-09-17 07:03:27.273356
761,boAt Wave Fury,boAt,4.0,Really Nice,whyiamfromtheworld Nath,"Good watch under 1k , Design is very good 👍👍 and contains a magnatic cable...",2026-09-17 07:02:01.422160,761,"Good watch under 1k , Design is very good 👍👍 and contains a magnatic cable...",POSITIVE,0.9989,4.0,False,2026-09-17 07:03:27.273356
762,boAt Wave Fury,boAt,4.0,Value-for-money,benjiman Munna,Fine,2026-09-17 07:02:01.422160,762,Fine,POSITIVE,0.9998,4.0,False,2026-09-17 07:03:27.273356
763,boAt Wave Fury,boAt,4.0,Pretty good,Flipkart Customer,Very Good,2026-09-17 07:02:01.422160,763,Very Good,POSITIVE,0.9999,4.0,False,2026-09-17 07:03:27.273356
764,boAt Wave Fury,boAt,5.0,Mind-blowing purchase,radhika kumari,This watch is excellent for what I was looking for! Display quality is very good and calling features works very well. The battery life greatly surprised me as well !! Overall loved this smartwatch.,2026-09-17 07:02:01.422160,764,This watch is excellent for what I was looking for! Display quality is very good and calling features works very well. The battery life greatly surprised me as well !! Overall loved this smartwatch.,POSITIVE,0.9998,5.0,False,2026-09-17 07:03:27.273356
765,boAt Wave Fury,boAt,5.0,Best in the market!,Monika Jain,"The smartwatch is lightweight and fits comfortably on my wrist, making it perfect for all-day wear.The 1.83'' HD Display is impressive! The vibrant colors and sharp resolution make it easy to read not...",2026-09-17 07:02:01.422160,765,"The smartwatch is lightweight and fits comfortably on my wrist, making it perfect for all-day wear.The 1.83'' HD Display is impressive! The vibrant colors and sharp resolution make it easy to read not...",POSITIVE,0.9998,5.0,False,2026-09-17 07:03:27.273356
766,boAt Wave Fury,boAt,5.0,Mind-blowing purchase,masroor ahmad,some features more but acc. to rates its ohkkk,2026-09-17 07:02:01.422160,766,some features more but acc. to rates its ohkkk,NEGATIVE,0.975,5.0,True,2026-09-17 07:03:27.273356
767,boAt Wave Fury,boAt,5.0,Simply awesome,Asher M,Tried this Boat smartwatch and I liked it completely. The features are top notch and gives good functionality. Battery backup is great and runs on single charge for a long time. Helps me with health u...,2026-09-17 07:02:01.422160,767,Tried this Boat smartwatch and I liked it completely. The features are top notch and gives good functionality. Battery backup is great and runs on single charge for a long time. Helps me with health u...,POSITIVE,0.9979,5.0,False,2026-09-17 07:03:27.273356
768,boAt Wave Fury,boAt,5.0,Mind-blowing purchase,Saurabh Madan,Very nice product.quality also good.all features available suitable for all age group.accuracy very perfect battery is also good.overall super product in this price.,2026-09-17 07:02:01.422160,768,Very nice product.quality also good.all features available suitable for all age group.accuracy very perfect battery is also good.overall super product in this price.,POSITIVE,0.9998,5.0,False,2026-09-17 07:03:27.273356
769,boAt Wave Fury,boAt,5.0,Wonderful,Shilpi Saxena,The first impression was very good. It got paired up very quick and the design is superb. The display size is good for men and women even for adults. Not so large and not so small. The edges are very ...,2026-09-17 07:02:01.422160,769,The first impression was very good. It got paired up very quick and the design is superb. The display size is good for men and women even for adults. Not so large and not so small. The edges are very ...,POSITIVE,0.9998,5.0,False,2026-09-17 07:03:27.273356
770,boAt Wave Fury,boAt,3.0,Good,Rosy rajani Tete,It is so low charge and battery not have much time ..and if it switch off once it doesn't open,2026-09-17 07:02:01.422160,770,It is so low charge and battery not have much time ..and if it switch off once it doesn't open,NEGATIVE,0.9994,3.0,False,2026-09-17 07:03:27.273356
771,boAt Wave Fury,boAt,3.0,Just okay,Yogendra Yadav,Only 3-4 day battery backup ...,2026-09-17 07:02:01.422160,771,Only 3-4 day battery backup ...,NEGATIVE,0.9941,3.0,False,2026-09-17 07:03:27.273356
772,boAt Wave Fury,boAt,1.0,Unsatisfactory,Amarjeet Vishwakarma,Product is not good battery draining fast .,2026-09-17 07:02:01.422160,772,Product is not good battery draining fast .,NEGATIVE,0.9997,1.0,False,2026-09-17 07:03:27.273356
773,boAt Wave Fury,boAt,5.0,Highly recommended,Shubham Patel,This are very good quality and stylish,2026-09-17 07:02:01.422160,773,This are very good quality and stylish,POSITIVE,0.9999,5.0,False,2026-09-17 07:03:27.273356
774,boAt Wave Fury,boAt,5.0,Mind-blowing purchase,Sangita Kumari,Beautiful watch,2026-09-17 07:02:01.422160,774,Beautiful watch,POSITIVE,0.9999,5.0,False,2026-09-17 07:03:27.273356
775,boAt Wave Fury,boAt,5.0,Awesome,Rahul Kumar,This product is very good 👍,2026-09-17 07:02:01.422160,775,This product is very good 👍,POSITIVE,0.9998,5.0,False,2026-09-17 07:03:27.273356
776,boAt Wave Fury,boAt,5.0,Excellent,Manish Kumar,Overall 👍,2026-09-17 07:02:01.422160,776,Overall 👍,POSITIVE,0.872,5.0,False,2026-09-17 07:03:27.273356
777,boAt Wave Fury,boAt,5.0,Mind-blowing purchase,Munde Rohit,Nice product is useful,2026-09-17 07:02:01.422160,777,Nice product is useful,POSITIVE,0.9997,5.0,False,2026-09-17 07:03:27.273356
778,Noise ColorFit Icon 2,Noise,4.0,Value-for-money,Khushi Singh,I'm in love with thi product thnks filpkart for thi worth ❤️😊,2026-09-17 07:02:01.422160,778,I'm in love with thi product thnks filpkart for thi worth ❤️😊,POSITIVE,0.9608,4.0,False,2026-09-17 07:03:27.273356
779,Noise ColorFit Icon 2,Noise,5.0,Brilliant,Roshni  Sharma,Loved 😍,2026-09-17 07:02:01.422160,779,Loved 😍,POSITIVE,0.9998,5.0,False,2026-09-17 07:03:27.273356
780,Noise ColorFit Icon 2,Noise,4.0,Very Good,priti rao,Watch is very nice and display size is large 1.8 👍,2026-09-17 07:02:01.422160,780,Watch is very nice and display size is large 1.8 👍,POSITIVE,0.9997,4.0,False,2026-09-17 07:03:27.273356
781,Noise ColorFit Icon 2,Noise,5.0,Excellent,Raghuvendra  Singh,Superb Watch Under This price Range....... Value for Money..... having nice or bright Display in outdoors..... Like this Product,2026-09-17 07:02:01.422160,781,Superb Watch Under This price Range....... Value for Money..... having nice or bright Display in outdoors..... Like this Product,POSITIVE,0.9994,5.0,False,2026-09-17 07:03:27.273356
782,Noise ColorFit Icon 2,Noise,5.0,Worth every penny,Sahida Khan,Amazing product I am so happy guys go for it,2026-09-17 07:02:01.422160,782,Amazing product I am so happy guys go for it,POSITIVE,0.9999,5.0,False,2026-09-17 07:03:27.273356
783,Noise ColorFit Icon 2,Noise,5.0,Simply awesome,Boya Narasimha,Nice one and good one.... Worth it it's looks nice compare to others,2026-09-17 07:02:01.422160,783,Nice one and good one.... Worth it it's looks nice compare to others,POSITIVE,0.9998,5.0,False,2026-09-17 07:03:27.273356
784,Noise ColorFit Icon 2,Noise,5.0,Highly recommended,Toslima  Sultana Laskar,Nice product.... Love it ❤,2026-09-17 07:02:01.422160,784,Nice product.... Love it ❤,POSITIVE,0.9999,5.0,False,2026-09-17 07:03:27.273356
785,Noise ColorFit Icon 2,Noise,5.0,Fabulous!,Hlo,Wow Nyc product Noise One of the best product battery backup Superb and looks Amazing Wonderful 👍 Flipkart,2026-09-17 07:02:01.422160,785,Wow Nyc product Noise One of the best product battery backup Superb and looks Amazing Wonderful 👍 Flipkart,POSITIVE,0.9998,5.0,False,2026-09-17 07:03:27.273356
786,Noise ColorFit Icon 2,Noise,4.0,Delightful,Sourav Mitra,Nice n Stylish.. Display --9 Battery -- 8 UI-- 9 Connectivity -- 9 Overall Very Good smart watch. I must Say This is value for money product.,2026-09-17 07:02:01.422160,786,Nice n Stylish.. Display --9 Battery -- 8 UI-- 9 Connectivity -- 9 Overall Very Good smart watch. I must Say This is value for money product.,POSITIVE,0.9997,4.0,False,2026-09-17 07:03:27.273356
787,Noise ColorFit Icon 2,Noise,4.0,Nice product,Sarvesh Seth,➊-This is only watch in this price segment with highest brightness & longer display also. ➋-Music feature is working so great. ➌-One feature which is very helpful in this season is that WEATHER FEAT...,2026-09-17 07:02:01.422160,787,➊-This is only watch in this price segment with highest brightness & longer display also. ➋-Music feature is working so great. ➌-One feature which is very helpful in this season is that WEATHER FEAT...,POSITIVE,0.9991,4.0,False,2026-09-17 07:03:27.273356
788,Noise ColorFit Icon 2,Noise,5.0,Classy product,Flipkart Customer,Its Nice one,2026-09-17 07:02:01.422160,788,Its Nice one,POSITIVE,0.9999,5.0,False,2026-09-17 07:03:27.273356
789,Noise ColorFit Icon 2,Noise,4.0,Good quality product,Akash Arya,VERY NICE 👍 WATCH I'M IMPRESSED 😊 GOOD SERVICE FLIPKART THANK YOU ❤️,2026-09-17 07:02:01.422160,789,VERY NICE 👍 WATCH I'M IMPRESSED 😊 GOOD SERVICE FLIPKART THANK YOU ❤️,POSITIVE,0.9998,4.0,False,2026-09-17 07:03:27.273356
790,Noise ColorFit Icon 2,Noise,4.0,Pretty good,Rakesh  Karmakar,Good looking,2026-09-17 07:02:01.422160,790,Good looking,POSITIVE,0.9998,4.0,False,2026-09-17 07:03:27.273356
791,Noise ColorFit Icon 2,Noise,5.0,Super!,Ayandip Ojha,Nice product 👍😊👍😊,2026-09-17 07:02:01.422160,791,Nice product 👍😊👍😊,POSITIVE,0.9998,5.0,False,2026-09-17 07:03:27.273356
792,Noise ColorFit Icon 2,Noise,4.0,Worth the money,Atul Soni,Its looks cool but I want more watch faces overall this is value for 💰,2026-09-17 07:02:01.422160,792,Its looks cool but I want more watch faces overall this is value for 💰,POSITIVE,0.8679,4.0,False,2026-09-17 07:03:27.273356
793,Noise ColorFit Icon 2,Noise,5.0,Super!,B.Shiva Jr. NTR fan,Super 👌😚 Good 👌😊,2026-09-17 07:02:01.422160,793,Super 👌😚 Good 👌😊,POSITIVE,0.9996,5.0,False,2026-09-17 07:03:27.273356
794,Noise ColorFit Icon 2,Noise,5.0,Brilliant,shrenik Mohanlal shah,"Nice quality better back-up is good 4 days in my use bulit of belt good quality, Value for money",2026-09-17 07:02:01.422160,794,"Nice quality better back-up is good 4 days in my use bulit of belt good quality, Value for money",POSITIVE,0.9989,5.0,False,2026-09-17 07:03:27.273356
795,Noise ColorFit Icon 2,Noise,5.0,Excellent,Leon Moncy,Pros: 1.features are awesome. 2.game is smooth and is interesting 3. I checked calling function and is clear and loud same as that of speaker of mobiles. 4.connec...,2026-09-17 07:02:01.422160,795,Pros: 1.features are awesome. 2.game is smooth and is interesting 3. I checked calling function and is clear and loud same as that of speaker of mobiles. 4.connec...,POSITIVE,0.999,5.0,False,2026-09-17 07:03:27.273356
796,Noise ColorFit Icon 2,Noise,5.0,Just wow!,SHRUTI SANCHAYA DASH,Amazing👍😍🤩 I love it....,2026-09-17 07:02:01.422160,796,Amazing👍😍🤩 I love it....,POSITIVE,0.9999,5.0,False,2026-09-17 07:03:27.273356
797,Noise ColorFit Icon 2,Noise,5.0,Terrific purchase,Harshit Sharma,Nice watch this price range 😊,2026-09-17 07:02:01.422160,797,Nice watch this price range 😊,POSITIVE,0.9989,5.0,False,2026-09-17 07:03:27.273356
798,Noise ColorFit Icon 2,Noise,5.0,Terrific purchase,Tanushree Paul,Amazing product,2026-09-17 07:02:01.422160,798,Amazing product,POSITIVE,0.9999,5.0,False,2026-09-17 07:03:27.273356
799,Noise ColorFit Icon 2,Noise,5.0,Brilliant,Prakash Kumar,Awesome product,2026-09-17 07:02:01.422160,799,Awesome product,POSITIVE,0.9999,5.0,False,2026-09-17 07:03:27.273356
800,Noise ColorFit Icon 2,Noise,5.0,Super!,Flipkart Customer,Nice watch i think you also try,2026-09-17 07:02:01.422160,800,Nice watch i think you also try,POSITIVE,0.9998,5.0,False,2026-09-17 07:03:27.273356
801,Noise ColorFit Icon 2,Noise,4.0,Pretty good,Vikas Rana,Nice watch but sometimes the watch delay in wakeup while raising the hand... Voice calling good and so 🔊 loudly.. ok watch.,2026-09-17 07:02:01.422160,801,Nice watch but sometimes the watch delay in wakeup while raising the hand... Voice calling good and so 🔊 loudly.. ok watch.,NEGATIVE,0.9078,4.0,True,2026-09-17 07:03:27.273356
802,Noise ColorFit Icon 2,Noise,4.0,Nice product,Gopal Nandi,Nice 👍,2026-09-17 07:02:01.422160,802,Nice 👍,POSITIVE,0.9998,4.0,False,2026-09-17 07:03:27.273356
803,Noise ColorFit Icon 2,Noise,5.0,Must buy!,Vignesh  Parra,Nice product 👌 noise color fit icon 2 nice I having this beautiful watch l love this watch,2026-09-17 07:02:01.422160,803,Nice product 👌 noise color fit icon 2 nice I having this beautiful watch l love this watch,POSITIVE,0.9997,5.0,False,2026-09-17 07:03:27.273356
804,Noise ColorFit Icon 2,Noise,5.0,Mind-blowing purchase,JOGA NARESH,Awesome...,2026-09-17 07:02:01.422160,804,Awesome...,POSITIVE,0.9999,5.0,False,2026-09-17 07:03:27.273356
805,Noise ColorFit Icon 2,Noise,5.0,Classy product,KUMARI MAMTA SINGH,The smartwatch is awesome 👍 it's a highly recommended product if you are searching for an affordable price in these overall it is very stish and modern,2026-09-17 07:02:01.422160,805,The smartwatch is awesome 👍 it's a highly recommended product if you are searching for an affordable price in these overall it is very stish and modern,POSITIVE,0.9997,5.0,False,2026-09-17 07:03:27.273356
806,Noise ColorFit Icon 2,Noise,4.0,Nice product,Flipkart Customer,Nice look watch wonderful colour working future excellent watch product 📦📦👌👌👍,2026-09-17 07:02:01.422160,806,Nice look watch wonderful colour working future excellent watch product 📦📦👌👌👍,POSITIVE,0.9998,4.0,False,2026-09-17 07:03:27.273356
807,Noise ColorFit Icon 2,Noise,5.0,Highly recommended,Tanmoy Naskar,"Best calling smartwatch 🤟 ✅ Good Looking good watch I am very satisfied with this product ✨ Just go for it & But it , You will not regret 👍🏽",2026-09-17 07:02:01.422160,807,"Best calling smartwatch 🤟 ✅ Good Looking good watch I am very satisfied with this product ✨ Just go for it & But it , You will not regret 👍🏽",POSITIVE,0.9988,5.0,False,2026-09-17 07:03:27.273356
808,Noise ColorFit Icon 2,Noise,5.0,Brilliant,Aratrika Sarkar,Surperb 👌👌,2026-09-17 07:02:01.422160,808,Surperb 👌👌,NEGATIVE,0.9159,5.0,True,2026-09-17 07:03:27.273356
809,Noise ColorFit Icon 2,Noise,5.0,Classy product,raushan Kumar,Best product Best price 👌 👍 👏 💯 🙌 With Calling,2026-09-17 07:02:01.422160,809,Best product Best price 👌 👍 👏 💯 🙌 With Calling,POSITIVE,0.9991,5.0,False,2026-09-17 07:03:27.273356
810,Noise ColorFit Icon 2,Noise,5.0,Awesome,Swastika  Rastogi,Really love this product but price wise it's too much costly but I liked it obviously go for it thankqq soo much Flipkart ❤️,2026-09-17 07:02:01.422160,810,Really love this product but price wise it's too much costly but I liked it obviously go for it thankqq soo much Flipkart ❤️,POSITIVE,0.9979,5.0,False,2026-09-17 07:03:27.273356
811,Noise ColorFit Icon 2,Noise,4.0,Good choice,Flipkart Customer,Nice i like it,2026-09-17 07:02:01.422160,811,Nice i like it,POSITIVE,0.9999,4.0,False,2026-09-17 07:03:27.273356
812,Noise ColorFit Icon 2,Noise,4.0,Very Good,Ishwer Singh,Nice watch samuth display calls voice average,2026-09-17 07:02:01.422160,812,Nice watch samuth display calls voice average,NEGATIVE,0.9567,4.0,True,2026-09-17 07:03:27.273356
813,Noise ColorFit Icon 2,Noise,5.0,Terrific,RAJESH PAL,Perfect Design & The Best Quality Product,2026-09-17 07:02:01.422160,813,Perfect Design & The Best Quality Product,POSITIVE,0.9999,5.0,False,2026-09-17 07:03:27.273356
814,Noise ColorFit Icon 2,Noise,5.0,Mind-blowing purchase,O.p. nandiwal,Awesome quality 💕,2026-09-17 07:02:01.422160,814,Awesome quality 💕,POSITIVE,0.9999,5.0,False,2026-09-17 07:03:27.273356
815,Noise ColorFit Icon 2,Noise,5.0,Perfect product!,Arbaz Khan,Bast Smart Watch best qualities,2026-09-17 07:02:01.422160,815,Bast Smart Watch best qualities,POSITIVE,0.9998,5.0,False,2026-09-17 07:03:27.273356
816,Noise ColorFit Icon 2,Noise,4.0,Worth the money,Flipkart Customer,Perfect watch,2026-09-17 07:02:01.422160,816,Perfect watch,POSITIVE,0.9999,4.0,False,2026-09-17 07:03:27.273356
817,Noise ColorFit Icon 2,Noise,5.0,Terrific,Saurabh  Shah,Good watch Value For money,2026-09-17 07:02:01.422160,817,Good watch Value For money,POSITIVE,0.9997,5.0,False,2026-09-17 07:03:27.273356
818,Noise ColorFit Icon 2,Noise,3.0,Fair,Neenah kanwar Kanwar,Super watch,2026-09-17 07:02:01.422160,818,Super watch,POSITIVE,0.9991,3.0,False,2026-09-17 07:03:27.273356
819,Noise ColorFit Icon 2,Noise,4.0,Very Good,Praveen Customer,"Helo Noise Colorfit of New Icon2 is very good for Regular use 1.The product was nice 2. Display is ok 🙂 3. Call functions accept, reject, dial is good but only save favourite 8 contacts. 4. All funct...",2026-09-17 07:02:01.422160,819,"Helo Noise Colorfit of New Icon2 is very good for Regular use 1.The product was nice 2. Display is ok 🙂 3. Call functions accept, reject, dial is good but only save favourite 8 contacts. 4. All funct...",POSITIVE,0.7876,4.0,False,2026-09-17 07:03:27.273356
820,Noise ColorFit Icon 2,Noise,5.0,Best in the market!,D. GS Ganesh,"Nice watch,",2026-09-17 07:02:01.422160,820,"Nice watch,",POSITIVE,0.9998,5.0,False,2026-09-17 07:03:27.273356
821,Noise ColorFit Icon 2,Noise,5.0,Fabulous!,Flipkart Customer,Good quality 😄👍,2026-09-17 07:02:01.422160,821,Good quality 😄👍,POSITIVE,0.9999,5.0,False,2026-09-17 07:03:27.273356
822,Noise ColorFit Icon 2,Noise,5.0,Super!,Chhaya Ahire,Amazing shopping i have been using this watch for last 2 months and it working in a very good condition . Go for it blindly,2026-09-17 07:02:01.422160,822,Amazing shopping i have been using this watch for last 2 months and it working in a very good condition . Go for it blindly,POSITIVE,0.9961,5.0,False,2026-09-17 07:03:27.273356
823,Noise ColorFit Icon 2,Noise,5.0,Just wow!,Radhakrishna Rayudu,"Good Battery Life, and Worth of Cost",2026-09-17 07:02:01.422160,823,"Good Battery Life, and Worth of Cost",POSITIVE,0.9997,5.0,False,2026-09-17 07:03:27.273356
824,Noise ColorFit Icon 2,Noise,5.0,Awesome,SUBHRANEEL  ROY,Nice watch ⌚ ...... Thanku Noise ❤️ & also thank you Flipkart ❤️,2026-09-17 07:02:01.422160,824,Nice watch ⌚ ...... Thanku Noise ❤️ & also thank you Flipkart ❤️,POSITIVE,0.9997,5.0,False,2026-09-17 07:03:27.273356
825,Noise ColorFit Icon 2,Noise,5.0,Terrific,RAHUL SK,Very Noice Smart Watch (Must Buy),2026-09-17 07:02:01.422160,825,Very Noice Smart Watch (Must Buy),NEGATIVE,0.9587,5.0,True,2026-09-17 07:03:27.273356
826,Noise ColorFit Icon 2,Noise,4.0,Delightful,Samarpan Bera,Product is quite good.. Trekking features appear wrong.Everything except the table looks at the spo2 heart rate monitor. If your budget is 1500. Then you definitely go for it.. Except calling all fea...,2026-09-17 07:02:01.422160,826,Product is quite good.. Trekking features appear wrong.Everything except the table looks at the spo2 heart rate monitor. If your budget is 1500. Then you definitely go for it.. Except calling all fea...,POSITIVE,0.9887,4.0,False,2026-09-17 07:03:27.273356
827,Noise ColorFit Icon 2,Noise,5.0,Mind-blowing purchase,Mamta   gupta,It's very good,2026-09-17 07:02:01.422160,827,It's very good,POSITIVE,0.9998,5.0,False,2026-09-17 07:03:27.273356
828,Noise ColorFit Icon 2,Noise,5.0,Wonderful,Naveen Kumar,Nice good product in this price...,2026-09-17 07:02:01.422160,828,Nice good product in this price...,POSITIVE,0.9999,5.0,False,2026-09-17 07:03:27.273356
829,Noise ColorFit Icon 2,Noise,5.0,Simply awesome,Sushmita Saha,Awsome 💕,2026-09-17 07:02:01.422160,829,Awsome 💕,NEGATIVE,0.9788,5.0,True,2026-09-17 07:03:27.273356
830,Noise ColorFit Icon 2,Noise,5.0,Perfect product!,sunil bss,Its a good watch in recent time i am using from last 40 days u can take it with out a dought,2026-09-17 07:02:01.422160,830,Its a good watch in recent time i am using from last 40 days u can take it with out a dought,POSITIVE,0.9882,5.0,False,2026-09-17 07:03:27.273356
831,Noise ColorFit Icon 2,Noise,4.0,Delightful,md ali ansari,"Good product quality is very nice,,",2026-09-17 07:02:01.422160,831,"Good product quality is very nice,,",POSITIVE,0.9999,4.0,False,2026-09-17 07:03:27.273356
832,Noise ColorFit Icon 2,Noise,3.0,Fair,Sakil Khan,Nice quality ☺️,2026-09-17 07:02:01.422160,832,Nice quality ☺️,POSITIVE,0.9999,3.0,False,2026-09-17 07:03:27.273356
833,Noise ColorFit Icon 2,Noise,5.0,Fabulous!,ARPIT AGRAWAL,Superb smartwatch Inbuilt games And metalic build quality All sensors are work properly and accurate Value for money Feature packed watch,2026-09-17 07:02:01.422160,833,Superb smartwatch Inbuilt games And metalic build quality All sensors are work properly and accurate Value for money Feature packed watch,POSITIVE,0.9996,5.0,False,2026-09-17 07:03:27.273356
834,Noise ColorFit Icon 2,Noise,3.0,Just okay,Khushbu  Saini,After 10 months suddenly my noise colorfit Icon 2 watch shut down and not start again.,2026-09-17 07:02:01.422160,834,After 10 months suddenly my noise colorfit Icon 2 watch shut down and not start again.,NEGATIVE,0.999,3.0,False,2026-09-17 07:03:27.273356
835,Noise ColorFit Icon 2,Noise,3.0,Just okay,Ravindra  Singh,Item is good but no satisfy,2026-09-17 07:02:01.422160,835,Item is good but no satisfy,NEGATIVE,0.8917,3.0,False,2026-09-17 07:03:27.273356
836,Noise ColorFit Icon 2,Noise,4.0,Wonderful,Santhosh kumar,Good,2026-09-17 07:02:01.422160,836,Good,POSITIVE,0.9998,4.0,False,2026-09-17 07:03:27.273356
837,Noise ColorFit Icon 2,Noise,4.0,Wonderful,Tulasi Ram,It's a nice product from noise. the features are really cool and it feels awesome when i wear this watch.the battery backup os good and large display is nice. And comfort to wear. Totally it's a aweso...,2026-09-17 07:02:01.422160,837,It's a nice product from noise. the features are really cool and it feels awesome when i wear this watch.the battery backup os good and large display is nice. And comfort to wear. Totally it's a aweso...,POSITIVE,0.9998,4.0,False,2026-09-17 07:03:27.273356
838,Noise ColorFit Icon 2,Noise,5.0,Simply awesome,BANANI MAJHEE,Wow thank you flipkart😍,2026-09-17 07:02:01.422160,838,Wow thank you flipkart😍,POSITIVE,0.9998,5.0,False,2026-09-17 07:03:27.273356
839,Noise ColorFit Icon 2,Noise,5.0,Must buy!,Ranjit  Pradhan,Good quality thank you for Flipkart,2026-09-17 07:02:01.422160,839,Good quality thank you for Flipkart,POSITIVE,0.9999,5.0,False,2026-09-17 07:03:27.273356
840,Noise ColorFit Icon 2,Noise,5.0,Classy product,ANISH  SARKAR,Good product and valu for manye 🥰🥰👍,2026-09-17 07:02:01.422160,840,Good product and valu for manye 🥰🥰👍,POSITIVE,0.9997,5.0,False,2026-09-17 07:03:27.273356
841,Noise ColorFit Icon 2,Noise,4.0,Value-for-money,sujit kumar,Looking so awesome,2026-09-17 07:02:01.422160,841,Looking so awesome,POSITIVE,0.9999,4.0,False,2026-09-17 07:03:27.273356
842,Noise ColorFit Icon 2,Noise,5.0,Highly recommended,Aman kant  Verma,Amazing product. Thus is so good. Works so well and touch screen so Smoot. I think this watch on of the best.,2026-09-17 07:02:01.422160,842,Amazing product. Thus is so good. Works so well and touch screen so Smoot. I think this watch on of the best.,POSITIVE,0.9999,5.0,False,2026-09-17 07:03:27.273356
843,Noise ColorFit Icon 2,Noise,5.0,Awesome,Ashwin  Musiq,"Good Watch with all features , Everyone should buy thiz",2026-09-17 07:02:01.422160,843,"Good Watch with all features , Everyone should buy thiz",POSITIVE,0.9996,5.0,False,2026-09-17 07:03:27.273356
844,Noise ColorFit Icon 2,Noise,5.0,Wonderful,GEEO RAVEENDRAN,Neat design and loving shape,2026-09-17 07:02:01.422160,844,Neat design and loving shape,POSITIVE,0.9999,5.0,False,2026-09-17 07:03:27.273356
845,Noise ColorFit Icon 2,Noise,5.0,Terrific purchase,Imran Farhad,Just a Amazing Watch by Noise. Previously I was using Noise Color fit pro 2 and was unsatisfied with That.But this Icon 2 is A masterpieces believe Me guys. Going to give a details review after a week.,2026-09-17 07:02:01.422160,845,Just a Amazing Watch by Noise. Previously I was using Noise Color fit pro 2 and was unsatisfied with That.But this Icon 2 is A masterpieces believe Me guys. Going to give a details review after a week.,POSITIVE,0.9995,5.0,False,2026-09-17 07:03:27.273356
846,Noise ColorFit Icon 2,Noise,5.0,Best in the market!,Sabir  Alam,Really awesome watchy wife is very impress for this watch wine colour is one of the best clour thank u flipcart.,2026-09-17 07:02:01.422160,846,Really awesome watchy wife is very impress for this watch wine colour is one of the best clour thank u flipcart.,POSITIVE,0.9999,5.0,False,2026-09-17 07:03:27.273356
847,Noise ColorFit Icon 2,Noise,5.0,Great product,Sayeed  Al sahaf,Superb,2026-09-17 07:02:01.422160,847,Superb,POSITIVE,0.9999,5.0,False,2026-09-17 07:03:27.273356
848,Noise ColorFit Icon 2,Noise,5.0,Great product,Pritam Chatterjee,Best value for money and just awesome👍,2026-09-17 07:02:01.422160,848,Best value for money and just awesome👍,POSITIVE,0.9911,5.0,False,2026-09-17 07:03:27.273356
849,Noise ColorFit Icon 2,Noise,5.0,Perfect product!,Sunil Dodamani,Super quality awesome product Super sound quality Nice watch,2026-09-17 07:02:01.422160,849,Super quality awesome product Super sound quality Nice watch,POSITIVE,0.9999,5.0,False,2026-09-17 07:03:27.273356
850,Noise ColorFit Icon 2,Noise,5.0,Worth every penny,Flipkart Customer,I m fully fall in love with this product 😍 Value for money or more than that... It's calling feature is marvellous.. the watch theme has lots of variety... easy to use... Great product... It's far be...,2026-09-17 07:02:01.422160,850,I m fully fall in love with this product 😍 Value for money or more than that... It's calling feature is marvellous.. the watch theme has lots of variety... easy to use... Great product... It's far be...,POSITIVE,0.9979,5.0,False,2026-09-17 07:03:27.273356
851,Noise ColorFit Icon 2,Noise,5.0,Brilliant,Flipkart Customer,Nice product,2026-09-17 07:02:01.422160,851,Nice product,POSITIVE,0.9999,5.0,False,2026-09-17 07:03:27.273356
852,Noise ColorFit Icon 2,Noise,4.0,Very Good,Atul Pandey,This price nice watch...,2026-09-17 07:02:01.422160,852,This price nice watch...,POSITIVE,0.9996,4.0,False,2026-09-17 07:03:27.273356
853,Noise ColorFit Icon 2,Noise,5.0,Wonderful,Flipkart Customer,Good at this price...,2026-09-17 07:02:01.422160,853,Good at this price...,POSITIVE,0.9999,5.0,False,2026-09-17 07:03:27.273356
854,Noise ColorFit Icon 2,Noise,5.0,Fabulous!,Sai Sanju,Super,2026-09-17 07:02:01.422160,854,Super,POSITIVE,0.9988,5.0,False,2026-09-17 07:03:27.273356
855,Noise ColorFit Icon 2,Noise,5.0,Excellent,Bhavya Jaiswal,Worth it,2026-09-17 07:02:01.422160,855,Worth it,POSITIVE,0.9999,5.0,False,2026-09-17 07:03:27.273356
856,Noise ColorFit Icon 2,Noise,4.0,Really Nice,Indrajeet thakur,Value of money,2026-09-17 07:02:01.422160,856,Value of money,POSITIVE,0.9982,4.0,False,2026-09-17 07:03:27.273356
857,Noise ColorFit Icon 2,Noise,4.0,Worth the money,Flipkart Satya t,"Overall very nice , but battery is some what less charging .",2026-09-17 07:02:01.422160,857,"Overall very nice , but battery is some what less charging .",NEGATIVE,0.9661,4.0,True,2026-09-17 07:03:27.273356
858,Noise ColorFit Icon 2,Noise,5.0,Wonderful,Rajkrishna Sahu,Value for money.,2026-09-17 07:02:01.422160,858,Value for money.,POSITIVE,0.9977,5.0,False,2026-09-17 07:03:27.273356
859,Noise ColorFit Icon 2,Noise,4.0,Nice product,Gautam Kumar Singh,Look: awesome Other update : after using 15days,2026-09-17 07:02:01.422160,859,Look: awesome Other update : after using 15days,POSITIVE,0.9994,4.0,False,2026-09-17 07:03:27.273356
860,Noise ColorFit Icon 2,Noise,3.0,Just okay,Subodh  Roy,Product is good,2026-09-17 07:02:01.422160,860,Product is good,POSITIVE,0.9999,3.0,False,2026-09-17 07:03:27.273356
861,Noise ColorFit Icon 2,Noise,5.0,Brilliant,Aman Kumar,Awesome product 🥰❤️❤️😘😘 Thanks for Flipkart 🥰😘,2026-09-17 07:02:01.422160,861,Awesome product 🥰❤️❤️😘😘 Thanks for Flipkart 🥰😘,POSITIVE,0.9998,5.0,False,2026-09-17 07:03:27.273356
862,Noise ColorFit Icon 2,Noise,5.0,Wonderful,Flipkart Customer,Nice,2026-09-17 07:02:01.422160,862,Nice,POSITIVE,0.9999,5.0,False,2026-09-17 07:03:27.273356
863,Noise ColorFit Icon 2,Noise,5.0,Wonderful,Ayesha  Singh,It's look osm n the colour is too good. Just go for it without any hesitation 👍💕💕,2026-09-17 07:02:01.422160,863,It's look osm n the colour is too good. Just go for it without any hesitation 👍💕💕,POSITIVE,0.9957,5.0,False,2026-09-17 07:03:27.273356
864,Noise ColorFit Icon 2,Noise,5.0,Fabulous!,NIDHI  SRIVASTAVA,It awesome watch . battery good touch screen good all features are excellent.and very fast delivery .I am so happy to buy this watch .😍😍😊👍❤️❤️,2026-09-17 07:02:01.422160,864,It awesome watch . battery good touch screen good all features are excellent.and very fast delivery .I am so happy to buy this watch .😍😍😊👍❤️❤️,POSITIVE,0.9999,5.0,False,2026-09-17 07:03:27.273356
865,Noise ColorFit Icon 2,Noise,5.0,Wonderful,Flipkart Customer,Nice quality,2026-09-17 07:02:01.422160,865,Nice quality,POSITIVE,0.9999,5.0,False,2026-09-17 07:03:27.273356
866,Noise ColorFit Icon 2,Noise,5.0,Super!,Bhrinkesh  Das,Good,2026-09-17 07:02:01.422160,866,Good,POSITIVE,0.9998,5.0,False,2026-09-17 07:03:27.273356
867,Noise ColorFit Icon 2,Noise,5.0,Mind-blowing purchase,Ankit Jaiswal,Awesome,2026-09-17 07:02:01.422160,867,Awesome,POSITIVE,0.9999,5.0,False,2026-09-17 07:03:27.273356
868,Noise ColorFit Icon 2,Noise,4.0,Really Nice,Sushant Kumar,Nice watch value for money in watcklh,2026-09-17 07:02:01.422160,868,Nice watch value for money in watcklh,POSITIVE,0.9957,4.0,False,2026-09-17 07:03:27.273356
869,Noise ColorFit Icon 2,Noise,5.0,Perfect product!,Samar  Parjapati,Good product,2026-09-17 07:02:01.422160,869,Good product,POSITIVE,0.9999,5.0,False,2026-09-17 07:03:27.273356
870,Noise ColorFit Icon 2,Noise,5.0,Brilliant,SUMAN HIRA,So happy. Its my first smartwatch.🥰,2026-09-17 07:02:01.422160,870,So happy. Its my first smartwatch.🥰,POSITIVE,0.9999,5.0,False,2026-09-17 07:03:27.273356
871,Noise ColorFit Icon 2,Noise,5.0,Highly recommended,Santosh Meher,Best product,2026-09-17 07:02:01.422160,871,Best product,POSITIVE,0.9998,5.0,False,2026-09-17 07:03:27.273356
872,Noise ColorFit Icon 2,Noise,5.0,Worth every penny,naveen nani,Best calling watch from noise,2026-09-17 07:02:01.422160,872,Best calling watch from noise,POSITIVE,0.881,5.0,False,2026-09-17 07:03:27.273356
873,Noise ColorFit Icon 2,Noise,5.0,Classy product,Flipkart Customer,Thank you Flipkart ❤️,2026-09-17 07:02:01.422160,873,Thank you Flipkart ❤️,POSITIVE,0.9998,5.0,False,2026-09-17 07:03:27.273356
874,Noise ColorFit Icon 2,Noise,5.0,Great product,Flipkart Customer,I loved this watch,2026-09-17 07:02:01.422160,874,I loved this watch,POSITIVE,0.9999,5.0,False,2026-09-17 07:03:27.273356
875,Noise ColorFit Icon 2,Noise,5.0,Wonderful,Flipkart Customer,Thanks Flipkart for delivering the product in ontime. The color of the watch is not pink... This is a cream color.... But in day and night this are different color shade are shown... Nice watch . Also...,2026-09-17 07:02:01.422160,875,Thanks Flipkart for delivering the product in ontime. The color of the watch is not pink... This is a cream color.... But in day and night this are different color shade are shown... Nice watch . Also...,POSITIVE,0.999,5.0,False,2026-09-17 07:03:27.273356
876,Noise ColorFit Icon 2,Noise,5.0,Terrific,Darshan Salanke,Noise icon 2 bt calling smart watch is best for boys and it ha new look It is the best value for money 💸💰 I recommend you to take this watch This watch has more features,2026-09-17 07:02:01.422160,876,Noise icon 2 bt calling smart watch is best for boys and it ha new look It is the best value for money 💸💰 I recommend you to take this watch This watch has more features,POSITIVE,0.9961,5.0,False,2026-09-17 07:03:27.273356
877,Noise ColorFit Icon 2,Noise,5.0,Perfect product!,Sibani Sahoo,I love this product so much 😍 And delivered person was also nice 😊 1) Display is good 2) smooth touch screen 3) Color wow 😘 4) Calling function superb Overall it's a wonderful product 👌 Go and buy it .,2026-09-17 07:02:01.422160,877,I love this product so much 😍 And delivered person was also nice 😊 1) Display is good 2) smooth touch screen 3) Color wow 😘 4) Calling function superb Overall it's a wonderful product 👌 Go and buy it .,POSITIVE,0.9998,5.0,False,2026-09-17 07:03:27.273356
878,Noise ColorFit Icon 2,Noise,5.0,Brilliant,Ramiz Raheman,Having best smartwatch at this price.Must buy 👍,2026-09-17 07:02:01.422160,878,Having best smartwatch at this price.Must buy 👍,NEGATIVE,0.8033,5.0,False,2026-09-17 07:03:27.273356
879,Noise ColorFit Icon 2,Noise,5.0,Terrific,Shidhanta Nandy,Nice product. I am a Noise Lover ❤️. Thank you Flipkart ❤️.,2026-09-17 07:02:01.422160,879,Nice product. I am a Noise Lover ❤️. Thank you Flipkart ❤️.,POSITIVE,0.9997,5.0,False,2026-09-17 07:03:27.273356
880,Noise ColorFit Icon 2,Noise,5.0,Classy product,Flipkart Customer,I am really happy....buy this watch,2026-09-17 07:02:01.422160,880,I am really happy....buy this watch,POSITIVE,0.9999,5.0,False,2026-09-17 07:03:27.273356
881,Noise ColorFit Icon 2,Noise,5.0,Just wow!,Santosh Bhujel,Super watch 😍,2026-09-17 07:02:01.422160,881,Super watch 😍,POSITIVE,0.9955,5.0,False,2026-09-17 07:03:27.273356
882,Noise ColorFit Icon 2,Noise,4.0,Worth the money,Aftab Shah,Good smart watch this price😍,2026-09-17 07:02:01.422160,882,Good smart watch this price😍,POSITIVE,0.9998,4.0,False,2026-09-17 07:03:27.273356
883,Noise ColorFit Icon 2,Noise,5.0,Worth every penny,SEKH AJMIR,Very nice watch and the color is very nice and the features are amazing the display is super,2026-09-17 07:02:01.422160,883,Very nice watch and the color is very nice and the features are amazing the display is super,POSITIVE,0.9999,5.0,False,2026-09-17 07:03:27.273356
884,Noise ColorFit Icon 2,Noise,3.0,Just okay,Golu Kumar,Nice product ❣️❣️❣️,2026-09-17 07:02:01.422160,884,Nice product ❣️❣️❣️,POSITIVE,0.9998,3.0,False,2026-09-17 07:03:27.273356
885,Noise ColorFit Icon 2,Noise,5.0,Fabulous!,Puneeth HB  HB,Super product,2026-09-17 07:02:01.422160,885,Super product,POSITIVE,0.999,5.0,False,2026-09-17 07:03:27.273356
886,Noise ColorFit Icon 2,Noise,5.0,Best in the market!,Flipkart Customer,I received as expected just love it and value of money but improve battery for which extending more days for use and add it the calorie count which is better for future overall it's worth it... I like it..,2026-09-17 07:02:01.422160,886,I received as expected just love it and value of money but improve battery for which extending more days for use and add it the calorie count which is better for future overall it's worth it... I like it..,POSITIVE,0.9985,5.0,False,2026-09-17 07:03:27.273356
887,Noise ColorFit Icon 2,Noise,4.0,Nice product,Kishur kumar  Saikia,Nice product,2026-09-17 07:02:01.422160,887,Nice product,POSITIVE,0.9999,4.0,False,2026-09-17 07:03:27.273356
888,Noise ColorFit Icon 2,Noise,5.0,Super!,Rebel Manohar,Superfast delivery....smart looking watch and good performance.....Value for Money,2026-09-17 07:02:01.422160,888,Superfast delivery....smart looking watch and good performance.....Value for Money,POSITIVE,0.9998,5.0,False,2026-09-17 07:03:27.273356
889,Noise ColorFit Icon 2,Noise,5.0,Must buy!,Flipkart Customer,Very nice product ... I will.recommend u to buy this . But only one problem ... it's leather belt is very thick so slim hand doesn't shoot this watch. But I will suggest u to buy this .. very nice feature,2026-09-17 07:02:01.422160,889,Very nice product ... I will.recommend u to buy this . But only one problem ... it's leather belt is very thick so slim hand doesn't shoot this watch. But I will suggest u to buy this .. very nice feature,POSITIVE,0.9989,5.0,False,2026-09-17 07:03:27.273356
890,Noise ColorFit Icon 2,Noise,5.0,Terrific,Vasant Horatti,"Its a Good product, Superb... Value for money",2026-09-17 07:02:01.422160,890,"Its a Good product, Superb... Value for money",POSITIVE,0.9999,5.0,False,2026-09-17 07:03:27.273356
891,Noise ColorFit Icon 2,Noise,5.0,Classy product,Shubham  Narkhede,"It's very very best product BT calling, Hart rate, and step counter, calories sensor all features are best in that watch. It's very good design and micro phone and speaker quality is very good. And ve...",2026-09-17 07:02:01.422160,891,"It's very very best product BT calling, Hart rate, and step counter, calories sensor all features are best in that watch. It's very good design and micro phone and speaker quality is very good. And ve...",POSITIVE,0.9997,5.0,False,2026-09-17 07:03:27.273356
892,Noise ColorFit Icon 2,Noise,3.0,Good,Flipkart Customer,Very nice smart watch,2026-09-17 07:02:01.422160,892,Very nice smart watch,POSITIVE,0.9999,3.0,False,2026-09-17 07:03:27.273356
893,Noise ColorFit Icon 2,Noise,5.0,Brilliant,aman k,"it is very good watch , i replaced the faulty , now the battery is last for week as comitted, good looking big display and sporty watch, call function and notifications are very nice helping while ri...",2026-09-17 07:02:01.422160,893,"it is very good watch , i replaced the faulty , now the battery is last for week as comitted, good looking big display and sporty watch, call function and notifications are very nice helping while ri...",POSITIVE,0.9989,5.0,False,2026-09-17 07:03:27.273356
894,Noise ColorFit Icon 2,Noise,5.0,Super!,Rajabhai Patat,Amazing battery life I like,2026-09-17 07:02:01.422160,894,Amazing battery life I like,POSITIVE,0.9999,5.0,False,2026-09-17 07:03:27.273356
895,Noise ColorFit Icon 2,Noise,5.0,Terrific,Pooja Chatterjee,Very very very nice watch thanku filip card,2026-09-17 07:02:01.422160,895,Very very very nice watch thanku filip card,POSITIVE,0.9998,5.0,False,2026-09-17 07:03:27.273356
896,Noise ColorFit Icon 2,Noise,5.0,Mind-blowing purchase,Shaik Muktar,Very nice,2026-09-17 07:02:01.422160,896,Very nice,POSITIVE,0.9999,5.0,False,2026-09-17 07:03:27.273356
897,Noise ColorFit Icon 2,Noise,4.0,Value-for-money,Abhishek  Ahirwar,Fantastic Watch Premium quality Superb quality 🥰🥰🥰 ❣️❣️❣️,2026-09-17 07:02:01.422160,897,Fantastic Watch Premium quality Superb quality 🥰🥰🥰 ❣️❣️❣️,POSITIVE,0.9998,4.0,False,2026-09-17 07:03:27.273356
898,Noise ColorFit Icon 2,Noise,4.0,Delightful,Flipkart Customer,Good product,2026-09-17 07:02:01.422160,898,Good product,POSITIVE,0.9999,4.0,False,2026-09-17 07:03:27.273356
899,Noise ColorFit Icon 2,Noise,5.0,Terrific purchase,Sanjaya Sahoo,Amazing Performance and Reliable product,2026-09-17 07:02:01.422160,899,Amazing Performance and Reliable product,POSITIVE,0.9999,5.0,False,2026-09-17 07:03:27.273356
900,Noise ColorFit Icon 2,Noise,5.0,Must buy!,Mukesh yadav,Very nice product 💫💝,2026-09-17 07:02:01.422160,900,Very nice product 💫💝,POSITIVE,0.9999,5.0,False,2026-09-17 07:03:27.273356
901,Noise ColorFit Icon 2,Noise,5.0,Terrific purchase,Gulab Chand,This smart watch really looks nice👍,2026-09-17 07:02:01.422160,901,This smart watch really looks nice👍,POSITIVE,0.9987,5.0,False,2026-09-17 07:03:27.273356
902,Noise ColorFit Icon 2,Noise,5.0,Delightful,Shubham  Guria,The watch is so stylish with metal body and everything but the only problem i faced is that my watch came with missing items and Flipkart doesn't do replacement of my watch 🥲 the the best thing is th...,2026-09-17 07:02:01.422160,902,The watch is so stylish with metal body and everything but the only problem i faced is that my watch came with missing items and Flipkart doesn't do replacement of my watch 🥲 the the best thing is th...,NEGATIVE,0.9868,5.0,True,2026-09-17 07:03:27.273356
903,Noise ColorFit Icon 2,Noise,5.0,Great product,Akash Daksh,Ok,2026-09-17 07:02:01.422160,903,Ok,POSITIVE,0.9998,5.0,False,2026-09-17 07:03:27.273356
904,Noise ColorFit Icon 2,Noise,5.0,Must buy!,SEKH FARID,Very nice product,2026-09-17 07:02:01.422160,904,Very nice product,POSITIVE,0.9999,5.0,False,2026-09-17 07:03:27.273356
905,Noise ColorFit Icon 2,Noise,5.0,Worth every penny,Flipkart Customer,Just wow. Everyone must go for it. Very happy😊.,2026-09-17 07:02:01.422160,905,Just wow. Everyone must go for it. Very happy😊.,POSITIVE,0.9995,5.0,False,2026-09-17 07:03:27.273356
906,Noise ColorFit Icon 2,Noise,5.0,Must buy!,Gaurav  Kumar,Its amazing watch... ❤️❤️🔥💗,2026-09-17 07:02:01.422160,906,Its amazing watch... ❤️❤️🔥💗,POSITIVE,0.9999,5.0,False,2026-09-17 07:03:27.273356
907,Noise ColorFit Icon 2,Noise,4.0,Nice product,Flipkart Customer,Good but improve in fast touch screen and better display.,2026-09-17 07:02:01.422160,907,Good but improve in fast touch screen and better display.,POSITIVE,0.9992,4.0,False,2026-09-17 07:03:27.273356
908,Noise ColorFit Icon 2,Noise,4.0,Delightful,Logan Wolf,Usage of 10 days and here is my review: 1) designed is good 2) Display and touch is not up to mark 3) also in working defect 4) activities are also not upto mark But in this price range what you ex...,2026-09-17 07:02:01.422160,908,Usage of 10 days and here is my review: 1) designed is good 2) Display and touch is not up to mark 3) also in working defect 4) activities are also not upto mark But in this price range what you ex...,NEGATIVE,0.9256,4.0,True,2026-09-17 07:03:27.273356
909,Noise ColorFit Icon 2,Noise,4.0,Pretty good,A.Nageshwar Rao,Having a smooth experience....,2026-09-17 07:02:01.422160,909,Having a smooth experience....,POSITIVE,0.9995,4.0,False,2026-09-17 07:03:27.273356
910,Noise ColorFit Icon 2,Noise,5.0,Great product,Reshma Debbarma,"It cute , nice smart watch only problem is... Technology which no smart watch have till now.. like using apps in them..but for now.. it's nice",2026-09-17 07:02:01.422160,910,"It cute , nice smart watch only problem is... Technology which no smart watch have till now.. like using apps in them..but for now.. it's nice",POSITIVE,0.9991,5.0,False,2026-09-17 07:03:27.273356
911,Noise ColorFit Icon 2,Noise,5.0,Terrific purchase,Flipkart Customer,Is Amazing smartwatch in Noise colorfit icon 2. Super display. Super sound clarity is calling,2026-09-17 07:02:01.422160,911,Is Amazing smartwatch in Noise colorfit icon 2. Super display. Super sound clarity is calling,POSITIVE,0.9995,5.0,False,2026-09-17 07:03:27.273356
912,Noise ColorFit Icon 2,Noise,5.0,Mind-blowing purchase,Mosaraf Ali,Very nice,2026-09-17 07:02:01.422160,912,Very nice,POSITIVE,0.9999,5.0,False,2026-09-17 07:03:27.273356
913,Noise ColorFit Icon 2,Noise,5.0,Terrific purchase,Rajeev Turi,Very nice watch,2026-09-17 07:02:01.422160,913,Very nice watch,POSITIVE,0.9999,5.0,False,2026-09-17 07:03:27.273356
914,Noise ColorFit Icon 2,Noise,5.0,Must buy!,Sarik Sakeel,This product is amazing ❤️ love this product,2026-09-17 07:02:01.422160,914,This product is amazing ❤️ love this product,POSITIVE,0.9999,5.0,False,2026-09-17 07:03:27.273356
915,Noise ColorFit Icon 2,Noise,5.0,Perfect product!,Kowshi Kowshik,Worth for money ✨,2026-09-17 07:02:01.422160,915,Worth for money ✨,POSITIVE,0.9712,5.0,False,2026-09-17 07:03:27.273356
916,Noise ColorFit Icon 2,Noise,4.0,Delightful,Pavan P,"Good one for the price with good display. I liked the Bluetooth calling which is the main reason I bought it, pretty good with loud and clear speaker while indoors and its slightly low when using outs...",2026-09-17 07:02:01.422160,916,"Good one for the price with good display. I liked the Bluetooth calling which is the main reason I bought it, pretty good with loud and clear speaker while indoors and its slightly low when using outs...",POSITIVE,0.9945,4.0,False,2026-09-17 07:03:27.273356
917,Noise ColorFit Icon 2,Noise,4.0,Good choice,Malay Kumar,Satisfied,2026-09-17 07:02:01.422160,917,Satisfied,POSITIVE,0.9997,4.0,False,2026-09-17 07:03:27.273356
918,Noise ColorFit Icon 2,Noise,4.0,Pretty good,Dinesh Kumar,"Add feature like calculator, in your next update.",2026-09-17 07:02:01.422160,918,"Add feature like calculator, in your next update.",NEGATIVE,0.7485,4.0,False,2026-09-17 07:03:27.273356
919,Noise ColorFit Icon 2,Noise,3.0,Does the job,Flipkart Customer,"Activities are not measuring properly and exactly. Steps count,heart rate are not counting properly.",2026-09-17 07:02:01.422160,919,"Activities are not measuring properly and exactly. Steps count,heart rate are not counting properly.",NEGATIVE,0.9998,3.0,False,2026-09-17 07:03:27.273356
920,Noise ColorFit Icon 2,Noise,4.0,Delightful,Harshita Dewangan,It's wonderful product 🥰🥰,2026-09-17 07:02:01.422160,920,It's wonderful product 🥰🥰,POSITIVE,0.9999,4.0,False,2026-09-17 07:03:27.273356
921,Noise ColorFit Icon 2,Noise,4.0,Very Good,Arvind  Singh,"Very satisfied with noise colour fit icon 2 Amazing smartwatch with this price range But disopinted with battery backup with calling function ,,, But all the way nice product Thnxx Flipkart 😊😊",2026-09-17 07:02:01.422160,921,"Very satisfied with noise colour fit icon 2 Amazing smartwatch with this price range But disopinted with battery backup with calling function ,,, But all the way nice product Thnxx Flipkart 😊😊",POSITIVE,0.9822,4.0,False,2026-09-17 07:03:27.273356
922,Noise ColorFit Icon 2,Noise,5.0,Fabulous!,AKHLAK ALAM,Very very good quality 💯💯💯💯💯💯💯,2026-09-17 07:02:01.422160,922,Very very good quality 💯💯💯💯💯💯💯,POSITIVE,0.9999,5.0,False,2026-09-17 07:03:27.273356
923,Noise ColorFit Icon 2,Noise,4.0,Pretty good,Hff Tq r,Good product...I like it... Fast delivery...thanks flipcart,2026-09-17 07:02:01.422160,923,Good product...I like it... Fast delivery...thanks flipcart,POSITIVE,0.9999,4.0,False,2026-09-17 07:03:27.273356
924,Noise ColorFit Icon 2,Noise,5.0,Brilliant,Md Siraj Alam,very nice i like it,2026-09-17 07:02:01.422160,924,very nice i like it,POSITIVE,0.9999,5.0,False,2026-09-17 07:03:27.273356
925,Noise ColorFit Icon 2,Noise,5.0,Excellent,Sakkeer Hussain,Nice watch and good price,2026-09-17 07:02:01.422160,925,Nice watch and good price,POSITIVE,0.9999,5.0,False,2026-09-17 07:03:27.273356
926,Noise ColorFit Icon 2,Noise,5.0,Best in the market!,Banumathi E R,Nice Colour and stylish look. Need to improve more features.,2026-09-17 07:02:01.422160,926,Nice Colour and stylish look. Need to improve more features.,POSITIVE,0.9945,5.0,False,2026-09-17 07:03:27.273356
927,Noise ColorFit Icon 2,Noise,5.0,Fabulous!,Flipkart Customer,All good,2026-09-17 07:02:01.422160,927,All good,POSITIVE,0.9998,5.0,False,2026-09-17 07:03:27.273356
928,Noise ColorFit Icon 2,Noise,5.0,Fabulous!,Megha,This is a awesome smartwatch in this range. It has calling feature also in this range which is awesome. It's worth buying. Also delivery was very fast😂 Go for it,2026-09-17 07:02:01.422160,928,This is a awesome smartwatch in this range. It has calling feature also in this range which is awesome. It's worth buying. Also delivery was very fast😂 Go for it,POSITIVE,0.9998,5.0,False,2026-09-17 07:03:27.273356
929,Noise ColorFit Icon 2,Noise,3.0,Nice,Pritam Mondal,Value for money,2026-09-17 07:02:01.422160,929,Value for money,POSITIVE,0.9978,3.0,False,2026-09-17 07:03:27.273356
930,Noise ColorFit Icon 2,Noise,5.0,Terrific purchase,Rupa Das,All functions are very helpful 🙂 . Excellent 👌,2026-09-17 07:02:01.422160,930,All functions are very helpful 🙂 . Excellent 👌,POSITIVE,0.9994,5.0,False,2026-09-17 07:03:27.273356
931,Noise ColorFit Icon 2,Noise,5.0,Excellent,Dinesh Kumar,All function is good amazing Available function this product 1. Music control 2. Location tracker 3. AI voice 4. Dail pad bluetooth calling 5. Camera control 6. Weather activity 7. Heart rate 8. Slee...,2026-09-17 07:02:01.422160,931,All function is good amazing Available function this product 1. Music control 2. Location tracker 3. AI voice 4. Dail pad bluetooth calling 5. Camera control 6. Weather activity 7. Heart rate 8. Slee...,POSITIVE,0.9967,5.0,False,2026-09-17 07:03:27.273356
932,Noise ColorFit Icon 2,Noise,5.0,Fabulous!,Flipkart Customer,"It's really an amazing smart watch with best price. Just buy it if u are willing to buy any of the smart watch. it's features are really awesome and also contains bp measure, blood pressure, walking s...",2026-09-17 07:02:01.422160,932,"It's really an amazing smart watch with best price. Just buy it if u are willing to buy any of the smart watch. it's features are really awesome and also contains bp measure, blood pressure, walking s...",POSITIVE,0.9998,5.0,False,2026-09-17 07:03:27.273356
933,Noise ColorFit Icon 2,Noise,5.0,Awesome,Srilekha Saha,Just awesome.i like it .❤️,2026-09-17 07:02:01.422160,933,Just awesome.i like it .❤️,POSITIVE,0.9999,5.0,False,2026-09-17 07:03:27.273356
934,Noise ColorFit Icon 2,Noise,5.0,Just wow!,Flipkart Customer,"Wow, Very nice smartwatch. Thank you Flipkart.",2026-09-17 07:02:01.422160,934,"Wow, Very nice smartwatch. Thank you Flipkart.",POSITIVE,0.9999,5.0,False,2026-09-17 07:03:27.273356
935,Noise ColorFit Icon 2,Noise,5.0,Must buy!,Rahul Chaudhary,Nice watch but music play No I Am Purches 2499,2026-09-17 07:02:01.422160,935,Nice watch but music play No I Am Purches 2499,NEGATIVE,0.9475,5.0,True,2026-09-17 07:03:27.273356
936,Noise ColorFit Icon 2,Noise,5.0,Worth every penny,Laxman Behera,Nice watch,2026-09-17 07:02:01.422160,936,Nice watch,POSITIVE,0.9998,5.0,False,2026-09-17 07:03:27.273356
937,Noise ColorFit Icon 2,Noise,3.0,Just okay,S.RAJKUMAR,I bought this smart watch before 1 week in big billion day. Its major issue was bluetooth calling not connecting in my phone. I have higher spec phone. Even if this issue comes frequently. When its co...,2026-09-17 07:02:01.422160,937,I bought this smart watch before 1 week in big billion day. Its major issue was bluetooth calling not connecting in my phone. I have higher spec phone. Even if this issue comes frequently. When its co...,NEGATIVE,0.9951,3.0,False,2026-09-17 07:03:27.273356
938,Noise ColorFit Icon 2,Noise,5.0,Simply awesome,Anjali  Singh,Amazing product 👏🏻,2026-09-17 07:02:01.422160,938,Amazing product 👏🏻,POSITIVE,0.9998,5.0,False,2026-09-17 07:03:27.273356
939,Noise ColorFit Icon 2,Noise,5.0,Classy product,Flipkart Customer,Best watch,2026-09-17 07:02:01.422160,939,Best watch,POSITIVE,0.9998,5.0,False,2026-09-17 07:03:27.273356
940,Noise ColorFit Icon 2,Noise,5.0,Highly recommended,Sasmita Panda,Very good product 😍🥰,2026-09-17 07:02:01.422160,940,Very good product 😍🥰,POSITIVE,0.9998,5.0,False,2026-09-17 07:03:27.273356
941,Noise ColorFit Icon 2,Noise,5.0,Perfect product!,Monu Roy,Nice product,2026-09-17 07:02:01.422160,941,Nice product,POSITIVE,0.9999,5.0,False,2026-09-17 07:03:27.273356
942,Noise ColorFit Icon 2,Noise,5.0,Terrific purchase,Rohit Pandey,Awesome performance ❤️,2026-09-17 07:02:01.422160,942,Awesome performance ❤️,POSITIVE,0.9999,5.0,False,2026-09-17 07:03:27.273356
943,Noise ColorFit Icon 2,Noise,5.0,Brilliant,Shubham Rasal,Happy,2026-09-17 07:02:01.422160,943,Happy,POSITIVE,0.9999,5.0,False,2026-09-17 07:03:27.273356
944,Noise ColorFit Icon 2,Noise,5.0,Awesome,Gagan  mohnaty,"Very nice, so good 😊❤️",2026-09-17 07:02:01.422160,944,"Very nice, so good 😊❤️",POSITIVE,0.9999,5.0,False,2026-09-17 07:03:27.273356
945,Noise ColorFit Icon 2,Noise,5.0,Just wow!,Kishita Soni,Love it 😍❣️,2026-09-17 07:02:01.422160,945,Love it 😍❣️,POSITIVE,0.9999,5.0,False,2026-09-17 07:03:27.273356
946,Noise ColorFit Icon 2,Noise,5.0,Super!,pintu  majumdar,Wonderful,2026-09-17 07:02:01.422160,946,Wonderful,POSITIVE,0.9999,5.0,False,2026-09-17 07:03:27.273356
947,Noise ColorFit Icon 2,Noise,5.0,Mind-blowing purchase,Pranav S,Best in this segment so far ❤️❤️❤️❤️ Thank You Flipkart,2026-09-17 07:02:01.422160,947,Best in this segment so far ❤️❤️❤️❤️ Thank You Flipkart,POSITIVE,0.9998,5.0,False,2026-09-17 07:03:27.273356
948,Noise ColorFit Icon 2,Noise,5.0,Super!,Abdul Raguman,Valu for mony,2026-09-17 07:02:01.422160,948,Valu for mony,POSITIVE,0.6877,5.0,False,2026-09-17 07:03:27.273356
949,Noise ColorFit Icon 2,Noise,5.0,Great product,Sachin  Nauhawar,Excellent product Best quality,2026-09-17 07:02:01.422160,949,Excellent product Best quality,POSITIVE,0.9998,5.0,False,2026-09-17 07:03:27.273356
950,Noise ColorFit Icon 2,Noise,4.0,Worth the money,Manjeet Singh,i liked the watch and this is the best watch at this price range but some feautures are not working like blood oxygen and message are not showing in the watch when you try to see text messages in the ...,2026-09-17 07:02:01.422160,950,i liked the watch and this is the best watch at this price range but some feautures are not working like blood oxygen and message are not showing in the watch when you try to see text messages in the ...,NEGATIVE,0.9918,4.0,True,2026-09-17 07:03:27.273356
951,Noise ColorFit Icon 2,Noise,4.0,Value-for-money,Puja Das,Good quality I love this,2026-09-17 07:02:01.422160,951,Good quality I love this,POSITIVE,0.9999,4.0,False,2026-09-17 07:03:27.273356
952,Noise ColorFit Icon 2,Noise,4.0,Really Nice,Abdul Wahid,Very good quality 😁😁,2026-09-17 07:02:01.422160,952,Very good quality 😁😁,POSITIVE,0.9999,4.0,False,2026-09-17 07:03:27.273356
953,Noise ColorFit Icon 2,Noise,3.0,Decent product,Aaa S,Product is good but health tracker and some other features are not up to date,2026-09-17 07:02:01.422160,953,Product is good but health tracker and some other features are not up to date,NEGATIVE,0.9971,3.0,False,2026-09-17 07:03:27.273356
954,Noise ColorFit Icon 2,Noise,5.0,Best in the market!,Md Mumtaz Quadri,This product is awesome and battery 🔋 is good and smoothness watch,2026-09-17 07:02:01.422160,954,This product is awesome and battery 🔋 is good and smoothness watch,POSITIVE,0.9998,5.0,False,2026-09-17 07:03:27.273356
955,Noise ColorFit Icon 2,Noise,2.0,Moderate,Sachin Saxena,"When i raised my hand to see the time , then the watch is not wake . I takes some long time for lighting up, or need to press button",2026-09-17 07:02:01.422160,955,"When i raised my hand to see the time , then the watch is not wake . I takes some long time for lighting up, or need to press button",NEGATIVE,0.9974,2.0,False,2026-09-17 07:03:27.273356
956,Noise ColorFit Icon 2,Noise,4.0,Worth the money,Flipkart Customer,Nice Product 👍,2026-09-17 07:02:01.422160,956,Nice Product 👍,POSITIVE,0.9998,4.0,False,2026-09-17 07:03:27.273356
957,Noise ColorFit Icon 2,Noise,4.0,Good choice,Asish K,If this watch have amoled display then it would be better,2026-09-17 07:02:01.422160,957,If this watch have amoled display then it would be better,NEGATIVE,0.9989,4.0,True,2026-09-17 07:03:27.273356
958,Noise ColorFit Icon 2,Noise,4.0,Nice product,sangita bag,Good Quality ☺️🙂,2026-09-17 07:02:01.422160,958,Good Quality ☺️🙂,POSITIVE,0.9999,4.0,False,2026-09-17 07:03:27.273356
959,Noise ColorFit Icon 2,Noise,4.0,Value-for-money,Richa Jha,Nice product,2026-09-17 07:02:01.422160,959,Nice product,POSITIVE,0.9999,4.0,False,2026-09-17 07:03:27.273356
960,Noise ColorFit Icon 2,Noise,4.0,Delightful,Swetha G,Must buy,2026-09-17 07:02:01.422160,960,Must buy,POSITIVE,0.982,4.0,False,2026-09-17 07:03:27.273356
961,Noise ColorFit Icon 2,Noise,4.0,Wonderful,Hannan  Mostafa,Value for money,2026-09-17 07:02:01.422160,961,Value for money,POSITIVE,0.9978,4.0,False,2026-09-17 07:03:27.273356
962,Noise ColorFit Icon 2,Noise,5.0,Wonderful,Anjali Pandey,"Build quality is best ,best smartwatch",2026-09-17 07:02:01.422160,962,"Build quality is best ,best smartwatch",POSITIVE,0.9997,5.0,False,2026-09-17 07:03:27.273356
963,Noise ColorFit Icon 2,Noise,5.0,Awesome,Siba Ghosh,value for money,2026-09-17 07:02:01.422160,963,value for money,POSITIVE,0.9978,5.0,False,2026-09-17 07:03:27.273356
964,Noise ColorFit Icon 2,Noise,5.0,Classy product,Aman  sharma,nice product i review after using 15 days this watch. so amazing i like it mostly calling feature.,2026-09-17 07:02:01.422160,964,nice product i review after using 15 days this watch. so amazing i like it mostly calling feature.,POSITIVE,0.9997,5.0,False,2026-09-17 07:03:27.273356
965,Noise ColorFit Icon 2,Noise,5.0,Great product,Flipkart Customer,I really liked the watch look wise too and anyway ❤and it's just as it seemed.,2026-09-17 07:02:01.422160,965,I really liked the watch look wise too and anyway ❤and it's just as it seemed.,POSITIVE,0.9956,5.0,False,2026-09-17 07:03:27.273356
966,Noise ColorFit Icon 2,Noise,5.0,Just wow!,Arnab Ghosh,Awesome product by noise. Worth of money,2026-09-17 07:02:01.422160,966,Awesome product by noise. Worth of money,POSITIVE,0.9999,5.0,False,2026-09-17 07:03:27.273356
967,Noise ColorFit Icon 2,Noise,4.0,Pretty good,Abhishek Kushwaha,My first experience with smart watch feeling happy😊,2026-09-17 07:02:01.422160,967,My first experience with smart watch feeling happy😊,POSITIVE,0.9851,4.0,False,2026-09-17 07:03:27.273356
968,Noise ColorFit Icon 2,Noise,3.0,Fair,Flipkart Customer,Good product 🥰🥰,2026-09-17 07:02:01.422160,968,Good product 🥰🥰,POSITIVE,0.9998,3.0,False,2026-09-17 07:03:27.273356
969,Noise ColorFit Icon 2,Noise,3.0,Decent product,Aadil Khan,FUTURES ARE NOT WORK PROPERLY BATTERY BACKUP IS NOT GOOD ONLY 5 DAYS BACKUP..,2026-09-17 07:02:01.422160,969,FUTURES ARE NOT WORK PROPERLY BATTERY BACKUP IS NOT GOOD ONLY 5 DAYS BACKUP..,NEGATIVE,0.9978,3.0,False,2026-09-17 07:03:27.273356
970,Noise ColorFit Icon 2,Noise,5.0,Excellent,Kiran Pimpalkar,Premium Look And Awesome Quality..They want to improve UI Little bit but otherwise it's awesome 🔥🔥🔥,2026-09-17 07:02:01.422160,970,Premium Look And Awesome Quality..They want to improve UI Little bit but otherwise it's awesome 🔥🔥🔥,POSITIVE,0.9996,5.0,False,2026-09-17 07:03:27.273356
971,Noise ColorFit Icon 2,Noise,5.0,Brilliant,Sukalyan Mukharjee,The Noise Icon 2 Bluetooth smartwatch has become an indispensable part of my daily routine. Its sleek design and vibrant display immediately caught my attention. This smartwatch offers a wide array of...,2026-09-17 07:02:01.422160,971,The Noise Icon 2 Bluetooth smartwatch has become an indispensable part of my daily routine. Its sleek design and vibrant display immediately caught my attention. This smartwatch offers a wide array of...,POSITIVE,0.9995,5.0,False,2026-09-17 07:03:27.273356
972,Noise ColorFit Icon 2,Noise,5.0,Brilliant,Ram  Biswas,Nice smart product I love it,2026-09-17 07:02:01.422160,972,Nice smart product I love it,POSITIVE,0.9999,5.0,False,2026-09-17 07:03:27.273356
973,Noise ColorFit Icon 2,Noise,5.0,Simply awesome,Harish j Soni,Good product i am happy,2026-09-17 07:02:01.422160,973,Good product i am happy,POSITIVE,0.9999,5.0,False,2026-09-17 07:03:27.273356
974,Noise ColorFit Icon 2,Noise,5.0,Fabulous!,Ramya Kodali,Nice smartwatch with excellent features,2026-09-17 07:02:01.422160,974,Nice smartwatch with excellent features,POSITIVE,0.9999,5.0,False,2026-09-17 07:03:27.273356
975,Noise ColorFit Icon 2,Noise,5.0,Mind-blowing purchase,Chidananda,First day ordered... Received the product best product...... With high brightness,2026-09-17 07:02:01.422160,975,First day ordered... Received the product best product...... With high brightness,POSITIVE,0.9974,5.0,False,2026-09-17 07:03:27.273356
976,Noise ColorFit Icon 2,Noise,3.0,Just okay,Amit Kumar Patel,Pros Display is awesome Metalic finish feel premium Calling function work very good Cons No Water reminder No stress monitor Some time not wake up when you twist your hand Battery backup is 3-4days,2026-09-17 07:02:01.422160,976,Pros Display is awesome Metalic finish feel premium Calling function work very good Cons No Water reminder No stress monitor Some time not wake up when you twist your hand Battery backup is 3-4days,POSITIVE,0.9974,3.0,False,2026-09-17 07:03:27.273356
977,Noise ColorFit Icon 2,Noise,5.0,Perfect product!,Zarina Shaikh,This watch is amazing 👏 😍 🙌,2026-09-17 07:02:01.422160,977,This watch is amazing 👏 😍 🙌,POSITIVE,0.9998,5.0,False,2026-09-17 07:03:27.273356
