product_name,rating,title,reviewer,review_text,brand,sentiment_label,sentiment_score
boAt Wave Fury Pro,5.0,Perfect product!,Tanish Kumar,Good Smartwatch. Health and fitness tracking is accurate. Battery is great and charging speed is fast. Display is great sized.,boAt,POSITIVE,0.9997313618659973
boAt Wave Fury Pro,4.0,Good quality product,MADHUSUDAN KAUSHIK,display feature should be better,boAt,NEGATIVE,0.9960628151893616
boAt Wave Fury Pro,5.0,Super!,Utkarsh  Anand,"This watch comes with so many features like heart rate monitoring, sleep and stress tracking etc. Its display looks very stylish and it's calling features is very amazing. Over all value for money.",boAt,POSITIVE,0.9997624754905701
boAt Wave Fury Pro,5.0,Terrific purchase,Pravesh Mishra,This is very elite watch for me. It has the multiple sports feature which is very good and helpful for me. It comes with bigger display which is so perfect for my wrist.,boAt,POSITIVE,0.9996696710586548
boAt Wave Fury Pro,5.0,Terrific,Amit Mishra,This is the best watch I have ever used. It's display is so big that it looks very pretty on my wrist. It comes with very good feature which makes it the best watch.,boAt,POSITIVE,0.9998565912246704
boAt Wave Fury Pro,5.0,Perfect product!,Piyali Bhattacharjee,Very Good,boAt,POSITIVE,0.9998520612716675
boAt Wave Fury Pro,4.0,Nice product,Vikashkumar Pandey,Ok good 😊,boAt,POSITIVE,0.9998527765274048
boAt Wave Fury Pro,5.0,Perfect product!,Neha Haque,Nice product,boAt,POSITIVE,0.9998539686203003
boAt Wave Fury Pro,5.0,Classy product,Flipkart Customer,Excellent,boAt,POSITIVE,0.9998434782028198
boAt Wave Fury Pro,5.0,Wonderful,Flipkart Customer,Very nice,boAt,POSITIVE,0.9998563528060913
boAt Wave Fury Pro,5.0,Wonderful,Flipkart Customer,Overall good,boAt,POSITIVE,0.9998326301574707
boAt Wave Fury Pro,5.0,Super!,Adari Yeswanth,Nice watch,boAt,POSITIVE,0.9998376369476318
boAt Wave Fury Pro,4.0,Wonderful,Soumyadip Kayal,Overall good,boAt,POSITIVE,0.9998326301574707
boAt Wave Fury Pro,2.0,Moderate,Shrikanth Shri,Waste product quality low,boAt,NEGATIVE,0.9997819066047668
boAt Wave Fury Pro,1.0,Horrible,Akmal Reza,Charge problem,boAt,NEGATIVE,0.9992153644561768
boAt Wave Fury Pro,5.0,Highly recommended,Bajan Lal,Good,boAt,POSITIVE,0.9998161196708679
boAt Wave Fury Pro,4.0,Good choice,Mahesh Kumar Meena,Good 👍,boAt,POSITIVE,0.9998576641082764
boAt Wave Fury Pro,5.0,Terrific,Ramakanta  Maharana,Very nice product,boAt,POSITIVE,0.9998691082000732
boAt Wave Fury Pro,5.0,Highly recommended,KOTHAPALLY RAMESH KOTHAPALLY,Superrr,boAt,POSITIVE,0.9886228442192078
boAt Wave Fury Pro,5.0,Great product,Sunil Poonia,Nice watch ⌚ No. 1 quality,boAt,POSITIVE,0.9993977546691895
boAt Wave Fury Pro,3.0,Does the job,Flipkart Customer,Good product,boAt,POSITIVE,0.9998588562011719
boAt Wave Fury Pro,5.0,Just wow!,Shikha Sharma,Gud purchase,boAt,NEGATIVE,0.9497542977333069
boAt Wave Fury Pro,4.0,Value-for-money,Dr.Shahnawaz rahi,Just Amazing,boAt,POSITIVE,0.9998804330825806
boAt Wave Fury Pro,5.0,Wonderful,Priyanka Saha,The product is value for money 🤑,boAt,NEGATIVE,0.5966766476631165
boAt Wave Fury Pro,4.0,Delightful,Pacharala Raghunath,Nice,boAt,POSITIVE,0.9998552799224854
boAt Wave Fury Pro,1.0,Best in the market!,Jitendra Kumar Sharma,Overall good 👍,boAt,POSITIVE,0.9998629093170166
boAt Wave Fury Pro,4.0,Expected a better product,SAHADEV  KUNDU,Good,boAt,POSITIVE,0.9998161196708679
boAt Wave Fury Pro,5.0,Terrible product,Pankaj Yadav,Sleep tracker not working and only ten contact number show and save in watch,boAt,NEGATIVE,0.9980517625808716
boAt Wave Fury Pro,5.0,Just wow!,Gurdeep Singh,Really Awesome,boAt,POSITIVE,0.9998666048049927
boAt Wave Fury Pro,5.0,Perfect product!,Flipkart Customer,Awesome experience!,boAt,POSITIVE,0.9998779296875
boAt Wave Fury Pro,4.0,Wonderful,Ganapathirao Devadi,Awesome,boAt,POSITIVE,0.9998682737350464
boAt Wave Fury Pro,5.0,Fabulous!,Sayan Kundu,Good product all features including battery is very good thank you boat thank you flipkart to give me low price,boAt,POSITIVE,0.999657154083252
boAt Wave Fury Pro,5.0,Highly recommended,Flipkart Customer,Good product,boAt,POSITIVE,0.9998588562011719
boAt Wave Fury Pro,5.0,Wonderful,Amarjeet Kumar jee,Very good 👍,boAt,POSITIVE,0.999870777130127
boAt Wave Fury Pro,1.0,Unsatisfactory,Flipkart Customer,Size is big,boAt,POSITIVE,0.9990968704223633
boAt Wave Fury Pro,5.0,Brilliant,Narayan Behera,Boat smart watch good watch,boAt,POSITIVE,0.9994307160377502
boAt Wave Fury Pro,5.0,Just wow!,Sanjeev  Kumar,Very good,boAt,POSITIVE,0.9998520612716675
boAt Wave Fury Pro,5.0,Wonderful,Akash Dixit,Really happy with this smartwatch. It has a clean premium looking design and the display is sharp and responsive. Calling is convenient and the watch feels comfortable for daily use. The build qualit...,boAt,POSITIVE,0.9997815489768982
boAt Wave Fury Pro,5.0,Awesome,Akash Dixit,"The watch looks stylish and feels premium for the price. The metal build gives it a classy finish, while the display is bright and easy to use. Bluetooth calling works well, and the overall performanc...",boAt,POSITIVE,0.9993656277656555
boAt Wave Fury Pro,5.0,Simply awesome,Vicky Sarkar,Good product 👍,boAt,POSITIVE,0.9998041987419128
boAt Wave Fury Pro,5.0,Good choice,Flipkart Valvi sushila l,Looking very good,boAt,POSITIVE,0.9998650550842285
boAt Wave Fury Pro,5.0,Just wow!,Prasiddha Das,"Everything is perfect if you use it for casual use, please don't rely on the health &amp; fitness tracking sensor of this watch. Use it for time keeping and getting quick notification sync. Looks grea...",boAt,POSITIVE,0.9987502098083496
boAt Wave Fury Pro,5.0,Worth every penny,Ankit  Kannaujiya,Product is very good 👍😊,boAt,POSITIVE,0.9998552799224854
boAt Wave Fury Pro,5.0,Terrific,Flipkart Customer,Best,boAt,POSITIVE,0.9997941851615906
boAt Wave Fury Pro,5.0,Great product,Sachin Katariya,Good prodect,boAt,POSITIVE,0.9998152852058411
boAt Wave Fury Pro,5.0,Terrific purchase,Monga Tanish,This watch is very comfortable to wear. Straps are sweat free. Value for money.,boAt,POSITIVE,0.9905966520309448
boAt Wave Fury Pro,5.0,Awesome,Ravi Rathaur,This watch is value for money it's comes with Bluetooth calling which is best feature for any watch. It's design looks so good that it looks very stylish on my wrist. Overall value for money.,boAt,POSITIVE,0.9996181726455688
boAt Wave Fury Pro,5.0,Wonderful,Rishabh Mishra,"This watch comes with the great features like functional crown, sleep and stress tracking and female wellness etc. It's battery life is too long that it can lasts upto 7 days. Overall value for money.",boAt,NEGATIVE,0.9928039908409119
boAt Wave Fury Pro,1.0,Worthless,RASHID SUNNI,Slow charging,boAt,NEGATIVE,0.9991773962974548
boAt Wave Fury Pro,5.0,Awesome,Tanish Monga,Great smartwatch. Battery backup is amazing. Highly recommended to buy,boAt,POSITIVE,0.9998598098754883
boAt Wave Fury Pro,5.0,Worth every penny,naresh pbs,Total good 👍,boAt,POSITIVE,0.9998568296432495
boAt Wave Fury Pro,1.0,Very Good,Flipkart Customer,Overall good,boAt,POSITIVE,0.9998326301574707
boAt Wave Fury Pro,5.0,Classy product,Mercy joy,Excellent,boAt,POSITIVE,0.9998434782028198
Noise Twist Hyper,5.0,Terrific,Shruti Ojha,Affordable and stylish Good battery life Decent health tracking features Waterproof and durable,Noise,POSITIVE,0.9997192025184631
Noise Twist Hyper,5.0,Terrific,Chhoti singh sisodiya  Chhoti,Very nice,Noise,POSITIVE,0.9998563528060913
Noise Twist Hyper,4.0,Good quality product,Priyanka Podder,Very nice.. Just love it,Noise,POSITIVE,0.9998742341995239
Noise Twist Hyper,5.0,Brilliant,Kanchan  Rana,Superb...,Noise,POSITIVE,0.9998735189437866
Noise Twist Hyper,5.0,Brilliant,Dimpal Yadav,Best product for her price,Noise,POSITIVE,0.9996316432952881
Noise Twist Hyper,5.0,Wonderful,Md Raja,That' is amazing but price is high label,Noise,POSITIVE,0.9981158971786499
Noise Twist Hyper,3.0,Just okay,Shijin Varghese,This product noise smart watch ⌚ My watch after few months showing switch problem Personally I don't like this watch very bad try to take other noise watch this item is not good,Noise,NEGATIVE,0.9992075562477112
Noise Twist Hyper,5.0,Terrific,Sohnu Malhotra,wow very good product,Noise,POSITIVE,0.9998722076416016
Noise Twist Hyper,5.0,Worth every penny,Suthikavya Suthikavya,Very nice products 😇,Noise,POSITIVE,0.9998207688331604
Noise Twist Hyper,5.0,Classy product,Shubham Kaushik,Really liked the watch... 👍,Noise,POSITIVE,0.9994064569473267
Noise Twist Hyper,5.0,Excellent,MUKESH KUMAR,Nice wach,Noise,POSITIVE,0.9996410608291626
Noise Twist Hyper,5.0,Must buy!,Abhishek Patel,Wonderfully,Noise,POSITIVE,0.9998759031295776
Noise Twist Hyper,4.0,Worth the money,Selva Kumar,Never used a smart watch before but it's nice and stylish👍👍,Noise,POSITIVE,0.9991926550865173
Noise Twist Hyper,4.0,Very Good,Mukesh Chandel,Nice watch buy overpriced.,Noise,NEGATIVE,0.9922458529472351
Noise Twist Hyper,5.0,Simply awesome,Jacob Aind,Superb watch....,Noise,POSITIVE,0.9998733997344971
Noise Twist Hyper,4.0,Delightful,Flipkart Customer,Nice display good watch,Noise,POSITIVE,0.9998527765274048
Noise Twist Hyper,3.0,Decent product,Sneha Roy,The watch is good but noise has promised us to give free buds. Didn't receive any. Otherwise good,Noise,NEGATIVE,0.9851342439651489
Noise Twist Hyper,3.0,Decent product,vanniyarajan veeraselvan,"Product not worth for money, charge efficiency is no enough, Display issue",Noise,NEGATIVE,0.9994869232177734
Noise Twist Hyper,4.0,Pretty good,Arjun Chaudhary,Good Quality,Noise,POSITIVE,0.9998551607131958
Noise Twist Hyper,4.0,Worth the money,Busy Parson,Good,Noise,POSITIVE,0.9998161196708679
Noise Twist Hyper,4.0,Good quality product,Savita Saroj,Good product,Noise,POSITIVE,0.9998588562011719
Noise Twist Hyper,4.0,Value-for-money,Sharad  Kumar,All good 👍,Noise,POSITIVE,0.9998528957366943
Noise Twist Hyper,4.0,Nice product,Ankesh Rathore,"Nice product, you may be buy it👍",Noise,POSITIVE,0.9994439482688904
Noise Twist Hyper,4.0,Nice product,Rudraksh  Meena,Good quality for noise product and Good quality for Belt 👍👍,Noise,POSITIVE,0.9993670582771301
Noise Twist Hyper,4.0,Really Nice,sharyu vhantalkar,Good,Noise,POSITIVE,0.9998161196708679
Noise Twist Hyper,4.0,Really Nice,Abhishek Kumar,Good,Noise,POSITIVE,0.9998161196708679
Noise Twist Hyper,5.0,Must buy!,Debasish  Biswal,Nice watch,Noise,POSITIVE,0.9998376369476318
Noise Twist Hyper,5.0,Worth every penny,Mr.Shiva Singh Kushwaha,Very nice,Noise,POSITIVE,0.9998563528060913
Noise Twist Hyper,5.0,Perfect product!,Flipkart Customer,Very nice,Noise,POSITIVE,0.9998563528060913
Noise Twist Hyper,5.0,Brilliant,Nitya Mondal,"good watch comfort, watch nice ❤️&zwj;🩹❤️&zwj;🩹❤️&zwj;🩹👌🫶🏻",Noise,POSITIVE,0.999808132648468
Noise Twist Hyper,5.0,Excellent,Flipkart Customer,Very good product and I have got the value of money and stylish product very very good product with 3 games and more features are available like find my phone also,Noise,POSITIVE,0.9997612833976746
Noise Twist Hyper,5.0,Classy product,Aasim Ansari,I love this watch,Noise,POSITIVE,0.9998751878738403
Noise Twist Hyper,5.0,Mind-blowing purchase,rakesh bera bera,Good quality product,Noise,POSITIVE,0.9998651742935181
Noise Twist Hyper,5.0,Fabulous!,Usman Raza,Best,Noise,POSITIVE,0.9997941851615906
Noise Twist Hyper,5.0,Mind-blowing purchase,Salman Ansari,Nice product,Noise,POSITIVE,0.9998539686203003
Noise Twist Hyper,5.0,Perfect product!,Ashfaq Qadri,Very good quality amezing,Noise,POSITIVE,0.9998815059661865
Noise Twist Hyper,5.0,Not recommended at all,Kp singh Rajput,Battery low hai,Noise,NEGATIVE,0.9978725910186768
Noise Twist Hyper,5.0,Great product,Barun Prasad Behera,Updated product 😃,Noise,POSITIVE,0.9980511665344238
Noise Twist Hyper,5.0,Classy product,Sunny  Rahaman,My bast smart watch,Noise,POSITIVE,0.9997186064720154
Noise Twist Hyper,5.0,Fabulous!,Dinesh Kumar,Good,Noise,POSITIVE,0.9998161196708679
Noise Twist Hyper,5.0,Super!,Rajput Bhanu,Wow value for money,Noise,POSITIVE,0.9995860457420349
Noise Twist Hyper,5.0,Mind-blowing purchase,Ankit  Kumar,Nice 👍,Noise,POSITIVE,0.9998424053192139
Noise Twist Hyper,5.0,Terrific purchase,sunil yadav,"Amazing,value of money, good connectivity with app,",Noise,POSITIVE,0.9998542070388794
Noise Twist Hyper,5.0,Fabulous!,Jeevan Kumar Jena,Nice,Noise,POSITIVE,0.9998552799224854
Noise Twist Hyper,5.0,Simply awesome,Sangrang  Narzary,Nice Value for money,Noise,POSITIVE,0.9998403787612915
Noise Twist Hyper,5.0,Must buy!,Sanjoy Das,Good 👍👍,Noise,POSITIVE,0.9998576641082764
Noise Twist Hyper,5.0,Worth every penny,Flipkart Customer,Good accesories and good watch ⌚ thanks,Noise,POSITIVE,0.9998643398284912
Noise Twist Hyper,5.0,Terrific,Flipkart Customer,Yes nice quality and proper fenisgin belt i really like this product 👌👌 thank uuu flipkart 🙏,Noise,POSITIVE,0.9996858835220337
Noise Twist Hyper,5.0,Terrific,Shivam Joy,This watch is most beautiful 😍 nice look good quality clear voice properly sound,Noise,POSITIVE,0.9998480081558228
Noise Twist Hyper,5.0,Awesome,Flipkart Customer,Good product value of money..👌,Noise,POSITIVE,0.9996452331542969
Noise Twist Hyper,5.0,Super!,Flipkart Customer,Good p,Noise,POSITIVE,0.9998237490653992
Noise Twist Hyper,5.0,Simply awesome,Vipanshu Patel,Good product,Noise,POSITIVE,0.9998588562011719
Noise Twist Hyper,5.0,Just wow!,Anil Gupta,The product is very good 💯,Noise,POSITIVE,0.9998605251312256
Noise Twist Hyper,5.0,Worth every penny,Maya Chettri,What is this very nice,Noise,POSITIVE,0.9998347759246826
Noise Twist Hyper,5.0,Highly recommended,sanjay  basfor,Nice,Noise,POSITIVE,0.9998552799224854
Noise Twist Hyper,3.0,Decent product,Gandharva  Yadu,In this watch was only 5 watch faces only,Noise,NEGATIVE,0.9947233200073242
Noise Twist Hyper,3.0,Nice,Flipkart Customer,Nice watch,Noise,POSITIVE,0.9998376369476318
Noise Twist Hyper,3.0,Fair,Baski Gupta,Awesome,Noise,POSITIVE,0.9998682737350464
Noise Twist Hyper,3.0,Fair,Dora Butytion,Verry good product,Noise,POSITIVE,0.9998295307159424
Noise Twist Hyper,5.0,Great product,Pallavi Mishra,It's just awesome after 1 month of use I am writing the review everything of this watch is very good battery backup bluetooth calling everything is so goog,Noise,POSITIVE,0.9773924946784973
Noise Twist Hyper,5.0,Must buy!,Akash Verma,Nish wach very happy 😊,Noise,POSITIVE,0.9995349645614624
Noise Twist Hyper,5.0,Best in the market!,Radha karan Mehra,Very good,Noise,POSITIVE,0.9998520612716675
Noise Twist Hyper,5.0,Best in the market!,Chandan Kumar Verma,This watch is very good in looking and all purpose in price segment a best watch,Noise,POSITIVE,0.9996358156204224
Noise Twist Hyper,5.0,Must buy!,Manjunath Kalyani,Very gud product,Noise,NEGATIVE,0.9775300025939941
Noise Twist Hyper,3.0,Does the job,Armaan Malik,Wrist wake up isn't working!,Noise,NEGATIVE,0.999035120010376
Noise Twist Hyper,5.0,Mind-blowing purchase,Mukesh Banjara,Nice watch,Noise,POSITIVE,0.9998376369476318
Noise Twist Hyper,1.0,Absolute rubbish!,Hanuman Dhuri,Waste of money Waste product,Noise,NEGATIVE,0.9997783303260803
Noise Twist Hyper,1.0,Absolute rubbish!,Anmol Sharma,Product is not working after two days of use,Noise,NEGATIVE,0.9992782473564148
Noise Twist Hyper,5.0,Brilliant,Bikash Baruah,Nice product,Noise,POSITIVE,0.9998539686203003
Noise Twist Hyper,4.0,Best in the market!,Chetan Dhanwan,overall good 👍😊 value for money 🤑💰,Noise,POSITIVE,0.9993640780448914
Noise Twist Hyper,1.0,Hated it!,Rakesh Parmanik,After one week this watch is not working properly.,Noise,NEGATIVE,0.9997805953025818
Noise Twist Hyper,5.0,Super!,Maheen Riyas,Supper,Noise,POSITIVE,0.9822134971618652
Noise Twist Hyper,2.0,Slightly disappointed,Flipkart Customer,Not good,Noise,NEGATIVE,0.9997889399528503
Noise Twist Hyper,5.0,Highly recommended,Rakesh Kumar,Very nice,Noise,POSITIVE,0.9998563528060913
Noise Twist Hyper,5.0,Awesome,Ankit  Maurya,It is very awesome and eligible for money,Noise,POSITIVE,0.9998859167098999
Noise Twist Hyper,1.0,Terrible product,BANTI NATH SHARMA,There no too much issue in the screen ... cannot set or there is not much options.. pls dont bu every time this,Noise,NEGATIVE,0.9990346431732178
Noise Twist Hyper,1.0,Not recommended at all,Nishant Prince,Product quality very poor,Noise,NEGATIVE,0.9998124241828918
Noise Twist Hyper,5.0,Perfect product!,Prashant Pradhan  Prashant Pradhan,Product cancel,Noise,NEGATIVE,0.9997101426124573
Noise Twist Hyper,5.0,Best in the market!,Flipkart Customer,Loved it,Noise,POSITIVE,0.9998797178268433
Noise Twist Hyper,5.0,Mind-blowing purchase,Jitvesh Rohilla,This is a good quality and it is a premium look,Noise,POSITIVE,0.9998834133148193
Noise Twist Hyper,1.0,Waste of money!,Saddam Hussain,Display is very bad,Noise,NEGATIVE,0.99981290102005
Noise Twist Hyper,5.0,Brilliant,Rejiyal Rabha,Nice,Noise,POSITIVE,0.9998552799224854
Noise Twist Hyper,5.0,Terrific purchase,Kishan Sen,I love this watch,Noise,POSITIVE,0.9998751878738403
Noise Twist Hyper,4.0,Good choice,shatrudhan Kumar,Very nice,Noise,POSITIVE,0.9998563528060913
Noise Twist Hyper,5.0,Great product,Ravi  Negi,Good product,Noise,POSITIVE,0.9998588562011719
Noise Twist Hyper,5.0,Brilliant,Rakesh Payeng,Good 👍,Noise,POSITIVE,0.9998576641082764
Noise Twist Hyper,5.0,Excellent,Gajendra Jhuriya,Very good performance,Noise,POSITIVE,0.9998663663864136
Noise Twist Hyper,5.0,Highly recommended,Mahapatra Shila,Very nice,Noise,POSITIVE,0.9998563528060913
Noise Twist Hyper,1.0,Worth the money,Shivraj Singh Kainth Kainth,Display not working,Noise,NEGATIVE,0.9997054934501648
Noise Twist Hyper,5.0,Perfect product!,Yuva Raj,Nice watch..,Noise,POSITIVE,0.999834418296814
Noise Twist Hyper,1.0,Waste of money!,Kanha Tandi,Very bad😡😡😡,Noise,POSITIVE,0.8243632912635803
Noise Twist Hyper,5.0,Perfect product!,Rekha Sisodiya,Totally worth it... I love it ❤️ it's too good...!!,Noise,POSITIVE,0.9995049238204956
Noise Twist Hyper,4.0,Really Nice,Dharmraj Mehra,Good 👍,Noise,POSITIVE,0.9998576641082764
Noise Twist Hyper,4.0,Pretty good,Akash Das,Good,Noise,POSITIVE,0.9998161196708679
Noise Twist Hyper,4.0,Delightful,Raju Kumar  Sah,Gajab very good luck🤞,Noise,POSITIVE,0.9996395111083984
Noise Twist Hyper,5.0,Great product,Umamani Barik,Very good,Noise,POSITIVE,0.9998520612716675
Noise Twist Hyper,4.0,Good quality product,Sushma Sharma,Nice,Noise,POSITIVE,0.9998552799224854
Noise Twist Hyper,1.0,Horrible,Nitesh  Singh,Bad now,Noise,NEGATIVE,0.9998012185096741
Noise Twist Hyper,5.0,Terrific purchase,Rajveer Singh,All right,Noise,POSITIVE,0.9998419284820557
Noise Twist Hyper,5.0,Brilliant,Mastan vali  Darling,Nice,Noise,POSITIVE,0.9998552799224854
Noise Twist Hyper,1.0,Worst experience ever!,Suraj Halder,Very bad product,Noise,NEGATIVE,0.9998032450675964
Noise Twist Hyper,1.0,Worst experience ever!,Akash Ahirwar,Connecting device problem,Noise,NEGATIVE,0.9991043210029602
Noise Twist Hyper,2.0,Slightly disappointed,Rohit Kumar,Silver colour of dial is bad because that's colour is churn in one month.,Noise,NEGATIVE,0.9996891021728516
Noise Twist Hyper,5.0,Perfect product!,ANAND HEMROM,Fantastic,Noise,POSITIVE,0.9998743534088135
Noise Twist Hyper,1.0,Waste of money!,Flipkart Customer,Bad watch,Noise,NEGATIVE,0.9990401864051819
Noise Twist Hyper,5.0,Wonderful,Amit Nagar,Nice,Noise,POSITIVE,0.9998552799224854
Noise Twist Hyper,5.0,Great product,Flipkart Customer,Everything is good👍 lovely product 🥰❤️,Noise,POSITIVE,0.9997445940971375
Noise Twist Hyper,5.0,Excellent,Rahul sk,Excellence fire,Noise,POSITIVE,0.9996838569641113
Noise Twist Hyper,4.0,Really Nice,Sagathiya Rushik,Good 👍😊,Noise,POSITIVE,0.9998576641082764
Noise Twist Hyper,5.0,Worth every penny,Flipkart Customer,Nice 👍,Noise,POSITIVE,0.9998424053192139
Fire-Boltt Hurricane 2026,4.0,Good quality product,Shivam Akhadkar,Nice one,Fire-Boltt,POSITIVE,0.9998481273651123
Fire-Boltt Hurricane 2026,4.0,Value-for-money,Flipkart Customer,"1. Music control are not very good . 2. The battery consumption is slightly higher than others. 3. Design is fabulous. 4. UI is decent. 5. All features like Heart rate , Spo2 are good and give almost...",Fire-Boltt,POSITIVE,0.9994235038757324
Fire-Boltt Hurricane 2026,4.0,Worth the money,Akash Nandakumar,Nice product.,Fire-Boltt,POSITIVE,0.999863862991333
Fire-Boltt Hurricane 2026,4.0,Very Good,Shome Shome,Go for it ❣️,Fire-Boltt,POSITIVE,0.9968394041061401
Fire-Boltt Hurricane 2026,4.0,Pretty good,Flipkart Customer,Loved it,Fire-Boltt,POSITIVE,0.9998797178268433
Fire-Boltt Hurricane 2026,4.0,Pretty good,Sudeshna Pal,Battery backup is impressive,Fire-Boltt,POSITIVE,0.9996305704116821
Fire-Boltt Hurricane 2026,5.0,Mind-blowing purchase,Flipkart Customer,"Very nice smart watch round dial make it more beautiful. Display is good Health data is almost accurate Battery back , you guys don’t believe after using 5 days i used battery saving mode and its give...",Fire-Boltt,POSITIVE,0.9880638718605042
Fire-Boltt Hurricane 2026,5.0,Terrific purchase,Dipayan Nath,"Nice Product... Looks Impressive.... 👌 It doesn't have amoled skin, though it looks nothing less than amoled 👌👍 Best for skinny people... 👌",Fire-Boltt,POSITIVE,0.9924439787864685
Fire-Boltt Hurricane 2026,5.0,Classy product,Anu George,Good display. Long lasting battery,Fire-Boltt,POSITIVE,0.9997846484184265
Fire-Boltt Hurricane 2026,5.0,Brilliant,Ujjwal Garg,This product is very attractive😍 and amazing I am happy☺,Fire-Boltt,POSITIVE,0.9998797178268433
Fire-Boltt Hurricane 2026,5.0,Wonderful,Jagruti Jadhav,Wonderful watch with low cost and wonderful features lovely like it alot,Fire-Boltt,POSITIVE,0.999887228012085
Fire-Boltt Hurricane 2026,5.0,Terrific purchase,sona sen,Nice watch 😍😍,Fire-Boltt,POSITIVE,0.9997860789299011
Fire-Boltt Hurricane 2026,5.0,Great product,Ashok  Soni,I really like this product 💯. You must buy this watch. don't hesitate before buying this one really awesome .it looks amazing 😍🤩🤩🤩🤩🤩,Fire-Boltt,POSITIVE,0.9997186064720154
Fire-Boltt Hurricane 2026,5.0,Terrific,Parthiban T,Indeed a 🔥 Fire 🔥 smartwatch with stunning look at this price range. 1st impression was exllent. on time delivery to Filpkart....,Fire-Boltt,POSITIVE,0.9888050556182861
Fire-Boltt Hurricane 2026,5.0,Worth every penny,Shubham Ghosh,Great product,Fire-Boltt,POSITIVE,0.9998695850372314
Fire-Boltt Hurricane 2026,5.0,Perfect product!,Flipkart Customer,It's just Wow😲,Fire-Boltt,NEGATIVE,0.9529980421066284
Fire-Boltt Hurricane 2026,5.0,Highly recommended,Babu Manna,Worth of penny because you must find that you have got what you have paid.,Fire-Boltt,POSITIVE,0.5999147295951843
Fire-Boltt Hurricane 2026,5.0,Best in the market!,Shantanu Paul,Nice display smooth and better 😊,Fire-Boltt,POSITIVE,0.9998142123222351
Fire-Boltt Hurricane 2026,5.0,Must buy!,tarun satasiya,Value for money,Fire-Boltt,POSITIVE,0.9977725148200989
Fire-Boltt Hurricane 2026,5.0,Wonderful,Anchal Singh,Very good 👍😁,Fire-Boltt,POSITIVE,0.999870777130127
Fire-Boltt Hurricane 2026,4.0,Wonderful,Flipkart Customer,Good watch,Fire-Boltt,POSITIVE,0.9998406171798706
Fire-Boltt Hurricane 2026,5.0,Excellent,Ipsita Das,"Very good quality, worth it❤",Fire-Boltt,POSITIVE,0.9998801946640015
Fire-Boltt Hurricane 2026,5.0,Best in the market!,Flipkart Customer,Amazing 🤩 watch ⌚ really I love it.,Fire-Boltt,POSITIVE,0.9998766183853149
Fire-Boltt Hurricane 2026,5.0,Just wow!,Jaydip Sakhiya,Very nice product.... I attracted with its beauty ...look wise its look premium I liked it a lot,Fire-Boltt,POSITIVE,0.9997953772544861
Fire-Boltt Hurricane 2026,5.0,Highly recommended,KEERTHANA S,Mind -blowing purchase Very nice smart watch round dial make it more beautiful. Display is good Health data is almost accurate I attracted with this beauty look wise it's look premium l liked it a lot,Fire-Boltt,POSITIVE,0.9996596574783325
Fire-Boltt Hurricane 2026,3.0,Good quality product,Akash Mahour,Good watch,Fire-Boltt,POSITIVE,0.9998406171798706
Fire-Boltt Hurricane 2026,5.0,Excellent,Manish Kumar,Good product,Fire-Boltt,POSITIVE,0.9998588562011719
Fire-Boltt Hurricane 2026,5.0,Wonderful,Aditya Singh,"A nice product with many features but please increase the watch faces, they are very limited and old.",Fire-Boltt,NEGATIVE,0.9867750406265259
Fire-Boltt Hurricane 2026,5.0,Terrific purchase,Gargi Singh,Superb,Fire-Boltt,POSITIVE,0.9998656511306763
Fire-Boltt Hurricane 2026,4.0,Worth the money,Mihir Mishra,"Overall Display and design is really Awesome. Looks like premium in hand. Although Activity tracker Accuracy is not good, it track heart rate of bottle, table for which I give it 3.5/5. Steps count ...",Fire-Boltt,POSITIVE,0.9997019171714783
Fire-Boltt Hurricane 2026,5.0,Perfect product!,H A R I,Best in the market❤️ Just go for it,Fire-Boltt,POSITIVE,0.9980952143669128
Fire-Boltt Hurricane 2026,5.0,Brilliant,Flipkart Customer,Display quality awesome,Fire-Boltt,POSITIVE,0.9998773336410522
Fire-Boltt Hurricane 2026,5.0,Simply awesome,Rinku Raja,My favourite watch,Fire-Boltt,POSITIVE,0.9985005855560303
Fire-Boltt Hurricane 2026,5.0,Highly recommended,Flipkart Customer,This is nice watch looking so cool,Fire-Boltt,POSITIVE,0.9998643398284912
Fire-Boltt Hurricane 2026,4.0,Worth the money,Aastha Singh,Happy with this watch,Fire-Boltt,POSITIVE,0.9998667240142822
Fire-Boltt Hurricane 2026,4.0,Worth the money,Babita Mishra,Perfect,Fire-Boltt,POSITIVE,0.9998517036437988
Fire-Boltt Hurricane 2026,4.0,Good quality product,Nidhi Joshi,Nice product,Fire-Boltt,POSITIVE,0.9998539686203003
Fire-Boltt Hurricane 2026,5.0,Awesome,Amit  Vishwakarma,Very nice 👍👌👍👌,Fire-Boltt,POSITIVE,0.9998577833175659
Fire-Boltt Hurricane 2026,5.0,Super!,sagar nhavi,Value for money dear I got it only 1621only very nice the design was osm but I don't like feature and application only I like the design and it's looking ness on wrist.. 😍😊🤞 I like it,Fire-Boltt,POSITIVE,0.9798157215118408
Fire-Boltt Hurricane 2026,5.0,Super!,Akash Karmakar,"I purchased this watch on May 4th, 2022. Today is May 13th. So, let me now share my experience with this smartwatch... 1. The round dial at this price is phenomenal. I'm always a fan of round dial wa...",Fire-Boltt,POSITIVE,0.9989823698997498
Fire-Boltt Hurricane 2026,5.0,Must buy!,Priyanka Hasda,Must buy,Fire-Boltt,POSITIVE,0.9820494055747986
Fire-Boltt Hurricane 2026,5.0,Brilliant,Ashish Kumar,Good,Fire-Boltt,POSITIVE,0.9998161196708679
Fire-Boltt Hurricane 2026,5.0,Great product,Ashuu Ashuu,This watch is very nice and wonderful 😻,Fire-Boltt,POSITIVE,0.9998879432678223
Fire-Boltt Hurricane 2026,5.0,Must buy!,neelesh pandey,It's fantastic at this price range. Build quality looks premium. Watch faces are pretty good. Heart rate and other tracking activity features are decent at this price. Overall good experience. Meet m...,Fire-Boltt,POSITIVE,0.9998610019683838
Fire-Boltt Hurricane 2026,5.0,Brilliant,Sonalika Sonu,Nice 👍 product thanks to you 😊☺️😊 filpkart,Fire-Boltt,POSITIVE,0.9997088313102722
Fire-Boltt Hurricane 2026,5.0,Great product,Enam H  BORBHUYAN,I Love this so much comfortable and premium looks,Fire-Boltt,POSITIVE,0.9998786449432373
Fire-Boltt Hurricane 2026,5.0,Wonderful,S Roy,Value for money watch. Good design and look. Looks like a expensive watch.,Fire-Boltt,POSITIVE,0.9993458390235901
Fire-Boltt Hurricane 2026,5.0,Super!,Flipkart Customer,"Nice watch,nice game 👍🤗 , battery backup is very very nice 👌👌 I use continue 8 day without changing and it battery remain 17%. I recommend buy this watch.The heart rate is accurate but sometimes n...",Fire-Boltt,POSITIVE,0.9974496960639954
Fire-Boltt Hurricane 2026,4.0,Good choice,Nishikant Kute,"Good and awesome, value to money, some more features should be there.",Fire-Boltt,POSITIVE,0.9998290538787842
Fire-Boltt Hurricane 2026,5.0,Simply awesome,Shivani Bhardwaj,I loved the quality of this watch. Works pretty well. Sports modes are great. I just wish it had brightness adjustment mode on the watch top menu itself.,Fire-Boltt,POSITIVE,0.9996824264526367
Fire-Boltt Hurricane 2026,4.0,Value-for-money,Raj singh Rajput,It's look stylish 😍,Fire-Boltt,POSITIVE,0.9996975660324097
Fire-Boltt Hurricane 2026,5.0,Brilliant,Sushmita Singh,Awesome product I like it very much,Fire-Boltt,POSITIVE,0.999885082244873
Fire-Boltt Hurricane 2026,4.0,Good quality product,Jagganraj N,Design is very good and also the UI is clean and easy to use,Fire-Boltt,POSITIVE,0.9998486042022705
Fire-Boltt Hurricane 2026,5.0,Super!,Aditya Virmani,Product is good Easy to Use .Look attractive .Nice 👍👍,Fire-Boltt,POSITIVE,0.9998524188995361
Fire-Boltt Hurricane 2026,5.0,Perfect product!,Adish,Very good product,Fire-Boltt,POSITIVE,0.9998735189437866
Fire-Boltt Hurricane 2026,5.0,Mind-blowing purchase,Sai Bhava,"I've never seen a watch at this price range , really it's look like a premium watch and I've using this for last 1 week , here I'm giving my honest feedback . Display 5/5 Battery 4/5 Tracking 4/5 V...",Fire-Boltt,POSITIVE,0.9943060278892517
Fire-Boltt Hurricane 2026,4.0,Really Nice,Mohamed  shahithullah,"Value for Money Design is fabulous. Ul is decent. All features like Heart rate , Spo2 are good and give almost exact readings. 6. Display is also very good. Build quality is great. Watch faces in...",Fire-Boltt,POSITIVE,0.9998695850372314
Fire-Boltt Hurricane 2026,5.0,Just wow!,S.. Imthiyaz,Very very super good product from flipkart Very good flipkart really 🙂 nice and i loveit plzz buy all friends,Fire-Boltt,POSITIVE,0.9995457530021667
Fire-Boltt Hurricane 2026,4.0,Pretty good,Flipkart Customer,Superb 👌,Fire-Boltt,POSITIVE,0.999850869178772
Fire-Boltt Hurricane 2026,5.0,Just wow!,Pawar Pawar,Good watch for the price . Like the interface and like the user friendly app,Fire-Boltt,POSITIVE,0.9989138841629028
Fire-Boltt Hurricane 2026,5.0,Worth every penny,Flipkart Customer,Wonderful watch and wonderful features lovely like it alot.. thanks you Flipkart,Fire-Boltt,POSITIVE,0.9998906850814819
Fire-Boltt Hurricane 2026,5.0,Mind-blowing purchase,Vijay  Kumar,Excellent watch.,Fire-Boltt,POSITIVE,0.9998630285263062
Fire-Boltt Hurricane 2026,5.0,Perfect product!,Dev Patodia,"Looks are very good , display also nice with good brightness,accuracy is decent for steps and spo2 but for heart rate it is very accurateand you cand replace the strap with any 20mm or 22mm strap",Fire-Boltt,POSITIVE,0.9995265007019043
Fire-Boltt Hurricane 2026,5.0,Must buy!,Mahesh Kumar,"Design of the watch too good, off the Gesture from setting then u will get 🔋 backup more than 10 days. I like this watch and gifted to my Wife. She was really happy after seeing this watch",Fire-Boltt,POSITIVE,0.9980767965316772
Fire-Boltt Hurricane 2026,5.0,Excellent,Amit Makhija,"I Got the watch yesterday. In this price range it really Looks Premium watch. . It's light weight, sharp Display, easy change belt option. Good watch faces . From today I will start using it .and send...",Fire-Boltt,POSITIVE,0.9975353479385376
Fire-Boltt Hurricane 2026,5.0,Terrific purchase,Kinjal Singh,Just love this watch I couldn't ask for more this is perfect Display is buttery smooth and all the features are great and great value for money,Fire-Boltt,POSITIVE,0.9998824596405029
Fire-Boltt Hurricane 2026,5.0,Awesome,Its Oms Universal,"Literally from my heart, the cost I paid is worth it. The photos I posted is not edited, this is how it looks. It's built quality is awesome. I love the game that I can play in it (game similar to fla...",Fire-Boltt,POSITIVE,0.9998613595962524
Fire-Boltt Hurricane 2026,4.0,Pretty good,Flipkart Customer,I gifted this to my boyfriend and he is so happy after seeing this watch. It's design are really awesome 👍. And everyone should try this watch if you're a smart watch lover.,Fire-Boltt,POSITIVE,0.9997612833976746
Fire-Boltt Hurricane 2026,5.0,Mind-blowing purchase,Flipkart Customer,The color is soo good n loved it a good product in a good budget👍🏻❤️,Fire-Boltt,POSITIVE,0.9996939897537231
Fire-Boltt Hurricane 2026,5.0,Simply awesome,Aditya Singh,One of the greatest product in this range Amazing smart watch with this feature In this range,Fire-Boltt,POSITIVE,0.9998490810394287
Fire-Boltt Hurricane 2026,4.0,Good quality product,Debasis  Pratihari,"In this price range , the watch is osm..👌 And quality is super , also look expensive watch.. Display 1.3 , neede at least 1.5 Overall is value for money...i suggest go for it...👍",Fire-Boltt,NEGATIVE,0.9529533386230469
Fire-Boltt Hurricane 2026,5.0,Classy product,Buddha  Deb,All good I'm happy ☺️,Fire-Boltt,POSITIVE,0.9998779296875
Fire-Boltt Hurricane 2026,4.0,Good choice,parthiban sekar,Super,Fire-Boltt,POSITIVE,0.998783528804779
Fire-Boltt Hurricane 2026,4.0,Delightful,Praveen  Verma,Good,Fire-Boltt,POSITIVE,0.9998161196708679
Fire-Boltt Hurricane 2026,4.0,Delightful,Flipkart Customer,It's good product and all features are working But wallpaper is not change automatic,Fire-Boltt,NEGATIVE,0.9712623953819275
Fire-Boltt Hurricane 2026,5.0,Wonderful,Suraj  Bio,Awesome 👍 product.... Value of money 💰...,Fire-Boltt,POSITIVE,0.9997871518135071
Fire-Boltt Hurricane 2026,3.0,Fair,Anas,Very cool smartwatch in this budget I'm happy to purchase fire Boltt through Flipkart but I received the product very late I can't wear it on my auspicious day Eid...I hope this review will help you t...,Fire-Boltt,POSITIVE,0.7903860807418823
Fire-Boltt Hurricane 2026,4.0,Wonderful,Tushar Mondal,"If you want a premium looking budget smartwatch,then it's made for you.Don't get fooled by various smart features of various budget smartwatches.Beleave me there're no budget smartwatch who are accura...",Fire-Boltt,POSITIVE,0.96599280834198
Fire-Boltt Hurricane 2026,5.0,Excellent,Flipkart Customer,Good,Fire-Boltt,POSITIVE,0.9998161196708679
Fire-Boltt Hurricane 2026,5.0,Terrific purchase,Joydeep  Yadab,"As a proud user of the Fire Bolt Hurricane smart watch, I can confidently say that it has exceeded my expectations in every way possible. From its sleek design to its advanced features, this smart wat...",Fire-Boltt,POSITIVE,0.999716579914093
Fire-Boltt Hurricane 2026,5.0,Super!,Sagar Darekar,Nice Smart Watch Value For Money,Fire-Boltt,POSITIVE,0.9995899796485901
Fire-Boltt Hurricane 2026,5.0,Terrific,T.kumaresan N,Happy,Fire-Boltt,POSITIVE,0.9998753070831299
Fire-Boltt Hurricane 2026,5.0,Wonderful,BADSHAH,Nice watch and good features,Fire-Boltt,POSITIVE,0.999870777130127
Fire-Boltt Hurricane 2026,4.0,Really Nice,Flipkart Customer,Superb,Fire-Boltt,POSITIVE,0.9998656511306763
Fire-Boltt Hurricane 2026,5.0,Terrific,Abhiram S,Just go for it✨,Fire-Boltt,POSITIVE,0.8558746576309204
Fire-Boltt Hurricane 2026,5.0,Highly recommended,Daya Sagar,Excellent product within a price range,Fire-Boltt,POSITIVE,0.9998526573181152
Fire-Boltt Hurricane 2026,3.0,Very Good,Flipkart Customer,Nice product,Fire-Boltt,POSITIVE,0.9998539686203003
Fire-Boltt Hurricane 2026,4.0,Value-for-money,Praveen Kumar,Good,Fire-Boltt,POSITIVE,0.9998161196708679
Fire-Boltt Hurricane 2026,5.0,Awesome,Flipkart Customer,Best watch i seen,Fire-Boltt,POSITIVE,0.999062716960907
Fire-Boltt Hurricane 2026,5.0,Worth every penny,Flipkart Customer,Very nice watch i gifted to my mom 🤩 its very awsome 🙏 thank you for giving nice servive fire bolt,Fire-Boltt,POSITIVE,0.9996871948242188
Fire-Boltt Hurricane 2026,5.0,Super!,Rahul Kumar,Osm smartwatch,Fire-Boltt,NEGATIVE,0.964818000793457
Fire-Boltt Hurricane 2026,5.0,Simply awesome,Penubaku Ravi,Looks premium,Fire-Boltt,POSITIVE,0.9982655644416809
Fire-Boltt Hurricane 2026,5.0,Perfect product!,Akash Das,Very good product..,Fire-Boltt,POSITIVE,0.9998737573623657
Fire-Boltt Hurricane 2026,5.0,Brilliant,Amar nath,Good product,Fire-Boltt,POSITIVE,0.9998588562011719
Fire-Boltt Hurricane 2026,5.0,Great product,sashi prava  Das,Very good,Fire-Boltt,POSITIVE,0.9998520612716675
Fire-Boltt Hurricane 2026,5.0,Perfect product!,Tapan  Das,"Very nice product,if you find something different watch and your budget is low so you buy this product Good manufactured by firebolt.",Fire-Boltt,POSITIVE,0.9948976635932922
Fire-Boltt Hurricane 2026,3.0,Fair,Jose Thomas,"On 2 days of usage product feel good. Design is excellent.Bit bigger for small hands. Quality of product Is good.Big Doubt on step count, BPM, SPO2 values. Value for money",Fire-Boltt,POSITIVE,0.9995775818824768
Fire-Boltt Hurricane 2026,4.0,Worth the money,Flipkart Customer,The product seem to be very premium. It's look and design is very nice.It is light weight and band quality is really good.Its touch is really nice and features are easy to understand.But the thing is ...,Fire-Boltt,POSITIVE,0.999862790107727
Fire-Boltt Hurricane 2026,5.0,Classy product,Praful Dwivedi,"A mind-blowing purchase I guess.All the features are working properly,and fitness tracker was 95%accurate So I issue there as well.The accuracy of heart rate and spo2 was also 95% accurate.Customizabl...",Fire-Boltt,POSITIVE,0.9977611303329468
Fire-Boltt Hurricane 2026,5.0,Mind-blowing purchase,Atanu Mukherjee,"I really love this product because in this price segment the watch is looking so premium, feature also good. I request to the fire boltt company to please increase more watch faces in this product.",Fire-Boltt,POSITIVE,0.9992495179176331
Fire-Boltt Hurricane 2026,5.0,Fabulous!,TANU RANA,Nice smartwatch from fire bolt,Fire-Boltt,POSITIVE,0.9990200996398926
Fire-Boltt Hurricane 2026,5.0,Mind-blowing purchase,Shaesta  Parween,Using it From 10 day good Battery life good features and it's working well,Fire-Boltt,POSITIVE,0.9997641444206238
Fire-Boltt Hurricane 2026,5.0,Best in the market!,Flipkart Customer,Awesome,Fire-Boltt,POSITIVE,0.9998682737350464
Fire-Boltt Hurricane 2026,4.0,Value-for-money,Riya Customer,Same as shown in the picture..... Working well.... Features are good.... Go for it!,Fire-Boltt,POSITIVE,0.999813973903656
Fire-Boltt Hurricane 2026,4.0,Delightful,Flipkart Customer,It's looking totally attractive but display and battery average.,Fire-Boltt,NEGATIVE,0.9634150266647339
Fire-Boltt Hurricane 2026,4.0,Good quality product,Rohit Kumar,Immersive looks Decent activities tracker Average battery backup Value for money 💰 Cheapest round dial in the price segment,Fire-Boltt,POSITIVE,0.9808262586593628
Fire-Boltt Hurricane 2026,4.0,Value-for-money,Shrikant Rajput,Looking good..nice smart watch ⌚ in this price,Fire-Boltt,POSITIVE,0.9997883439064026
Fire-Boltt Hurricane 2026,5.0,Super!,Satyam,I Just Loved this and it is best in Budget and Gives a premium look.,Fire-Boltt,POSITIVE,0.9998829364776611
Fire-Boltt Hurricane 2026,5.0,Super!,Flipkart Customer,The watch is value for money watch is awesome,Fire-Boltt,POSITIVE,0.9997628331184387
Fire-Boltt Hurricane 2026,4.0,Value-for-money,Flipkart Customer,Nice,Fire-Boltt,POSITIVE,0.9998552799224854
Fire-Boltt Hurricane 2026,5.0,Mind-blowing purchase,Naveen Kumar,The watch is fine. Less weight and good battery backup but features are very low Kindly provide a calculator in this watch,Fire-Boltt,NEGATIVE,0.9618890881538391
Fire-Boltt Hurricane 2026,5.0,Wonderful,Birendar Kumar,Very nice watch value for money with awesome looks thanks firebolt for this budget friendly and premium watch for us,Fire-Boltt,POSITIVE,0.9997716546058655
Fire-Boltt Hurricane 2026,5.0,Brilliant,Rahul gupta,Paisa Vasool product,Fire-Boltt,NEGATIVE,0.9770810008049011
Fire-Boltt Hurricane 2026,5.0,Perfect product!,Pooja Meghraj,Loved it😍😍,Fire-Boltt,POSITIVE,0.9997703433036804
Fire-Boltt Hurricane 2026,5.0,Just wow!,Shruthi N,It looks awesome . I love it . Classy,Fire-Boltt,POSITIVE,0.9998797178268433
Fire-Boltt Hurricane 2026,4.0,Really Nice,Bhargav Mahali,"My Product Review after a week of using, I can say this product is worth buying at the price. Apart from the tracking features like heart rate and spo2, the sports activities are pretty fine for me. ...",Fire-Boltt,POSITIVE,0.9997132420539856
Fire-Boltt Hurricane 2026,5.0,Just wow!,Sivaram Mannava,Nice product,Fire-Boltt,POSITIVE,0.9998539686203003
Fire-Boltt Hurricane 2026,5.0,Highly recommended,Sayan Das,Amazing Watch,Fire-Boltt,POSITIVE,0.9998806715011597
Fire-Boltt Hurricane 2026,5.0,Excellent,Flipkart Customer,The Fire Bolt Hurricane Smartwatch has surpassed my expectations in both style and functionality. Its sleek design and premium craftsmanship make it a fashionable accessory for any occasion. The intui...,Fire-Boltt,POSITIVE,0.9996891021728516
Fire-Boltt Hurricane 2026,5.0,Perfect product!,Harsh  Jha,It is a fantastic product and the display of this watch is also very good.i like the exercise mode and the brightness.,Fire-Boltt,POSITIVE,0.9998558759689331
Fire-Boltt Hurricane 2026,5.0,Delightful,Arpan  Das,So good ☺️,Fire-Boltt,POSITIVE,0.9998756647109985
Fire-Boltt Hurricane 2026,5.0,Best in the market!,Siddharth singh,Nice watch....,Fire-Boltt,POSITIVE,0.9997535347938538
Fire-Boltt Hurricane 2026,5.0,Wonderful,Flipkart Customer,Nice stylish watch with reasonable price and I changed my strap.,Fire-Boltt,POSITIVE,0.9972277283668518
Fire-Boltt Hurricane 2026,5.0,Just wow!,Dr.Abilash Prabhu Raj M K,Good Watch. Especially Design is Good. Display is Good. Value for Money.,Fire-Boltt,POSITIVE,0.9998373985290527
Fire-Boltt Hurricane 2026,4.0,Very Good,Avinash  Kumar,Amazing product,Fire-Boltt,POSITIVE,0.9998769760131836
Fire-Boltt Hurricane 2026,4.0,Delightful,Sunil Kundu,Nice,Fire-Boltt,POSITIVE,0.9998552799224854
Fire-Boltt Hurricane 2026,5.0,Best in the market!,Salima Nazim,It's very comfortable...nice product. Worth for the money,Fire-Boltt,POSITIVE,0.9998620748519897
Fire-Boltt Hurricane 2026,5.0,Wonderful,Deepak  Sourya,Value for money 🤑,Fire-Boltt,POSITIVE,0.9090783596038818
Fire-Boltt Hurricane 2026,5.0,Simply awesome,BANURI SAI,"Simple & superb, nice looking, battery backup upto 5 days with Bluetooth connectivity overall superb product",Fire-Boltt,POSITIVE,0.99936443567276
Fire-Boltt Hurricane 2026,5.0,Wonderful,Dipjyoti Borah,Nice,Fire-Boltt,POSITIVE,0.9998552799224854
Fire-Boltt Hurricane 2026,5.0,Fabulous!,subham  verma,Really good product..value for money 👌,Fire-Boltt,POSITIVE,0.9998214840888977
Fire-Boltt Hurricane 2026,5.0,Classy product,Debajit Saikia,Nice watch' nice looks!!,Fire-Boltt,POSITIVE,0.9998539686203003
Fire-Boltt Hurricane 2026,5.0,Worth every penny,Avinash R,Good item... Value of money,Fire-Boltt,POSITIVE,0.9998561143875122
Fire-Boltt Hurricane 2026,5.0,Brilliant,Dhruv  Sethi,Nyc,Fire-Boltt,POSITIVE,0.9976807832717896
Fire-Boltt Hurricane 2026,4.0,Very Good,Flipkart Customer,Really osmm product... I'm using it about a month...really nice product,Fire-Boltt,POSITIVE,0.9975824356079102
Fire-Boltt Hurricane 2026,4.0,Value-for-money,Keerthana  Karthick,Battery backup is good 👍 Outlook as awesome 👍 Worth for money 🙂,Fire-Boltt,POSITIVE,0.9981807470321655
Fire-Boltt Hurricane 2026,4.0,Good quality product,Flipkart Customer,Good product 👍👍👍👍,Fire-Boltt,POSITIVE,0.9998041987419128
Fire-Boltt Hurricane 2026,4.0,Pretty good,Ashish kumar,"Worth it product, Good quality in this price range. Affordable premium products But tracking activity not accurate.",Fire-Boltt,NEGATIVE,0.9890735745429993
Fire-Boltt Hurricane 2026,4.0,Nice product,Vishal  Kumar,Watch is good under this budget... But his heart tracking was not working properly...overall watch is good under 2k,Fire-Boltt,POSITIVE,0.7922236323356628
Fire-Boltt Hurricane 2026,4.0,Very Good,Flipkart Customer,Good product as well as function are impressive.,Fire-Boltt,POSITIVE,0.9998767375946045
Fire-Boltt Hurricane 2026,4.0,Worth the money,Flipkart Customer,I love the watch very much 🤩,Fire-Boltt,POSITIVE,0.9997919201850891
Fire-Boltt Hurricane 2026,4.0,Good choice,Shakshi  Sharnam pallu,Very good,Fire-Boltt,POSITIVE,0.9998520612716675
Fire-Boltt Hurricane 2026,5.0,Excellent,Vishal Somasani,Superr,Fire-Boltt,POSITIVE,0.9963424801826477
Fire-Boltt Hurricane 2026,5.0,Brilliant,Divya Shakti,Very nice watch at this price range,Fire-Boltt,POSITIVE,0.9997815489768982
Fire-Boltt Hurricane 2026,3.0,Good,Waseem Shaikh,Battery Backup Problem hai Only 2 days Please give SOFTWARE Update And Fix It.and Step count are So bad.,Fire-Boltt,NEGATIVE,0.9997326731681824
Fire-Boltt Hurricane 2026,5.0,Brilliant,Aatif Akhtar,Good product 👍,Fire-Boltt,POSITIVE,0.9998041987419128
Fire-Boltt Hurricane 2026,3.0,Does the job,mukesh burdak,Good.,Fire-Boltt,POSITIVE,0.9998157620429993
Fire-Boltt Hurricane 2026,5.0,Highly recommended,Narsingh Customer,"It's display, battery backup and design are very good . You only see notice of phone calls and massage you can not dail and type any massage",Fire-Boltt,POSITIVE,0.9992758631706238
Fire-Boltt Hurricane 2026,5.0,Classy product,Subhajit Bose,This is a nice product. Nice display & no problem with the outdoor condition. Heart rate and spo2 accurateness it's good. Overall product is nice. You guy's go for it to buy this product. Thank you.,Fire-Boltt,POSITIVE,0.9998674392700195
Fire-Boltt Hurricane 2026,5.0,Highly recommended,Flipkart Customer,Good and Stylish,Fire-Boltt,POSITIVE,0.9998605251312256
Fire-Boltt Hurricane 2026,4.0,Delightful,Flipkart Customer,Good..after ordering the product of 2 days. Price of product was reduced,Fire-Boltt,POSITIVE,0.5532817840576172
Fire-Boltt Hurricane 2026,4.0,Wonderful,Kiran Badarshahi,This is a very nice product and it is under budget.,Fire-Boltt,POSITIVE,0.8745511174201965
Fire-Boltt Hurricane 2026,5.0,Awesome,Nihal Pandit,"The fireboltt hurricane is a game-changer in wearable tech. Its sleek design, outstanding performance, and impressive battery life make it a standout choice,battery backup upto 7days for one time char...",Fire-Boltt,POSITIVE,0.9995278120040894
Fire-Boltt Hurricane 2026,4.0,Value-for-money,Flipkart Customer,Great but still need to be better LCD display Average display Normal battery health But good strap Great,Fire-Boltt,POSITIVE,0.9989312291145325
Fire-Boltt Hurricane 2026,4.0,Really Nice,Abhijit  Sarkar,1/design and wheel quality is awesome 2/ battery backup is decent 3/ value for money..,Fire-Boltt,POSITIVE,0.9986050724983215
Fire-Boltt Hurricane 2026,5.0,Must buy!,Flipkart Customer,Nice watch at this price range providing matel body and ip63 water resistant I happy this product😀😄,Fire-Boltt,POSITIVE,0.9985130429267883
Fire-Boltt Hurricane 2026,4.0,Value-for-money,Rohit Jha,Used it for two days. Facing issues with rise to wake feature and also the magnets in its charging cable isn't powerful enough to hold it. Overall value for money,Fire-Boltt,NEGATIVE,0.9995085000991821
Fire-Boltt Hurricane 2026,5.0,Great product,Devanath K,Amazing product.i like the watch,Fire-Boltt,POSITIVE,0.999880313873291
Fire-Boltt Hurricane 2026,5.0,Wonderful,Nilotpal Kar,It's a very nice product....I always wanted a watch like this... specifically of Fire boltt..thanks Fire boltt and Flipkart...,Fire-Boltt,POSITIVE,0.9997650980949402
Fire-Boltt Hurricane 2026,5.0,Simply awesome,Varad Kalwane,Nice....!,Fire-Boltt,POSITIVE,0.9998570680618286
Fire-Boltt Hurricane 2026,5.0,Fabulous!,Ketan Gorvadiya,Nice watch,Fire-Boltt,POSITIVE,0.9998376369476318
Fire-Boltt Hurricane 2026,5.0,Must buy!,Deepanshu Rawat,Primium watch,Fire-Boltt,POSITIVE,0.8942193984985352
Fire-Boltt Hurricane 2026,5.0,Excellent,Tarun Borah,Owsom,Fire-Boltt,NEGATIVE,0.9471734166145325
Fire-Boltt Hurricane 2026,5.0,Brilliant,Manmohan Kumar,Best,Fire-Boltt,POSITIVE,0.9997941851615906
Fire-Boltt Hurricane 2026,5.0,Mind-blowing purchase,Jeena  Philip,Good,Fire-Boltt,POSITIVE,0.9998161196708679
Fire-Boltt Hurricane 2026,5.0,Wonderful,dinesh lodhi,Good watch worth it ☺️,Fire-Boltt,POSITIVE,0.9998828172683716
Fire-Boltt Hurricane 2026,5.0,Great product,Rahul  Krishnan,Design is very impressive...This a value for money watch at this price range...,Fire-Boltt,POSITIVE,0.9997968077659607
Fire-Boltt Hurricane 2026,5.0,Highly recommended,Ankit Kumar,Good product,Fire-Boltt,POSITIVE,0.9998588562011719
Fire-Boltt Hurricane 2026,5.0,Terrific,Omkar,Beautiful products,Fire-Boltt,POSITIVE,0.9998748302459717
Fire-Boltt Hurricane 2026,5.0,Excellent,Aman Verma,This watch is good and the fitting is also good 👍👍🤠🤠 There is many exercise modes.,Fire-Boltt,POSITIVE,0.9993324875831604
Fire-Boltt Hurricane 2026,5.0,Fabulous!,Rishu Kumar,Best in all. Value of money,Fire-Boltt,POSITIVE,0.9997891783714294
Fire-Boltt Hurricane 2026,5.0,Excellent,Meraj Ahmed,Most stylish smartwatch in this budget,Fire-Boltt,POSITIVE,0.9992719292640686
Fire-Boltt Hurricane 2026,5.0,Great product,Flipkart Customer,Nice product beautiful product this is best quality of the product,Fire-Boltt,POSITIVE,0.999828577041626
Fire-Boltt Hurricane 2026,5.0,Terrific,Pranav  Hajare,"Very nice smart watch round dial make it more beautiful. Display is good Health data is almost accurate Battery back, you guys don't believe after using 5 days i used battery saving mode and its gi...",Fire-Boltt,POSITIVE,0.9823690056800842
Fire-Boltt Hurricane 2026,5.0,Fabulous!,Rishi Patel,Product is amazing,Fire-Boltt,POSITIVE,0.999885082244873
Fire-Boltt Hurricane 2026,5.0,Highly recommended,Flipkart Customer,Nice product,Fire-Boltt,POSITIVE,0.9998539686203003
Fire-Boltt Hurricane 2026,5.0,Highly recommended,Flipkart Customer,My sister is very happy,Fire-Boltt,POSITIVE,0.9998809099197388
Fire-Boltt Hurricane 2026,5.0,Highly recommended,om  jati,Nice wach,Fire-Boltt,POSITIVE,0.9996410608291626
Fire-Boltt Hurricane 2026,5.0,Perfect product!,Vijay Singh,Very Nice Product,Fire-Boltt,POSITIVE,0.9998691082000732
Fire-Boltt Hurricane 2026,5.0,Terrific,Sonalika Sonu,Beautiful watch,Fire-Boltt,POSITIVE,0.9998753070831299
Fire-Boltt Hurricane 2026,3.0,Decent product,Flipkart Customer,This product is awesome........ But battery backup is good.......but it has good screen quality..... And its power button is slow....,Fire-Boltt,NEGATIVE,0.9441273212432861
Fire-Boltt Hurricane 2026,2.0,Could be way better,Ankit Kumar,"I am sorry to say that this watch is not good for ACTIVE TRACKING OR spo2 monitoraing . The sensor of this watch even tracks non-living things like chir,wall,wood etc. Also it consumes much more batte...",Fire-Boltt,NEGATIVE,0.9982019662857056
Fire-Boltt Hurricane 2026,4.0,Wonderful,Harish Vernekar,The curved display looks impressive and the dial size is perfect on my wrist. Display quality is good and response touch is better. Cons: Charging speed is bit slow otherwise overall features are quit...,Fire-Boltt,NEGATIVE,0.8497059941291809
Fire-Boltt Hurricane 2026,4.0,Good quality product,Sss 96,Good looking,Fire-Boltt,POSITIVE,0.9998414516448975
Fire-Boltt Hurricane 2026,4.0,Good quality product,Arpit Agrawal,Xceelent Fire bolt hurricane amazing 😍 xceelent watch all functions 5 star watch 🔥,Fire-Boltt,POSITIVE,0.9882886409759521
Fire-Boltt Hurricane 2026,3.0,Nice,Flipkart Customer,Battery drains fast and also when the watch is not working.. Display is good .. Activity tracking is good 👍.,Fire-Boltt,POSITIVE,0.8069201707839966
Fire-Boltt Hurricane 2026,3.0,Does the job,Flipkart Customer,"Not a bad watch,",Fire-Boltt,POSITIVE,0.998353123664856
Fire-Boltt Hurricane 2026,5.0,Simply awesome,Sharan  M,Good product,Fire-Boltt,POSITIVE,0.9998588562011719
Fire-Boltt Hurricane 2026,5.0,Best in the market!,Flipkart Customer,Very comfortable to use and easy to access must buy,Fire-Boltt,POSITIVE,0.9997064471244812
Fire-Boltt Hurricane 2026,5.0,Best in the market!,Flipkart Customer,Nice.......,Fire-Boltt,POSITIVE,0.9997634291648865
Fire-Boltt Hurricane 2026,4.0,Delightful,Razz Kr,Super quility watch ☺️ but no call response future 😃,Fire-Boltt,NEGATIVE,0.9874280095100403
Fire-Boltt Hurricane 2026,4.0,Good choice,Vaishnav P,Look wise gud Step tracking is waste simply Over all value for product item,Fire-Boltt,NEGATIVE,0.9997103810310364
Fire-Boltt Hurricane 2026,3.0,Does the job,Flipkart Customer,Nice,Fire-Boltt,POSITIVE,0.9998552799224854
Fire-Boltt Hurricane 2026,3.0,Decent product,Jaswant Bhartiya,"Calling facility not available and only vibration function available , virat 💙🤗",Fire-Boltt,NEGATIVE,0.9981101751327515
Fire-Boltt Hurricane 2026,5.0,Great product,Flipkart Customer,Good product I like this,Fire-Boltt,POSITIVE,0.9998698234558105
Fire-Boltt Hurricane 2026,4.0,Worth the money,Shubham Kashyap,Awesome product and design look is very fantastic.,Fire-Boltt,POSITIVE,0.9998868703842163
Fire-Boltt Hurricane 2026,4.0,Terrific purchase,Flipkart Customer,I Like This Product?😎❤️,Fire-Boltt,POSITIVE,0.9974552989006042
Fire-Boltt Hurricane 2026,4.0,Wonderful,Flipkart Customer,"Decent product at this price, not that fancy but value for money if your purpose is activity tracking",Fire-Boltt,POSITIVE,0.9972695708274841
Fire-Boltt Hurricane 2026,4.0,Delightful,Shyamrao Ashtagi,Awesome watch,Fire-Boltt,POSITIVE,0.9998728036880493
Fire-Boltt Hurricane 2026,4.0,Pretty good,Flipkart Customer,"Just i love the product,it is awesome 👍",Fire-Boltt,POSITIVE,0.9998871088027954
Fire-Boltt Rise Force,4.0,Good choice,Sk Riyasat Riyasat,Nice,Fire-Boltt,POSITIVE,0.9998552799224854
Fire-Boltt Rise Force,4.0,Really Nice,Adv Sachin  Chavan,Nice best good quality very very nice values for money easy installation for watch nice very good products.,Fire-Boltt,POSITIVE,0.9996514320373535
Fire-Boltt Rise Force,5.0,Mind-blowing purchase,Arun  Anni,Super product 🤩I'm really happy 🥰❤️Watch out looking is awesome ❤️ please buy this product guys 😉,Fire-Boltt,POSITIVE,0.9993687272071838
Fire-Boltt Rise Force,4.0,Nice product,Jaya Prakash,Very good,Fire-Boltt,POSITIVE,0.9998520612716675
Fire-Boltt Rise Force,5.0,Perfect product!,Toufik Chowdhury,Good product 😄,Fire-Boltt,POSITIVE,0.9998041987419128
Fire-Boltt Rise Force,5.0,Mind-blowing purchase,Rachit Katiyar,Such a good product from fire boltt. Truly a value for money in this price range with great feature ❤. I am suggesting that you should buy this watch with amazing features. Very Happy to buy this a...,Fire-Boltt,POSITIVE,0.9998070597648621
Fire-Boltt Rise Force,5.0,Great product,Flipkart Customer,Very good product Very attractive watch Many features,Fire-Boltt,POSITIVE,0.9998582601547241
Fire-Boltt Rise Force,5.0,Mind-blowing purchase,Flipkart Customer,Nice product value for money ☺️☺️,Fire-Boltt,POSITIVE,0.999618649482727
Fire-Boltt Rise Force,5.0,Mind-blowing purchase,Prashant Kumar,This is my first smartwatch and I like it ❤️,Fire-Boltt,POSITIVE,0.9990379810333252
Fire-Boltt Rise Force,5.0,Brilliant,Gautam  Kumar,I love this best smart watch 🥰 Cheap and best quality,Fire-Boltt,POSITIVE,0.99977046251297
Fire-Boltt Rise Force,4.0,Delightful,Flipkart Customer,Good product ❤️🔥,Fire-Boltt,POSITIVE,0.9998041987419128
Fire-Boltt Rise Force,4.0,Delightful,Pradeep Kumar,Its nice,Fire-Boltt,POSITIVE,0.999854326248169
Fire-Boltt Rise Force,5.0,Just wow!,Flipkart Customer,"I liked this watch, it is soo beautiful and a very good product",Fire-Boltt,POSITIVE,0.9998635053634644
Fire-Boltt Rise Force,5.0,Awesome,Pranit Parate,The strap could be better otherwise it's a good choice,Fire-Boltt,NEGATIVE,0.663514256477356
Fire-Boltt Rise Force,5.0,Must buy!,Alka Barnwal,Very Good Watch I loved it but it's raise to wake is slow but the watch feature is very brilliant,Fire-Boltt,POSITIVE,0.9998082518577576
Fire-Boltt Rise Force,5.0,Fabulous!,Suresh Gadi,The product is very good and easy to use and is worthy to buy the product at that price...,Fire-Boltt,POSITIVE,0.9998514652252197
Fire-Boltt Rise Force,5.0,Super!,Harsh Singh,"The product is very nice, And I like most the audio quality and microphone, and the shining colour of watch skin is not so looking cool if it does in Matty finish then it looks pretty cool and on thi...",Fire-Boltt,POSITIVE,0.9944926500320435
Fire-Boltt Rise Force,5.0,Highly recommended,Yoges Customer,This smartwatch was simply awesome,Fire-Boltt,POSITIVE,0.9998694658279419
Fire-Boltt Rise Force,4.0,Good quality product,Raj yadav,Very good,Fire-Boltt,POSITIVE,0.9998520612716675
Fire-Boltt Rise Force,4.0,Really Nice,Pinky  Singh,Pretty good haven't used it too much got it today but can tell my experience so far. Features are pretty good too you can connect it with your phone easily but if your phone is connected with watch an...,Fire-Boltt,POSITIVE,0.9969568252563477
Fire-Boltt Rise Force,5.0,Mind-blowing purchase,Koushik Sarkar,Best Product Value of money. Display too Good Quality Faster. Battery Performance Long time I like it.,Fire-Boltt,POSITIVE,0.9449416399002075
Fire-Boltt Rise Force,5.0,Must buy!,Jatin  Bora,"The watch looks really premium, the quality of strap is amazing.just go for it. You will not get a better looking value for money watch other then this in the market.. Loved it ❤",Fire-Boltt,POSITIVE,0.9985098242759705
Fire-Boltt Rise Force,4.0,Good quality product,Mohd Kaif Idrisi,Great battery backup Clear voice while call Good speaker Value for money,Fire-Boltt,POSITIVE,0.9710275530815125
Fire-Boltt Rise Force,4.0,Value-for-money,Chandrapal Thakur,Very good looking watch and design,Fire-Boltt,POSITIVE,0.9998725652694702
Fire-Boltt Rise Force,5.0,Excellent,Anji kavali,Superb,Fire-Boltt,POSITIVE,0.9998656511306763
Fire-Boltt Rise Force,4.0,Pretty good,Dinesh Safi,Value for money,Fire-Boltt,POSITIVE,0.9977725148200989
Fire-Boltt Rise Force,5.0,Classy product,Flipkart Customer,Good watch,Fire-Boltt,POSITIVE,0.9998406171798706
Fire-Boltt Rise Force,4.0,Nice product,Cliffton Furtado,Amazing looks and build too...display size is very nice and almost bezeless I haven't tried all the features yet... hope battery backup isn't a disappointment... AOD missing😬,Fire-Boltt,POSITIVE,0.9990367889404297
Fire-Boltt Rise Force,4.0,Delightful,Harshit  Jain,"I like the Fire Boltt Rise smartwatch. After 1 month of usage, I feel the watch is worth it and also recommend others to go for it. It justified it's price. Coming to features point, Display and touch...",Fire-Boltt,POSITIVE,0.9983589053153992
Fire-Boltt Rise Force,4.0,Really Nice,sushil kumar sushil kumar,Product was looking very good and this watch has very large display and speaker quality is also very good.,Fire-Boltt,POSITIVE,0.9997954964637756
Fire-Boltt Rise Force,5.0,Wonderful,Mainak Roy,Very very nice product...I am impressed this product,Fire-Boltt,POSITIVE,0.9998774528503418
Fire-Boltt Rise Force,3.0,Nice,anikat parihar,worth every penny,Fire-Boltt,POSITIVE,0.9996492862701416
Fire-Boltt Rise Force,5.0,Awesome,LALOORANJAN KUMAR,Amazing product.,Fire-Boltt,POSITIVE,0.9998807907104492
Fire-Boltt Rise Force,5.0,Mind-blowing purchase,Amlesh  Kumar,Good choice Mind blowing Purchase In this price range very good products quality overall all is good Battery life also good Mobile connectivity is also best Value for money under budget thank U flipkart,Fire-Boltt,POSITIVE,0.9988559484481812
Fire-Boltt Rise Force,5.0,Mind-blowing purchase,Raj Kullayappa,This product is very nice Such a good smartwatch from fire bolt and I like most the Audio quality and microphone Truly a value of money in this price range Very happy to buy this amazing smartwatch,Fire-Boltt,POSITIVE,0.9997667670249939
Fire-Boltt Rise Force,5.0,Best in the market!,Suman Ramakrushna  Sarangi,Very good watch. With certainly good features and looks premium on hand.,Fire-Boltt,POSITIVE,0.9998713731765747
Fire-Boltt Rise Force,4.0,Very Good,Raju M,"Very nice, i am enjoying.... With the bluetooth calling and extra features. Worthful, i suggest to buy this without any",Fire-Boltt,POSITIVE,0.9995312690734863
Fire-Boltt Rise Force,4.0,Delightful,Poonam Srivastava,Product is good,Fire-Boltt,POSITIVE,0.9998641014099121
Fire-Boltt Rise Force,3.0,Does the job,Flipkart Customer,Very good product ☺️,Fire-Boltt,POSITIVE,0.9998390674591064
Fire-Boltt Rise Force,5.0,Wonderful,Ajay  Singh,Nice product. It is a good budget friendly smartwatch,Fire-Boltt,POSITIVE,0.9998251795768738
Fire-Boltt Rise Force,5.0,Brilliant,Flipkart Customer,This product is so great,Fire-Boltt,POSITIVE,0.9998816251754761
Fire-Boltt Rise Force,5.0,Mind-blowing purchase,Gaurav Thakur,Very nice watch.value for money,Fire-Boltt,POSITIVE,0.9997947812080383
Fire-Boltt Rise Force,4.0,Wonderful,Suraj singh Shekhawat,Average but I love the price I know the battery won't last long,Fire-Boltt,POSITIVE,0.9949969053268433
Fire-Boltt Rise Force,5.0,Must buy!,Flipkart Customer,Just osm ...,Fire-Boltt,NEGATIVE,0.998498797416687
Fire-Boltt Rise Force,5.0,Excellent,Baabul Da,Awesome product. I like display very much soft touching,Fire-Boltt,POSITIVE,0.999864935874939
Fire-Boltt Rise Force,5.0,Best in the market!,Rahul Sharma,Good product👌,Fire-Boltt,POSITIVE,0.9998576641082764
Fire-Boltt Rise Force,4.0,Nice product,Rahul Bore,It is a good product we can afford,Fire-Boltt,POSITIVE,0.9998739957809448
Fire-Boltt Rise Force,5.0,Classy product,Prince Babu,Very nice product...... ........,Fire-Boltt,POSITIVE,0.9998327493667603
Fire-Boltt Rise Force,5.0,Awesome,Madhura Sanap,Product is excellent thank you Flipkart,Fire-Boltt,POSITIVE,0.9998812675476074
Fire-Boltt Rise Force,3.0,Decent product,Flipkart Customer,The product was good but the wrist awake was not so good,Fire-Boltt,NEGATIVE,0.989652693271637
Fire-Boltt Rise Force,5.0,Terrific,Flipkart Customer,"By far the best smart watch in this price segment. The best part is the battery life, and a significant edge over competition is the Single Bluetooth Chip. Other than that, everything works as adverti...",Fire-Boltt,POSITIVE,0.9991908669471741
Fire-Boltt Rise Force,4.0,Nice product,Flipkart Customer,I love this best Smart watch Cheap and best quality,Fire-Boltt,POSITIVE,0.9996966123580933
Fire-Boltt Rise Force,4.0,Delightful,Debashish Kar,Its good and i like this watch,Fire-Boltt,POSITIVE,0.9998657703399658
Fire-Boltt Rise Force,5.0,Must buy!,Ritik  Vairagade,Review after one month of use 1. Battery is good if you don't use calling features it will last upto 8 to 9 days 2. Display is bright and it doesn't give you problem in daylight 3. Main key features ...,Fire-Boltt,POSITIVE,0.9985905289649963
Fire-Boltt Rise Force,5.0,Classy product,Ayushri  Vispute,Best,Fire-Boltt,POSITIVE,0.9997941851615906
Fire-Boltt Rise Force,5.0,Highly recommended,Flipkart Customer,Wow awsm iam verry happy 🥰 Alhamdulilaha,Fire-Boltt,POSITIVE,0.9887863397598267
Fire-Boltt Rise Force,3.0,Good,Sudeep  R,"Battery discharges immediately from 95 to 87% And restating for 3 or 4 times , another 3% battery will be discharged",Fire-Boltt,NEGATIVE,0.9966469407081604
Fire-Boltt Rise Force,5.0,Awesome,Flipkart Customer,Awesome watch'...i love it,Fire-Boltt,POSITIVE,0.9998800754547119
Fire-Boltt Rise Force,5.0,Great product,Jyothi G S,Watch quality is So good worth for Cost I love it...🫰❤️,Fire-Boltt,POSITIVE,0.9998462200164795
Fire-Boltt Rise Force,5.0,Perfect product!,Jadhav shiva,Love do it Very nice product 👍 Nice product in less money,Fire-Boltt,POSITIVE,0.9936875700950623
Fire-Boltt Rise Force,5.0,Brilliant,Faizan Ahmad,Nice watch premium quality rise to wake slow but all good,Fire-Boltt,POSITIVE,0.9982469081878662
Fire-Boltt Rise Force,4.0,Good choice,Sandeepkumar,Good,Fire-Boltt,POSITIVE,0.9998161196708679
Fire-Boltt Rise Force,4.0,Very Good,Nanda Kumar,Good product,Fire-Boltt,POSITIVE,0.9998588562011719
Fire-Boltt Rise Force,4.0,Wonderful,Ardhendu Dey,Very good product 👌. Quality also good smooth Ul experience,Fire-Boltt,POSITIVE,0.9997724890708923
Fire-Boltt Rise Force,4.0,Pretty good,Akula Sasu,Nice product But add sound for alarm,Fire-Boltt,POSITIVE,0.9943994879722595
Fire-Boltt Rise Force,4.0,Nice product,Flipkart Customer,"This very good product , with very affordable price.display and battery performance also well.",Fire-Boltt,POSITIVE,0.9998051524162292
Fire-Boltt Rise Force,4.0,Good choice,Shila Sarkar,Nice product .,Fire-Boltt,POSITIVE,0.999863862991333
Fire-Boltt Rise Force,4.0,Pretty good,Sreevishnu S,Its very good product Very nice Display is very fine Sound quality is superb,Fire-Boltt,POSITIVE,0.9998465776443481
Fire-Boltt Rise Force,4.0,Good choice,Pawnesh Kumar,Nice product.valuable it,Fire-Boltt,POSITIVE,0.9998825788497925
Fire-Boltt Rise Force,5.0,Wonderful,Flipkart Customer,Value for money. Bestest product at this price. Awesome😍😍,Fire-Boltt,POSITIVE,0.9976845979690552
Fire-Boltt Rise Force,5.0,Perfect product!,Pushkar Gautam,Such nice watch on this price I love it,Fire-Boltt,POSITIVE,0.9998401403427124
Fire-Boltt Rise Force,5.0,Highly recommended,Dipak Solanke,Nice product and calling is very nice,Fire-Boltt,POSITIVE,0.9997332692146301
Fire-Boltt Rise Force,5.0,Worth the money,Flipkart Customer,"Watch is very classy, display is very nice,it has 4 inbuilt games, calculator,8 ui interaction,the charging is also fast battery life is good the watch is awesome but only rise to wake feature is litt...",Fire-Boltt,POSITIVE,0.9942875504493713
Fire-Boltt Rise Force,5.0,Worth every penny,Flipkart Customer,"I don't know why in my watch I only get 5 ui interfaces and only one game, apart from that everything looks good The most attractive part is it's design Looks premium That's 2.5d curve display is j...",Fire-Boltt,POSITIVE,0.8967627286911011
Fire-Boltt Rise Force,5.0,Mind-blowing purchase,Flipkart Customer,Designe so good,Fire-Boltt,POSITIVE,0.9998619556427002
Fire-Boltt Rise Force,5.0,Excellent,Flipkart Customer UV,Nice product and compart😍🤟,Fire-Boltt,POSITIVE,0.9998238682746887
Fire-Boltt Rise Force,3.0,Just okay,Laraib Ahmad,"Design and look is very good. Call function is smooth and clear. Everything is good except battery. When use in calling mode, without any call, battery remain for only 35 hr ( 1 and half day only) . ...",Fire-Boltt,POSITIVE,0.9979717135429382
Fire-Boltt Rise Force,5.0,Fabulous!,Flipkart Customer,It's value for money product. The screen was soo good and it's so smoth to use overall the product was superb. I'm thankful to fireboltt for this wonderful smart watch . I'm editing this review after ...,Fire-Boltt,POSITIVE,0.9995934367179871
Fire-Boltt Rise Force,5.0,Brilliant,A Sai Charan Kumar,"Awesome, totally satisfied with the quality and features of the watch. Totally worth the money. Only missing feature is Always On Display. If they provide that via an update would love that.",Fire-Boltt,POSITIVE,0.9994586110115051
Fire-Boltt Rise Force,5.0,Excellent,Priyanshu  Kumawat,"The product was very good. The display is sharp, vibrant and smooth. This was my first product from fire boltt. I am happy with the product. Everything works fine. Health tracking is also good. Not 10...",Fire-Boltt,POSITIVE,0.9998641014099121
Fire-Boltt Rise Force,5.0,Simply awesome,Karamjit  Singh,Good product,Fire-Boltt,POSITIVE,0.9998588562011719
Fire-Boltt Rise Force,5.0,Worth every penny,Ravindra Kadam,"It's Really nice product.after purchase it ,My wife is very very happy and satisfied. She told me that this watch' is really amazing and value for money",Fire-Boltt,POSITIVE,0.999884843826294
Fire-Boltt Rise Force,5.0,Excellent,Dhananjay Ghatode,Best product ui is very smooth but the problem is not coming from the speaker but the watch is excellent.,Fire-Boltt,POSITIVE,0.9995704293251038
Fire-Boltt Rise Force,5.0,Must buy!,Flipkart Customer,Best watch ....ever,Fire-Boltt,POSITIVE,0.9998610019683838
Fire-Boltt Rise Force,5.0,Wonderful,Flipkart Customer,Fire Boltt smart watch nice product build quality so nice looking smart👌,Fire-Boltt,POSITIVE,0.999122679233551
Fire-Boltt Rise Force,5.0,Mind-blowing purchase,Priyanshu  Kumar,Amazing product. I really loved it,Fire-Boltt,POSITIVE,0.9998888969421387
Fire-Boltt Rise Force,5.0,Perfect product!,Imran Khan  Sheebu,Such a lovely products of fireboltt rise smart watch 😘😘😘,Fire-Boltt,POSITIVE,0.9989173412322998
Fire-Boltt Rise Force,5.0,Mind-blowing purchase,Chandan Kumar,"Value for money product I extremely recommended to purchase this,",Fire-Boltt,POSITIVE,0.9504932761192322
Fire-Boltt Rise Force,5.0,Fabulous!,Mohammed Yusuf Khan,Nice product,Fire-Boltt,POSITIVE,0.9998539686203003
Fire-Boltt Rise Force,5.0,Pretty good,Hare  Krishna,"Value for money product, slight fluctuations in Blood Pressure, rest health monitoring is accurate. Very good display, no worries. Raise to wake is a little delayed. Overall best in this price range.",Fire-Boltt,POSITIVE,0.9880080223083496
Fire-Boltt Rise Force,5.0,Highly recommended,Flipkart Customer,best product and smart watch,Fire-Boltt,POSITIVE,0.9998212456703186
Fire-Boltt Rise Force,5.0,Just wow!,Basheer Ahmed,Awesome,Fire-Boltt,POSITIVE,0.9998682737350464
Fire-Boltt Rise Force,5.0,Fabulous!,Flipkart Customer,Exactly Product. With Many Features... Value For Money.... Watch Quality Is top Calass👍👍,Fire-Boltt,POSITIVE,0.9927398562431335
Fire-Boltt Rise Force,4.0,Nice product,pratyush sahoo,Good,Fire-Boltt,POSITIVE,0.9998161196708679
Fire-Boltt Rise Force,4.0,Super!,Kamlesh  Yadav,Osm 😻😻 watch,Fire-Boltt,NEGATIVE,0.5908259153366089
Fire-Boltt Rise Force,4.0,Good quality product,Sk sajal Sk,Nice product very good product 🥰🥰🥰🥰🥰🥰🥰🥰🥰🥰🥰🥰🥰🥰🥰☕🥰🥰🥰🥰🥰🥰🥰🥰🥰🥰🥰🥰🥰☕☕☕☕🥰🥰🥰🥰🥰🥰🥰🥰❤️🥰❤️🥰❤️🥰❤️🥰❤️,Fire-Boltt,POSITIVE,0.9998145699501038
Fire-Boltt Rise Force,5.0,Highly recommended,Pavankumar M,A very good watch,Fire-Boltt,POSITIVE,0.999866247177124
Fire-Boltt Rise Force,4.0,Worth the money,Drx Javed Tyagi,Amazing watch,Fire-Boltt,POSITIVE,0.9998806715011597
Fire-Boltt Rise Force,4.0,Really Nice,Mr . Momeen,Good product,Fire-Boltt,POSITIVE,0.9998588562011719
Fire-Boltt Rise Force,4.0,Wonderful,Flipkart Customer,very nice watch It also has many designs. There are also many features. It is in very good budget.,Fire-Boltt,POSITIVE,0.9998522996902466
Fire-Boltt Rise Force,4.0,Delightful,Tanmoy Bhowmick,Good I recommends,Fire-Boltt,POSITIVE,0.9998385906219482
Fire-Boltt Rise Force,4.0,Value-for-money,Riyaj Mansuri,Super Watch,Fire-Boltt,POSITIVE,0.9991114735603333
Fire-Boltt Rise Force,5.0,Classy product,Rahul Sasi,Value for money 100% Luxury looks.,Fire-Boltt,POSITIVE,0.9963517189025879
Fire-Boltt Rise Force,5.0,Great product,penchalareddy,it was is super product and super and .......................,Fire-Boltt,NEGATIVE,0.9447941184043884
Fire-Boltt Rise Force,5.0,Mind-blowing purchase,Mayur Somkuwar,Good Watch Affordable Price Various Functions better calling voice assistant also good,Fire-Boltt,POSITIVE,0.9977171421051025
Fire-Boltt Rise Force,5.0,Perfect product!,Flipkart Customer,Best Bluetooth calling watch for the price. Include all the essential features. Metal build and premium look. Value for money,Fire-Boltt,POSITIVE,0.9973275661468506
Fire-Boltt Rise Force,5.0,Excellent,Prashant Pawar,Nice product 👍👍 1. Big display. 2.Display smooth and brightness is bright and not problem in sunlight. Money value product.👍👍👍,Fire-Boltt,POSITIVE,0.9985552430152893
Fire-Boltt Rise Force,5.0,Worth every penny,Yuvraj  Patel,"Best product,👍",Fire-Boltt,POSITIVE,0.9996572732925415
Fire-Boltt Rise Force,4.0,Worth the money,Dnyaneshwar Urade,Value for money product,Fire-Boltt,POSITIVE,0.9935746788978577
Fire-Boltt Rise Force,4.0,Nice product,Antheshwar  Jadhav,Awesome product at low cost,Fire-Boltt,POSITIVE,0.9997276663780212
Fire-Boltt Rise Force,4.0,Worth the money,Flipkart Customer,This product is very nice. I liked it so much . This is so much the display is so much and it's ai is very nice.,Fire-Boltt,POSITIVE,0.9998325109481812
Fire-Boltt Rise Force,4.0,Worth the money,Flipkart Customer,Worthy for the money. Delivery was so quick 😊 ( they gonna give you the extended warranty only if you write the review 😜 otherwise you don't even use the offer cards you get while purchasing i flet ...,Fire-Boltt,NEGATIVE,0.9948871731758118
Fire-Boltt Rise Force,5.0,Brilliant,Flipkart Customer,Good product 💯💯💯,Fire-Boltt,POSITIVE,0.9998041987419128
Fire-Boltt Rise Force,5.0,Terrific purchase,Rupanjan Banik,"Great smartwatch in its segment. Value for money and pocket friendly. If you are wishing to buy a smartwatch in this price segment i.e 1000-1500, can definitely go for this watch.",Fire-Boltt,POSITIVE,0.9973996877670288
Fire-Boltt Rise Force,5.0,Terrific purchase,MITHUN GOUDA,Amazing Watch,Fire-Boltt,POSITIVE,0.9998806715011597
Fire-Boltt Rise Force,5.0,Wonderful,Shiv Prakash  Awasthi,This fire boltt watch is very good and it is comfortable for my hand and design was very good.,Fire-Boltt,POSITIVE,0.9998400211334229
Fire-Boltt Rise Force,5.0,Mind-blowing purchase,Flipkart Customer,Product is excellent. I like the weight look and feel,Fire-Boltt,POSITIVE,0.9998718500137329
Fire-Boltt Rise Force,5.0,Just wow!,naveen kumar,Product quality is good after using several months its strips are too soft and good. Worth buying.,Fire-Boltt,POSITIVE,0.9995884299278259
Fire-Boltt Rise Force,5.0,Wonderful,Flipkart Customer,Product is very good. Very glad to see this product,Fire-Boltt,POSITIVE,0.999862790107727
Fire-Boltt Rise Force,5.0,Really Nice,Flipkart Customer,This product is amazing 😻🤩,Fire-Boltt,POSITIVE,0.9998701810836792
Fire-Boltt Rise Force,5.0,Fabulous!,Lovely  Roy,"Battery life is good. The product is amazing.. Didn't expect the product to be this good. Nice color finishing, suitable for daily use. Worth purchasing at this price... If you are searching for a dur...",Fire-Boltt,POSITIVE,0.999792754650116
Fire-Boltt Rise Force,5.0,Worth every penny,Flipkart Customer,Beautiful I like very much,Fire-Boltt,POSITIVE,0.9998902082443237
Fire-Boltt Rise Force,5.0,Highly recommended,Prem  Kumari,Very good 🥰🥰 I like it,Fire-Boltt,POSITIVE,0.9998794794082642
Fire-Boltt Rise Force,3.0,Nice,Snehal  Jabannavar,"Battery is very poor. Otherwise, everything is good",Fire-Boltt,POSITIVE,0.9918001294136047
Fire-Boltt Rise Force,5.0,Terrific,Flipkart Customer,Good product + 3 months gaana + 1 Movie ticket I loved it it's working probably Must buy this product,Fire-Boltt,POSITIVE,0.9983416795730591
Fire-Boltt Rise Force,5.0,Terrific,Seema Bharti,"Very nice product, loved it!!....😍",Fire-Boltt,POSITIVE,0.9998579025268555
Fire-Boltt Rise Force,5.0,Best in the market!,Flipkart Customer,Nice product but tracking not working proper,Fire-Boltt,NEGATIVE,0.9979994893074036
Fire-Boltt Rise Force,5.0,Mind-blowing purchase,Somen  Banerjee,Nice product Value for money,Fire-Boltt,POSITIVE,0.9998108744621277
Fire-Boltt Rise Force,5.0,Simply awesome,Kritika singh,most best product in my life,Fire-Boltt,POSITIVE,0.9998561143875122
Fire-Boltt Rise Force,2.0,Moderate,SHUBHAM  GUPTA,"Battery is deteriorating really soon and fast. After full charge, hardly last for an hour. Just after 3 months of minimal charging and usage",Fire-Boltt,NEGATIVE,0.9993708729743958
Fire-Boltt Rise Force,5.0,Highly recommended,Monika Chopra,The product is very nice ✨ Battery performance is also good..,Fire-Boltt,POSITIVE,0.9997919201850891
Fire-Boltt Rise Force,5.0,Highly recommended,Flipkart Customer,Over all the watch is pretty good,Fire-Boltt,POSITIVE,0.9998633861541748
Fire-Boltt Rise Force,5.0,Mind-blowing purchase,Amtiaz  Ali,This is the greatest smartwatch,Fire-Boltt,POSITIVE,0.999763548374176
Fire-Boltt Rise Force,5.0,Excellent,Akshay  Nirapure,Nice watch ❄️,Fire-Boltt,POSITIVE,0.9997860789299011
Fire-Boltt Rise Force,5.0,Awesome,Suman Jana,Nice product. You can buy this. Valuable for money 😊,Fire-Boltt,POSITIVE,0.9993475079536438
Fire-Boltt Rise Force,5.0,Perfect product!,Suyog  Walse,Really nice product.,Fire-Boltt,POSITIVE,0.9998685121536255
Fire-Boltt Rise Force,5.0,Awesome,Yoges Customer,This smartwatch simply awsome,Fire-Boltt,NEGATIVE,0.9949028491973877
Fire-Boltt Rise Force,5.0,Excellent,Aryan  Sirohi,Very nice,Fire-Boltt,POSITIVE,0.9998563528060913
Fire-Boltt Rise Force,2.0,Moderate,Budhram Netam,Battery 🔋 2day runing very bed Not certified this smart watch very poor,Fire-Boltt,NEGATIVE,0.9986359477043152
Fire-Boltt Rise Force,4.0,Worth the money,Rahul Nair,The product is overall good except that of the battery and charging issue.,Fire-Boltt,POSITIVE,0.9996895790100098
Fire-Boltt Rise Force,4.0,Nice product,MIRYABBELLI MANOJ  KUMAR,Started using this watch since 2 weeks.I wanted to say it is the best smartwatch in this price segment. But one main is the raise to wake feature is not up to the mark therefore I request fireboltt to...,Fire-Boltt,NEGATIVE,0.9821891188621521
Fire-Boltt Rise Force,4.0,Delightful,Aayan Khan,Good product in this price segment,Fire-Boltt,POSITIVE,0.9998173117637634
Fire-Boltt Rise Force,4.0,Good quality product,Flipkart Customer,Good looking,Fire-Boltt,POSITIVE,0.9998414516448975
Fire-Boltt Rise Force,4.0,Pretty good,Dasthagiri Bandarla,Good smart watch,Fire-Boltt,POSITIVE,0.9998568296432495
Fire-Boltt Rise Force,4.0,Delightful,Adrita Koley,All over good 😊👍,Fire-Boltt,POSITIVE,0.9995439648628235
Fire-Boltt Rise Force,4.0,Wonderful,Babu Sain,"The Fire-Boltt smart watch is really great. It has a stylish design, excellent features, and a long battery life. The only small downside is that the display size is a bit small, but overall, at this ...",Fire-Boltt,POSITIVE,0.9979763627052307
Fire-Boltt Rise Force,4.0,Nice product,Flipkart Customer,"All is good, but the built quality is plastic therefore light weight and feels cheap, straps are good and the hook is cheap and decent, the straps quality can be improved, further all is good, display...",Fire-Boltt,POSITIVE,0.9857509136199951
Fire-Boltt Rise Force,4.0,Nice product,Vishali  Chalotra,"I really like the design, display quality, and features of this Fire-Boltt smartwatch. Performance is good and the watch looks premium. However, the battery backup is disappointing as it drains very q...",Fire-Boltt,NEGATIVE,0.969943106174469
Fire-Boltt Rise Force,4.0,Worth the money,Flipkart Customer,Very good produ,Fire-Boltt,POSITIVE,0.9998660087585449
Fire-Boltt Rise Force,4.0,Very Good,MAHENDRA METKAR,It dosent charge but you have to tie it by rubber bands to watch with charger,Fire-Boltt,POSITIVE,0.8221970796585083
Fire-Boltt Rise Force,4.0,Delightful,Brand Status,Good product👍,Fire-Boltt,POSITIVE,0.9998576641082764
Fire-Boltt Rise Force,4.0,Really Nice,Shiv Kumar,Good 👍,Fire-Boltt,POSITIVE,0.9998576641082764
Fire-Boltt Rise Force,4.0,Don't waste your money,Rupash  Das,Display quality and belt quality very poor,Fire-Boltt,NEGATIVE,0.9997579455375671
Fire-Boltt Rise Force,4.0,Good choice,PURNANAND  KUMAR,Very good Smartwatch. Value for money. Activity tracking is good. Overall good product.,Fire-Boltt,POSITIVE,0.999798595905304
Fire-Boltt Rise Force,4.0,Good quality product,Flipkart Customer,"Fire-Boltt Rise: Not Bad for the Price I've been using the Fire-Boltt Rise for a couple of weeks now, and for a budget smartwatch, it's not half bad. The display is bright and clear, and I like that ...",Fire-Boltt,POSITIVE,0.9995798468589783
Fire-Boltt Rise Force,4.0,Very Good,Savida Moosa,Display colity good,Fire-Boltt,POSITIVE,0.9997887015342712
Fire-Boltt Rise Force,4.0,Very Good,Mix Ase,Completely satisfied 👍,Fire-Boltt,POSITIVE,0.9996360540390015
Fire-Boltt Rise Force,4.0,Great product,Amrit Kumar,Value for money 🤑,Fire-Boltt,POSITIVE,0.9090783596038818
Fire-Boltt Rise Force,4.0,Value-for-money,Md.  Galib,Good products but battery not god,Fire-Boltt,NEGATIVE,0.8598744869232178
Fire-Boltt Rise Force,4.0,Nice product,Atul Verma,Nice watch but battery backup is less.,Fire-Boltt,NEGATIVE,0.9825557470321655
Fire-Boltt Rise Force,4.0,Really Nice,Akash  Mahato,Nice watch,Fire-Boltt,POSITIVE,0.9998376369476318
Fire-Boltt Rise Force,4.0,Classy product,Gautam Deb Nath,Nice product with many features👌,Fire-Boltt,POSITIVE,0.9998180270195007
Fire-Boltt Rise Force,4.0,Good choice,Flipkart Customer,"Good , value for money, good features.",Fire-Boltt,POSITIVE,0.9998679161071777
Fire-Boltt Rise Force,4.0,Wonderful,Rehan  Sheikh,My experience is best❤❤ The product was very good. You must be buy this product ❤❤,Fire-Boltt,POSITIVE,0.999137282371521
Fire-Boltt Rise Force,4.0,Good quality product,Flipkart Customer,Good choice,Fire-Boltt,POSITIVE,0.9998458623886108
Fire-Boltt Rise Force,4.0,Very Good,Bablu  Rai,Very good product at very low price Battery backup is excellent Display is good with smooth touch response Bt calling and sound quality is great 👍,Fire-Boltt,POSITIVE,0.9996439218521118
Fire-Boltt Rise Force,4.0,Good choice,Santosh  Chettri,Good product as per the price. It's been 18 days using it normally and the charge still remain 40%. Overall best product as per the price range.,Fire-Boltt,POSITIVE,0.999213457107544
Fire-Boltt Rise Force,4.0,Wonderful,Flipkart Customer,Best product,Fire-Boltt,POSITIVE,0.9998190999031067
Fire-Boltt Rise Force,4.0,Delightful,Sandy Shah,I like this product and i recommend you purchase this watch 🤘🤘,Fire-Boltt,POSITIVE,0.9986515641212463
Fire-Boltt Rise Force,4.0,Pretty good,Flipkart Customer,Good Watch The display screen is quite big which makes it convenient to use apps or play games. Its worth buying👍,Fire-Boltt,POSITIVE,0.9990118741989136
Fire-Boltt Rise Force,4.0,Good quality product,AMIR GHANCHI,Nice Display With Metal Body,Fire-Boltt,POSITIVE,0.9996590614318848
Fire-Boltt Rise Force,5.0,Terrific purchase,Akshay naik Naik,Awesome,Fire-Boltt,POSITIVE,0.9998682737350464
Fire-Boltt Rise Force,5.0,Must buy!,Harshit Bhatnagar,The product is very good and the design of watch looks good,Fire-Boltt,POSITIVE,0.9998482465744019
Fire-Boltt Rise Force,5.0,Wonderful,Ashok Yadav,"Best product , value of money",Fire-Boltt,POSITIVE,0.9997503161430359
Fire-Boltt Rise Force,5.0,Classy product,Ansh Sharma,Product is excellent but the battery drains very fast.,Fire-Boltt,NEGATIVE,0.9441049695014954
Fire-Boltt Rise Force,5.0,Wonderful,Flipkart Customer,"Impressive Smartwatch with Exceptional Features I've been using the Firebolt Rise Smartwatch for [insert time period, and I'm thoroughly impressed! The sleek design and comfortable strap make it perfe...",Fire-Boltt,POSITIVE,0.9998602867126465
Fire-Boltt Rise Force,5.0,Best in the market!,Amarjit Chaudhari,Awesome product।।। Too good display and features।।। Don't confused।।। Just use and enjoy।।।,Fire-Boltt,NEGATIVE,0.8399565815925598
Fire-Boltt Rise Force,5.0,Wonderful,Alok Mandal,Osm product❣️❣️,Fire-Boltt,NEGATIVE,0.9885818362236023
Fire-Boltt Rise Force,5.0,Terrific,Raj Gautam,I'm so happy 😊 This watch is very fine 👍 Battery 🔋 proformance is a good.more Thanks for Flipkart,Fire-Boltt,POSITIVE,0.9998366832733154
Fire-Boltt Rise Force,5.0,Mind-blowing purchase,Basanti Behera,This is the best smartwatch under this segment.,Fire-Boltt,POSITIVE,0.999546229839325
Fire-Boltt Rise Force,5.0,Super!,Vaishnavi Verma,Good,Fire-Boltt,POSITIVE,0.9998161196708679
Fire-Boltt Rise Force,5.0,Great product,Rafik Raheman,Awesome,Fire-Boltt,POSITIVE,0.9998682737350464
Fire-Boltt Rise Force,5.0,Just wow!,Flipkart Customer,"This Product is very Beautiful, Buttery service good.",Fire-Boltt,POSITIVE,0.9998520612716675
Fire-Boltt Rise Force,3.0,Does the job,Annu Aggarwal,not showing always on display,Fire-Boltt,NEGATIVE,0.998528242111206
Fire-Boltt Rise Force,5.0,Must buy!,Flipkart Customer,Good,Fire-Boltt,POSITIVE,0.9998161196708679
Fire-Boltt Rise Force,5.0,Terrific purchase,Flipkart Customer,I use 3day it's really good i love this watch ❤️❤️,Fire-Boltt,POSITIVE,0.9998137354850769
Fire-Boltt Rise Force,5.0,Awesome,Prabhanjan Kumar,It's a good product under budget,Fire-Boltt,POSITIVE,0.9997939467430115
Fire-Boltt Rise Force,5.0,Terrific,Suraj Kumar bhardwaj,Very good product,Fire-Boltt,POSITIVE,0.9998735189437866
Fire-Boltt Rise Force,5.0,Awesome,Srinivas lenka  Lenka,"Value For Money, Looks Great.",Fire-Boltt,POSITIVE,0.9998641014099121
Fire-Boltt Rise Force,5.0,Terrific,Dundigala Ravikumar,"I am very happy with this smartwatch. The display is bright and clear, making it easy to use even outdoors. The design looks premium and feels comfortable on the wrist. Battery backup is impressive an...",Fire-Boltt,POSITIVE,0.9997971653938293
Fire-Boltt Rise Force,5.0,Mind-blowing purchase,Abhilasha Rathore,Very good 💯😊,Fire-Boltt,POSITIVE,0.999870777130127
Fire-Boltt Rise Force,5.0,Worth every penny,Vanita Aanchal khatri shankar,I can't believe you can get such a good product at such a low price.thank your flipkart 😊👌👌👍,Fire-Boltt,NEGATIVE,0.9785106182098389
Fire-Boltt Rise Force,5.0,Brilliant,Flipkart Customer,This is an awesome watch,Fire-Boltt,POSITIVE,0.999876856803894
Fire-Boltt Rise Force,5.0,Fabulous!,Sajeesh S,Best in Value for money,Fire-Boltt,POSITIVE,0.9997100234031677
Fire-Boltt Rise Force,5.0,Worth every penny,Adarsh Damawale,Battery 10/10 Design 10/10 Music 10/7 Display 10/10 Good product like,Fire-Boltt,POSITIVE,0.9989824891090393
Fire-Boltt Rise Force,5.0,Just wow!,Lucky P,Good product I like it and limited price also,Fire-Boltt,POSITIVE,0.9997010231018066
Fire-Boltt Rise Force,5.0,Classy product,Flipkart Customer,Thnx to flipkart and all members awesome watch and features,Fire-Boltt,POSITIVE,0.999775230884552
Fire-Boltt Rise Force,5.0,Brilliant,Hazrat Ansari,Good Product,Fire-Boltt,POSITIVE,0.9998588562011719
Fire-Boltt Rise Force,3.0,Nice,Flipkart Customer,Good product.good watch,Fire-Boltt,POSITIVE,0.99986732006073
Fire-Boltt Rise Force,5.0,Fabulous!,SANAT  MAHATA,Nice,Fire-Boltt,POSITIVE,0.9998552799224854
Crossbeats Armour Pro,5.0,Worth every penny,Srinu  Ammula,Nice product,Crossbeats,POSITIVE,0.9998539686203003
Crossbeats Armour Pro,4.0,Wonderful,Keshavanand Patil,Overall Good for daily needs.,Crossbeats,POSITIVE,0.9997989535331726
Crossbeats Armour Pro,5.0,Best in the market!,Roshin Biju,Good product,Crossbeats,POSITIVE,0.9998588562011719
Crossbeats Armour Pro,5.0,Just wow!,Sumit Kumar,Very good product,Crossbeats,POSITIVE,0.9998735189437866
Crossbeats Armour Pro,5.0,Wonderful,Karthik Subramanya,"Brilliant battery (lasts over 3 weeks even when wearing it all through the day and night) and good ergonomics. A little bit heavy on the wrist but not much of a bother otherwise. Looks great, buttons...",Crossbeats,POSITIVE,0.996422290802002
Crossbeats Armour Pro,5.0,Must buy!,Flipkart Customer,good product i am impressed this product,Crossbeats,POSITIVE,0.9998637437820435
Crossbeats Armour Pro,5.0,Classy product,Avinava Sarkar,This is a great value for money product in this price range,Crossbeats,POSITIVE,0.9989286065101624
Crossbeats Armour Pro,5.0,Super!,HARIPULLACHARI  PATTIPATI,Call received three seconds automatic pickup the call it was problem,Crossbeats,NEGATIVE,0.9988219141960144
Amazfit Balance 2,5.0,Super!,Kavita Kavita,Great watch. I researched so much before buying because it was my first running watch. Compared it with Garmin and coros watches but Amazfit really provides great value for money and superior hardware...,Amazfit,POSITIVE,0.9990038275718689
Amazfit Balance 2,1.0,Unsatisfactory,pradeep darsi,I had this watch for a month. The screen started blinking like anything. Not able to have any options. Never go for this. Will update if the company responds and takes any action. I am really disappoi...,Amazfit,NEGATIVE,0.9996861219406128
Amazfit Balance 2,5.0,Terrific,Ravindra Waghmare,It's a good watch.,Amazfit,POSITIVE,0.9998652935028076
Amazfit Balance 2,5.0,Super!,Kamal nayan kumar,Awesome product,Amazfit,POSITIVE,0.9998725652694702
Amazfit Balance 2,1.0,Not recommended at all,suraj  rao,I am trying to return the product it is available for return now what to do,Amazfit,NEGATIVE,0.9982795715332031
Amazfit Balance 2,5.0,Worth every penny,Rajesh Gujjanti,It's a fitness tracker with basic smart watch functionality,Amazfit,POSITIVE,0.9706544280052185
boAt Wave Fury,4.0,Really Nice,Flipkart Customer,Outstanding,boAt,POSITIVE,0.9998557567596436
boAt Wave Fury,4.0,Pretty good,Priyanka Mondal,Happy 😊,boAt,POSITIVE,0.999870777130127
boAt Wave Fury,4.0,Nice product,Shyamali Pal,It's is a good product Some of its Advantage are 1 . Good brightness 2. Good sillicon strap 3. Looking good 4. Budget friendly 5. Call feature Disadvantage are 1. No Claculator 2. No games 3. sound ...,boAt,POSITIVE,0.9778498411178589
boAt Wave Fury,5.0,Super!,Snehalata  Panda,Original boat watch. Thank you flipkart,boAt,POSITIVE,0.9998117089271545
boAt Wave Fury,4.0,Delightful,gokul s,Money saving 🔥🔥🔥,boAt,NEGATIVE,0.791710615158081
boAt Wave Fury,5.0,Awesome,Neha  Yadav,Best product in best price 😉,boAt,POSITIVE,0.9993498921394348
boAt Wave Fury,4.0,Really Nice,Kartick Mondal,"Nice display, and degine osam... 🔥🔥🔥",boAt,POSITIVE,0.9927496910095215
boAt Wave Fury,4.0,Very Good,Flipkart Customer,"Watch look is nice ,but battery life is not 30 days minimum 5 days battery life.making for plastic and sound quality is the best",boAt,POSITIVE,0.9991822838783264
boAt Wave Fury,5.0,Must buy!,Sahil Khan,Very good product 👍,boAt,POSITIVE,0.9998390674591064
boAt Wave Fury,5.0,Highly recommended,Sneha Pal,Nice,boAt,POSITIVE,0.9998552799224854
boAt Wave Fury,5.0,Great product,Pankhudi  Mishra,Wonderful smart watch and boat smart watch looks classy while wear this... Function is also very easy to operate and you can call through it to anyone very easily... You can also use music player and ...,boAt,POSITIVE,0.9994282126426697
boAt Wave Fury,5.0,Just wow!,Anshu Chib,"A Perfect Companion for Your Active Lifestyle - Recently purchased this smart watch, and I am absolutely thrilled with my purchase! The design is sleek and modern, and the battery life is amazing. I c...",boAt,POSITIVE,0.9998825788497925
boAt Wave Fury,5.0,Must buy!,Shoaib Shoai,Full smart watch,boAt,POSITIVE,0.9996002316474915
boAt Wave Fury,5.0,Worth every penny,Prashank Rathore,"As expected watch have very premium quality in this price range and my experience is very very good. This have own calling system and mic within it so it's very useful, the speaker is very good and cl...",boAt,POSITIVE,0.9997521042823792
boAt Wave Fury,5.0,Terrific purchase,Mohd Jamal,Super 😊💯,boAt,POSITIVE,0.9331682920455933
boAt Wave Fury,3.0,Nice,Prakash Roy,Battery life is not good. Only 2 days run.,boAt,NEGATIVE,0.9993367791175842
boAt Wave Fury,5.0,Best in the market!,Nishant Kumar,Amazing experience... Nice watch,boAt,POSITIVE,0.9998823404312134
boAt Wave Fury,5.0,Classy product,Dinesh Malde,It is good,boAt,POSITIVE,0.9998494386672974
boAt Wave Fury,5.0,Terrific purchase,Flipkart Customer,It is very usefull for me,boAt,POSITIVE,0.9990513920783997
boAt Wave Fury,4.0,Very Good,Ayush Aryan,"Everything is good but the screen quality is a little bit average type. Keeping that aside, rest of the features are excellent",boAt,POSITIVE,0.9995928406715393
boAt Wave Fury,5.0,Awesome,Babli Mondal,Value for money...👍🏻,boAt,POSITIVE,0.9806784987449646
boAt Wave Fury,4.0,Very Good,Pranabesh Sau,"Design is good, all features are working well. 1st time connecting with mobile was showing some issue. Battery service is good.",boAt,POSITIVE,0.9997324347496033
boAt Wave Fury,5.0,Great product,Lalitha B,"Very good brand is brand , super no words I bought this for my son he loved it",boAt,POSITIVE,0.9997733235359192
boAt Wave Fury,5.0,Just wow!,Virendra  Kumar,Nice,boAt,POSITIVE,0.9998552799224854
boAt Wave Fury,5.0,Brilliant,Kanre Poojitha,"Nice product,",boAt,POSITIVE,0.9998602867126465
boAt Wave Fury,4.0,Really Nice,Firoz Miyan,Nice,boAt,POSITIVE,0.9998552799224854
boAt Wave Fury,3.0,Decent product,Rupali Bhattacharya,Not fast working. Just okay I m not happy this produsct,boAt,NEGATIVE,0.9902347326278687
boAt Wave Fury,5.0,Highly recommended,Deepa,All Features are working very smoothly quality is very good perfect in my hand looking best smartwatch,boAt,POSITIVE,0.9998457431793213
boAt Wave Fury,4.0,Wonderful,Flipkart Customer,This is my first smart watch as I got a government job recently.😅 Ok let's talk about watch. 👉Battery 4/5...it's good to use it without connecting to ur phone . 👉Display 5/5 min...i m loving the di...,boAt,POSITIVE,0.9943252205848694
boAt Wave Fury,5.0,Fabulous!,Flipkart Customer,Nice,boAt,POSITIVE,0.9998552799224854
boAt Wave Fury,5.0,Wonderful,Flipkart Customer,I have been using this watch for over 1 year now and it's still working fine very nice watch but boAt could at some games,boAt,POSITIVE,0.9916346073150635
boAt Wave Fury,5.0,Best in the market!,Shikha vidit Baranwal,My son told me to buy this smart watch for him and I bought it from flipcart. After some day I felt that he is very active and very carefull for his health. I understand that it is a benefit of smartw...,boAt,POSITIVE,0.9982220530509949
boAt Wave Fury,4.0,Pretty good,Prince Kumar,All features are well working but battery backup is so low.Worst notification function,boAt,NEGATIVE,0.999421238899231
boAt Wave Fury,3.0,Does the job,Jyoti,I like the design but battery backup is worse Touch don't work sometime get hang and it's says India's no.1 brand but there is no feature of Hindi language in this watch I brought noise smartwatch b...,boAt,NEGATIVE,0.9935365319252014
boAt Wave Fury,4.0,Delightful,Uday Kumar,This product is value for money 💰,boAt,NEGATIVE,0.8305628299713135
boAt Wave Fury,4.0,Delightful,Mohsin Mohammed,Value for money,boAt,POSITIVE,0.9977725148200989
boAt Wave Fury,5.0,Perfect product!,Shivam yadav  Ji,"I have given it as a gift for my girl friend, the watch is very nice",boAt,POSITIVE,0.9997511506080627
boAt Wave Fury,3.0,Just okay,Bharti Parmar,Its nice. Looking 💯 classy. No lose with this price. Go n buy. Don't be late guys. Its actually really very good.,boAt,POSITIVE,0.9998453855514526
boAt Wave Fury,5.0,Mind-blowing purchase,Flipkart Customer,Amazing 🤩,boAt,POSITIVE,0.9998632669448853
boAt Wave Fury,4.0,Wonderful,Babuni Babuni,"Nice product, but very small size",boAt,POSITIVE,0.9970934391021729
boAt Wave Fury,5.0,Highly recommended,Debu  Sarkar,Design is very beautiful is product very nice 👍🙂,boAt,POSITIVE,0.9998706579208374
boAt Wave Fury,5.0,Must buy!,Dhara Goyal,Amazing product,boAt,POSITIVE,0.9998769760131836
boAt Wave Fury,5.0,Terrific purchase,Roshan Singh,Very nice product value for money,boAt,POSITIVE,0.9998231530189514
boAt Wave Fury,5.0,Great product,❤️Abhishek ❤️ ❣️ Lodhi ❣️,Doat watch ⌚ good 😊❤️😘,boAt,POSITIVE,0.997701108455658
boAt Wave Fury,5.0,Brilliant,Alia Customer,"The watch has great features, good functionality, with an good look and feel. Features like AI voice assistant, music control, sports modes.. comfort, durability, and excellent call quality is crucial...",boAt,POSITIVE,0.9997958540916443
boAt Wave Fury,5.0,Fabulous!,Pratham Goyal,Nice smart watch it have very unique features link in this watch we have change the watch face by moving the dial and build quality is also very nice and battery backup is super over all good experience,boAt,POSITIVE,0.9992114305496216
boAt Wave Fury,5.0,Terrific purchase,Flipkart Customer,looking good awesome 😎😎😎 nice one,boAt,POSITIVE,0.9998669624328613
boAt Wave Fury,5.0,Just wow!,Flipkart Customer,Nyc product Awesome Value of money Boat company is very good,boAt,POSITIVE,0.9998058676719666
boAt Wave Fury,2.0,Could be way better,IRFAN  Mohammed,Does not work proper and battery performance not good,boAt,NEGATIVE,0.9997642636299133
boAt Wave Fury,2.0,Expected a better product,Vikranth Patel,Colour not good.,boAt,NEGATIVE,0.9997816681861877
boAt Wave Fury,5.0,Excellent,Aniket Aryan,I think it's good for me,boAt,POSITIVE,0.9998182654380798
boAt Wave Fury,5.0,Simply awesome,Sarif Ahmed,Overall good,boAt,POSITIVE,0.9998326301574707
boAt Wave Fury,5.0,Super!,Flipkart Customer,Watch is very beautiful display is very smooth work good look but problem is future short and betry 1 day and screen pic costmiz not good fit,boAt,NEGATIVE,0.9942352175712585
boAt Wave Fury,5.0,Best in the market!,Flipkart Customer,Good,boAt,POSITIVE,0.9998161196708679
boAt Wave Fury,5.0,Brilliant,Priya Customer,"Mind-blowing feathers , long-lasting, all systems are available,I loved it.",boAt,POSITIVE,0.9998137354850769
boAt Wave Fury,5.0,Highly recommended,Atul Jain,"Battery backup of watch is very good. The design and looks of the watch are stylish. It has very good features which are all working well.(Calling features, music control, step counting, etc.....)",boAt,POSITIVE,0.9997569918632507
boAt Wave Fury,4.0,Good choice,Susmita Shill,Good,boAt,POSITIVE,0.9998161196708679
boAt Wave Fury,4.0,Delightful,DIPENDRA AARYA,Nice product,boAt,POSITIVE,0.9998539686203003
boAt Wave Fury,4.0,Wonderful,ANKESH NAMDEV,This product is very good,boAt,POSITIVE,0.9998717308044434
boAt Wave Fury,4.0,Really Nice,Zala Himanshu,This watch nice but 1 problem display wallpaper create my gallery and not parfect image ..so improve this setting,boAt,POSITIVE,0.9110472798347473
boAt Wave Fury,4.0,Nice product,Shailendra Prajapati,Best quality.osm price,boAt,POSITIVE,0.998417854309082
boAt Wave Fury,4.0,Very Good,Flipkart Customer,its v.nice..watch..worth of prise,boAt,NEGATIVE,0.6821847558021545
boAt Wave Fury,4.0,Nice product,Shivang Badheka,Good product in value for money,boAt,POSITIVE,0.9998466968536377
boAt Wave Fury,4.0,Wonderful,Flipkart Customer,Average product. This price range it is good one,boAt,POSITIVE,0.9998100399971008
boAt Wave Fury,4.0,Really Nice,Pranjit Chutia,Good value for money,boAt,POSITIVE,0.9998501539230347
boAt Wave Fury,4.0,Wonderful,Backing  George Momin,Value for money,boAt,POSITIVE,0.9977725148200989
boAt Wave Fury,4.0,Really Nice,Flipkart Customer,Nice product,boAt,POSITIVE,0.9998539686203003
boAt Wave Fury,4.0,Very Good,Allekadaiah venkatamma,Quality wise is good,boAt,POSITIVE,0.9998458623886108
boAt Wave Fury,4.0,Good choice,BSG VEGETABLES MARKETING,It's nice and cool product it's worth of the product,boAt,POSITIVE,0.9998849630355835
boAt Wave Fury,4.0,Very Good,Md Husain Ansari,Amazing,boAt,POSITIVE,0.999875545501709
boAt Wave Fury,4.0,Value-for-money,Pooja Ahire,Very nice boat watch value for money 🤑💰,boAt,POSITIVE,0.9973220229148865
boAt Wave Fury,4.0,Good choice,SRIKANTH  GOPALAN,Call quality is good. clear noise. battery backup 3 days for all function. Value for money.,boAt,POSITIVE,0.9893708229064941
boAt Wave Fury,4.0,Wonderful,Karthick M,Okay for the money,boAt,POSITIVE,0.9983171224594116
boAt Wave Fury,5.0,Mind-blowing purchase,Sonu Ambedkar,NYC product,boAt,POSITIVE,0.9950462579727173
boAt Wave Fury,5.0,Perfect product!,Khushbu Kumari,Value for money....buy this product,boAt,POSITIVE,0.9939435124397278
boAt Wave Fury,5.0,Must buy!,Amit Kumar,"It's really awesome product 😃 and really this product is value for money, very comfortable to wear and light weight. In this price the look is very cool and Performance of this watch watch is very ni...",boAt,POSITIVE,0.9996380805969238
boAt Wave Fury,5.0,Highly recommended,Pallavi Singhvi,Truly value for money. Amazing battery backup. I have charged it once since I received it and it's been already 3 days it's still at 97 percentage. Good display and band colour.,boAt,POSITIVE,0.9993089437484741
boAt Wave Fury,5.0,Fabulous!,Rakesh  Kakad,Nice product I m happy 😊,boAt,POSITIVE,0.999873161315918
boAt Wave Fury,3.0,Good,Akanksha  Shastri,"The battery is not good at all, it is draining very quickly.",boAt,NEGATIVE,0.9995761513710022
boAt Wave Fury,5.0,Brilliant,Swati Manocha,What a watch!!! Awesome one with great features such as activity tracking. The battery is so good. Loved the colour and the quality. Wonderful and unique design. A complete value for money product. Must buy.,boAt,POSITIVE,0.9998853206634521
boAt Wave Fury,5.0,Just wow!,Prince Kumar,That's my honesty opinion 😜💯,boAt,POSITIVE,0.9995729327201843
boAt Wave Fury,5.0,Mind-blowing purchase,Raju Johnson,Nyc Smartwatch.. I loved it😍 Value for money 💰,boAt,POSITIVE,0.9936827421188354
boAt Wave Fury,5.0,Must buy!,Tohid gour  Tohid gour,Value of money,boAt,POSITIVE,0.9982079267501831
boAt Wave Fury,5.0,Worth every penny,Suraj Kolhe,Very Comfortable Watch And Very Good Sarvice...,boAt,POSITIVE,0.999870777130127
boAt Wave Fury,5.0,Mind-blowing purchase,Komal  Sukhija,Such a great product from the seller liked it the most value for money a must buy product interested buyer can go for it without thinking of product and it's price,boAt,POSITIVE,0.9988768696784973
boAt Wave Fury,5.0,Classy product,Sangupandi R,Nice product but it not an add calculator and mini game but also super value for money 🤑,boAt,POSITIVE,0.9947689771652222
boAt Wave Fury,5.0,Super!,Rajkumar Vasamsetti,Super,boAt,POSITIVE,0.998783528804779
boAt Wave Fury,5.0,Best in the market!,H Hmingthansanga  Varte,Nice product....... Comfort in wearing the band and the face are classy product. Super fine👍👍,boAt,POSITIVE,0.9996800422668457
boAt Wave Fury,5.0,Highly recommended,Tushar  Jagtap,This price great,boAt,POSITIVE,0.9998127818107605
boAt Wave Fury,5.0,Perfect product!,Jay Sambhu  Mahakal,Nice,boAt,POSITIVE,0.9998552799224854
boAt Wave Fury,5.0,Mind-blowing purchase,Tirman  m,Gret prod,boAt,NEGATIVE,0.9906899929046631
boAt Wave Fury,5.0,Mind-blowing purchase,Amit Kumar Keshri,Just wow,boAt,POSITIVE,0.999775230884552
boAt Wave Fury,5.0,Brilliant,Mohammad Nashit,Nice,boAt,POSITIVE,0.9998552799224854
boAt Wave Fury,5.0,Mind-blowing purchase,Ananyia Thakuria,I love it thank u so much flipkart ☺️,boAt,POSITIVE,0.9998611211776733
boAt Wave Fury,5.0,Wonderful,sonu kumar,Quality best,boAt,POSITIVE,0.9998043179512024
boAt Wave Fury,5.0,Super!,Manshi  Sharma,Love the product. The sound quality is good 💯.,boAt,POSITIVE,0.9998464584350586
boAt Wave Fury,5.0,Terrific,Omm Customer,Good for daily use or for workout,boAt,POSITIVE,0.9985985159873962
boAt Wave Fury,5.0,Excellent,Anubhav  Sahoo,Very good product 👍😺,boAt,POSITIVE,0.9998390674591064
boAt Wave Fury,5.0,Best in the market!,Flipkart Customer,Nice look good product,boAt,POSITIVE,0.9998654127120972
boAt Wave Fury,5.0,Excellent,Ashutosh Monu,Good product,boAt,POSITIVE,0.9998588562011719
boAt Wave Fury,5.0,Worth every penny,Palash  Barman,Super product 👌 very useful product,boAt,POSITIVE,0.9988082647323608
boAt Wave Fury,5.0,Classy product,Mbaape footballer,"Awesome product, Gives amezing look and battery backup is also good It till last 2 complete days on one charge.",boAt,POSITIVE,0.9993963241577148
boAt Wave Fury,5.0,Awesome,dhanshri misar,Good quality,boAt,POSITIVE,0.9998551607131958
boAt Wave Fury,5.0,Super!,Saroj Choudhary Choudhary,Best watch,boAt,POSITIVE,0.999806821346283
boAt Wave Fury,5.0,Highly recommended,Yash Babu,My product is very good. But battery is very bad and battery fast down,boAt,NEGATIVE,0.99933260679245
boAt Wave Fury,5.0,Wonderful,?kb?r ?li,"The boAt Wave Fury smartwatch has a sleek design and smooth display, perfect for everyday use. It motivates activity by tracking calorie burn, which is great for health. However, the battery lasts onl...",boAt,POSITIVE,0.9711779952049255
boAt Wave Fury,5.0,Great product,Rahul Sharma,Product is good but battery 🔋 drains very quickly. with full charge it goes around 2 days and again need to charge the ⌚,boAt,NEGATIVE,0.9947630763053894
boAt Wave Fury,5.0,Simply awesome,Akshay Khare,This Boat Fury Smartwatch is best in segment. According to price this gives very big 1.83 inch Hd Display which is very crystal clear. Crown working is descent. Battery backup is very good even it is ...,boAt,POSITIVE,0.9974729418754578
boAt Wave Fury,5.0,Just wow!,Flipkart Customer,"Very nice watch. After using it, if it is good then I will order the next one. Thanks.",boAt,POSITIVE,0.9996979236602783
boAt Wave Fury,5.0,Awesome,Mohan Bennurkar,Good products,boAt,POSITIVE,0.9998565912246704
boAt Wave Fury,5.0,Highly recommended,Flipkart Customer,Very good product 👍 smooth screen,boAt,POSITIVE,0.9997521042823792
boAt Wave Fury,5.0,Highly recommended,Mitali Gupta Hela,"Product is very good, function also very updated Colour good but if gift belts extra one it's better for regular use male and female both 🤗🤗🙏🏻 Thank you so much Flipkart",boAt,POSITIVE,0.9981460571289062
boAt Wave Fury,5.0,Best in the market!,Flipkart Customer,Very nice features and smoothly working,boAt,POSITIVE,0.9998781681060791
boAt Wave Fury,5.0,Mind-blowing purchase,Arman  Mansuri,Nice product 😃 Value for money 🥰,boAt,POSITIVE,0.9992243051528931
boAt Wave Fury,5.0,Fabulous!,Ashis Kusum,Very beautiful and best product 💝💝,boAt,POSITIVE,0.9998780488967896
boAt Wave Fury,5.0,Highly recommended,Sunil Kumar  Pani,Over all good in this range,boAt,POSITIVE,0.9995430707931519
boAt Wave Fury,5.0,Classy product,Flipkart Customer,Nice watch and is almost accurate about health ☺️💝☺️,boAt,POSITIVE,0.9997075200080872
boAt Wave Fury,5.0,Must buy!,YOGESH VISHWAKARMA,Very good product in this price range........,boAt,POSITIVE,0.9998413324356079
boAt Wave Fury,5.0,Great product,Thriraj Palegar,It's good and value for money 💰,boAt,POSITIVE,0.9998406171798706
boAt Wave Fury,5.0,Best in the market!,Flipkart Customer,"Extremely Happy With This Product. Value For Money Display Is Good ,Features Also Good ,Battery Life Is Good. Overall Fantastic experience and Fantastic Product.",boAt,POSITIVE,0.9998694658279419
boAt Wave Fury,5.0,Simply awesome,Flipkart Customer,Watch outstanding value for money,boAt,POSITIVE,0.9997645020484924
boAt Wave Fury,5.0,Best in the market!,Nishant Kumar,"The watch is amazing , ( review after 1 month ) Pros: Massive display Excellent looks. Hard material Tough standard watch Brightness is more than expected The activity tracker is about 98% accurat...",boAt,POSITIVE,0.9992363452911377
boAt Wave Fury,5.0,Awesome,Tejas Patel,Value for money. Amazing watch.,boAt,POSITIVE,0.9998863935470581
boAt Wave Fury,5.0,Best in the market!,Apu Pramanik,Wonderful 😊😊 product 👏,boAt,POSITIVE,0.9998557567596436
boAt Wave Fury,5.0,Terrific purchase,Bitu  Kumar,Nice watch for looking me boy hand watch,boAt,POSITIVE,0.9969379901885986
boAt Wave Fury,5.0,Brilliant,palak radhan,must buy,boAt,POSITIVE,0.9820494055747986
boAt Wave Fury,5.0,Excellent,Gautham Kumar,"Good product, value for money. Responsive Time is very fast and quick connecting With mobile.",boAt,POSITIVE,0.999350368976593
boAt Wave Fury,5.0,Best in the market!,MD AKRAM  Hussain,Best product,boAt,POSITIVE,0.9998190999031067
boAt Wave Fury,5.0,Mind-blowing purchase,Flipkart Customer,Very good it is value of money and it is smooth to use it is a good product 👍 go for it,boAt,POSITIVE,0.999707043170929
boAt Wave Fury,5.0,Mind-blowing purchase,Arup Bhattacharjee,"Everything is good, but no BP monitor system....",boAt,NEGATIVE,0.5014347434043884
boAt Wave Fury,5.0,Simply awesome,Behera Behera,Very good looking smart watch with decent features of monitoring health and have a good connection to the smartphone.There are some cool features which are worth appreciating in this smartwatch.its fu...,boAt,POSITIVE,0.9995889067649841
boAt Wave Fury,5.0,Perfect product!,Mukesh  Kumar,"the look is superb and first Good Smartwatch Clear good volume, Really Big display. Covers the whole lot of Sports Functions. Fast charging. Full Satisfaction. this is really impressive. In terms of b...",boAt,POSITIVE,0.999850869178772
boAt Wave Fury,5.0,Great product,Flipkart Customer,Value for money best watch,boAt,POSITIVE,0.9890874624252319
boAt Wave Fury,5.0,Best in the market!,Arunava Pal,Just ignore negative reviews... Its awesome product on this price ❤️❤️,boAt,POSITIVE,0.9640932083129883
boAt Wave Fury,5.0,Super!,Kishan Kumar,Good product in this price range,boAt,POSITIVE,0.9998518228530884
boAt Wave Fury,5.0,Super!,Sonu Tyagi,"This smartwatch very attractive in this price range. Quality very good, nice display battery backup also very good. Recommend too all",boAt,POSITIVE,0.9997149109840393
boAt Wave Fury,5.0,Awesome,Aman  Sharma,This watch comes with lots of features. Call function on this is really good like mic and speaker are clear enough to listen and speak. It have lots of sports modes and watch faces too. overall great ...,boAt,POSITIVE,0.9997044205665588
boAt Wave Fury,5.0,Simply awesome,Sandeep Gehlot,"Good watch in this budget , amazing features including many sports mode and tracking of activities is good",boAt,POSITIVE,0.9998669624328613
boAt Wave Fury,5.0,Brilliant,pawan  gupta,"Best quality smartwatch , I have ever purchased because its sound quality and battery back up are awesome. Strap is good and fitting is also good. I am satisfied with this .",boAt,POSITIVE,0.999862790107727
boAt Wave Fury,5.0,Highly recommended,Ankita Mishra,"Love th color of the straps. Looks quite stylish,goes with formals to my casuals too. Display is quite nice as it is HD, and it has a good 30 day stand by too. It is sweat and waterproof too so defini...",boAt,POSITIVE,0.9968523383140564
boAt Wave Fury,5.0,Must buy!,Akanksha  Mishra,"Get this watch if you wakt to daily track your steps, and al other parameters for a better health. It's dust, sweat and waterproof too so it's a perfect partner for gym too. It has an amazing 30 day s...",boAt,POSITIVE,0.9863209128379822
boAt Wave Fury,5.0,Must buy!,Kisan Chauhan,Its good both in features and look. Battery backup is also good. I am using it from last one week. Draw back is you add the contacts in the address book. Very Nice Watch At This Price. Loved the Displ...,boAt,POSITIVE,0.9994489550590515
boAt Wave Fury,5.0,Wonderful,Mohd Shahzad,"Modern and sleek design, look and feel is awesome. HD display looks great, vibrant colors. Best battery backup if I compare it with another smartwatch I had. Very fast charging. Best experience with t...",boAt,POSITIVE,0.9996762275695801
boAt Wave Fury,5.0,Classy product,Priya  Kadu,Value for money . Its a great watch and offers a lot of good features. The watch integrates really well with the Apple ecosystem. Not getting a cellular variant can be worth it if you use your phone ...,boAt,POSITIVE,0.9990647435188293
boAt Wave Fury,5.0,Wonderful,Krishna Sanghavi,"I bought it for my husband for the gift.Nice HD display, color is good with latest features I like Bluetooth calling. There are tons of others features in this watch. Must buy.",boAt,POSITIVE,0.9995813965797424
boAt Wave Fury,5.0,Best in the market!,Sagar Sanduja,Brought for my wife.... She liked it so much as this looks cool on her.... Does all smart function well..... On top it has Bluetooth calling.. So in all its a worth buying for this price range.... If ...,boAt,POSITIVE,0.9994851350784302
boAt Wave Fury,5.0,Terrific purchase,Vivek kumar Singh,Super Quality Brand Special product। Boat 👍❤️ My First Smart Watch ⌚ Boat Wave Fury I'm satisfied to buy this product। Thanks to Flipkart shopping Mart🙏,boAt,POSITIVE,0.9903033375740051
boAt Wave Fury,5.0,Just wow!,Gandhi Jha,Great value for money. The display looks so attractive as well as we can change the display looke throgh the key. Great battery performance can easily use for a week withouth charging with connected b...,boAt,POSITIVE,0.9982715845108032
boAt Wave Fury,5.0,Awesome,Alia Sagar,I have purchased blue and green colour in this but I liked the green more. The green is very dark and Insm really okay with it. The design is very cool. Looks nice on hand. The strap quality is amazin...,boAt,POSITIVE,0.9997913241386414
boAt Wave Fury,5.0,Wonderful,Ashish Verma,The display size is 1.83. The quality of the strap is supreme. Also it has functional crown which is amazing. It has interactive dial pad. The resolution is high. The sound on call is very clear. Tot...,boAt,POSITIVE,0.9997954964637756
boAt Wave Fury,5.0,Perfect product!,Ravinder Verma,"Nice watch, easy to connect with iPhone. Back up is good once charged work till 3 -5 days.",boAt,POSITIVE,0.9976660013198853
boAt Wave Fury,5.0,Super!,Chandan  KUMAR,Nice Watch for this price Range And Also Big Display Suitable for my hand,boAt,POSITIVE,0.9991051554679871
boAt Wave Fury,5.0,Highly recommended,Jessi Patel,This watch is not just about looks it performs admirably as well. The watch's battery life is impressive. The display is clear and easy to read even in bright sunlight. the overall build quality gives...,boAt,POSITIVE,0.999810516834259
boAt Wave Fury,5.0,Worth every penny,karthy Sivam,Really nice product 🤞🤩😍,boAt,POSITIVE,0.9998360872268677
boAt Wave Fury,5.0,Fabulous!,Sana Nalwar,"I liked the a accuracy and the smoothness of the watch, it has good battery life and is really a smart watch i was looking for. A good package in nice price",boAt,POSITIVE,0.999822199344635
boAt Wave Fury,5.0,Excellent,Aslam Shaikh,"Stylish bands and watch faces offer personalization options, matching the smartwatch with individual fashion sense and personality.",boAt,POSITIVE,0.9905374646186829
boAt Wave Fury,5.0,Wonderful,Habib Nawaz,"Nice Watch, steps accuracy, calling and notification is quite accurate. Simply stylish and attractive look.",boAt,POSITIVE,0.9998675584793091
boAt Wave Fury,5.0,Excellent,Anshu tomer,Budget Friendly and worth the price. Quality wise its good as per the price range with all features working properly. Calling feature is smooth also heart rate and spo2 monitor is working. Crown is al...,boAt,POSITIVE,0.9994654059410095
boAt Wave Fury,5.0,Awesome,saurabh pitale,It's amazing ...batery life is too good..dam loved it..Simply smart n good looking... Receiving calls n speakers are too good ...value for the money at. this price of smart looking watch ... One of th...,boAt,POSITIVE,0.9848924875259399
boAt Wave Fury,5.0,Must buy!,Sunita  Kushwaha,Very Nice product value for money,boAt,POSITIVE,0.9998231530189514
boAt Wave Fury,5.0,Terrific,Surya Prathap,Best price,boAt,POSITIVE,0.9993244409561157
boAt Wave Fury,5.0,Just wow!,Jatin jayaswal,Amazing,boAt,POSITIVE,0.999875545501709
boAt Wave Fury,5.0,Super!,Namdev Dudhate,Nice watch,boAt,POSITIVE,0.9998376369476318
boAt Wave Fury,4.0,Value-for-money,YATHARTH  RAGHUVANSHI,Best smartwatch in this price range 🤩 Value for money 🤑🤑,boAt,POSITIVE,0.996301531791687
boAt Wave Fury,3.0,Does the job,Flipkart Customer,low quality battery. 3/4 hours battery backup onl,boAt,NEGATIVE,0.9990272521972656
boAt Wave Fury,3.0,Good,Farhan  Tanbir,This straps are very poor,boAt,NEGATIVE,0.9997085928916931
boAt Wave Fury,3.0,Decent product,Lovedeep Rajput,There has no fame in it and activity tracking is not proper,boAt,NEGATIVE,0.9998056292533875
boAt Wave Fury,3.0,Good,RØY BRÅÑD SAURAV  RØY BRÅÑD,My charge problem in watch,boAt,NEGATIVE,0.9991056323051453
boAt Wave Fury,3.0,Nice,Meena Verma,Nice,boAt,POSITIVE,0.9998552799224854
boAt Wave Fury,3.0,Good,Santosh  Mahajan,"Battery life is too short not a single day , need to charge every day regularly ..... Not satisfied",boAt,NEGATIVE,0.9993543028831482
boAt Wave Fury,3.0,Nice,Manu M s,"Battery ran out quickly, 100 - 18% with in 2 days",boAt,NEGATIVE,0.999222993850708
boAt Wave Fury,3.0,Fair,Rakesh Kumar,Nice product at this price range,boAt,POSITIVE,0.9998177886009216
boAt Wave Fury,3.0,Decent product,Flipkart Customer,Sensors are not good,boAt,NEGATIVE,0.9997455477714539
boAt Wave Fury,3.0,Does the job,Durgamadhab Swain,Value for money,boAt,POSITIVE,0.9977725148200989
boAt Wave Fury,3.0,Nice,Soumitra  Mondal,"It's good but not better, Not bad as prices",boAt,POSITIVE,0.9963889122009277
boAt Wave Fury,3.0,Good,Dibya mohapatra,Value for money. Only.,boAt,NEGATIVE,0.977277934551239
boAt Wave Fury,3.0,Does the job,Masthan  Shaik,Not much better battery 🔋 backup very poor ( only works on 2 days with full charge ),boAt,NEGATIVE,0.999337375164032
boAt Wave Fury,3.0,Fair,Abdulkarim  Khan,Batry life 5 day's only,boAt,NEGATIVE,0.9397382140159607
boAt Wave Fury,3.0,Does the job,Sakil Kaji,"Good but, problem in user interface . the battery run time is approx 3-4 days in non BT calling setting",boAt,NEGATIVE,0.9951218962669373
boAt Wave Fury,4.0,Pretty good,Sadhana  Kothimbire,Very good go for it,boAt,POSITIVE,0.9998613595962524
boAt Wave Fury,4.0,Very Good,Pankaj  Lilhare,Awesome 👍 HD display and long lasting battery 🔋 and value for money excellent.,boAt,POSITIVE,0.9996718168258667
boAt Wave Fury,4.0,Nice product,Flipkart Customer,Nice product 😍,boAt,POSITIVE,0.9997896552085876
boAt Wave Fury,4.0,Just okay,Haider  Alam,"Charging backup is not good for me. If you are thinking of buying one then buy another one, it did not seem anything special.",boAt,NEGATIVE,0.9997981190681458
boAt Wave Fury,4.0,Really Nice,whyiamfromtheworld Nath,"Good watch under 1k , Design is very good 👍👍 and contains a magnatic cable...",boAt,POSITIVE,0.9988935589790344
boAt Wave Fury,4.0,Value-for-money,benjiman Munna,Fine,boAt,POSITIVE,0.9998335838317871
boAt Wave Fury,4.0,Pretty good,Flipkart Customer,Very Good,boAt,POSITIVE,0.9998520612716675
boAt Wave Fury,5.0,Mind-blowing purchase,radhika kumari,This watch is excellent for what I was looking for! Display quality is very good and calling features works very well. The battery life greatly surprised me as well !! Overall loved this smartwatch.,boAt,POSITIVE,0.9998440742492676
boAt Wave Fury,5.0,Best in the market!,Monika Jain,"The smartwatch is lightweight and fits comfortably on my wrist, making it perfect for all-day wear.The 1.83'' HD Display is impressive! The vibrant colors and sharp resolution make it easy to read not...",boAt,POSITIVE,0.9997575879096985
boAt Wave Fury,5.0,Mind-blowing purchase,masroor ahmad,some features more but acc. to rates its ohkkk,boAt,NEGATIVE,0.9750015139579773
boAt Wave Fury,5.0,Simply awesome,Asher M,Tried this Boat smartwatch and I liked it completely. The features are top notch and gives good functionality. Battery backup is great and runs on single charge for a long time. Helps me with health u...,boAt,POSITIVE,0.9979308843612671
boAt Wave Fury,5.0,Mind-blowing purchase,Saurabh Madan,Very nice product.quality also good.all features available suitable for all age group.accuracy very perfect battery is also good.overall super product in this price.,boAt,POSITIVE,0.9998266100883484
boAt Wave Fury,5.0,Wonderful,Shilpi Saxena,The first impression was very good. It got paired up very quick and the design is superb. The display size is good for men and women even for adults. Not so large and not so small. The edges are very ...,boAt,POSITIVE,0.9998207688331604
boAt Wave Fury,3.0,Good,Rosy rajani Tete,It is so low charge and battery not have much time ..and if it switch off once it doesn't open,boAt,NEGATIVE,0.9994397759437561
boAt Wave Fury,3.0,Just okay,Yogendra Yadav,Only 3-4 day battery backup ...,boAt,NEGATIVE,0.9940983057022095
boAt Wave Fury,1.0,Unsatisfactory,Amarjeet Vishwakarma,Product is not good battery draining fast .,boAt,NEGATIVE,0.9997331500053406
boAt Wave Fury,5.0,Highly recommended,Shubham Patel,This are very good quality and stylish,boAt,POSITIVE,0.9998798370361328
boAt Wave Fury,5.0,Mind-blowing purchase,Sangita Kumari,Beautiful watch,boAt,POSITIVE,0.9998753070831299
boAt Wave Fury,5.0,Awesome,Rahul Kumar,This product is very good 👍,boAt,POSITIVE,0.9998447895050049
boAt Wave Fury,5.0,Excellent,Manish Kumar,Overall 👍,boAt,POSITIVE,0.8719688653945923
boAt Wave Fury,5.0,Mind-blowing purchase,Munde Rohit,Nice product is useful,boAt,POSITIVE,0.999737560749054
Noise ColorFit Icon 2,4.0,Value-for-money,Khushi Singh,I'm in love with thi product thnks filpkart for thi worth ❤️😊,Noise,POSITIVE,0.960811972618103
Noise ColorFit Icon 2,5.0,Brilliant,Roshni  Sharma,Loved 😍,Noise,POSITIVE,0.9997703433036804
Noise ColorFit Icon 2,4.0,Very Good,priti rao,Watch is very nice and display size is large 1.8 👍,Noise,POSITIVE,0.9996832609176636
Noise ColorFit Icon 2,5.0,Excellent,Raghuvendra  Singh,Superb Watch Under This price Range....... Value for Money..... having nice or bright Display in outdoors..... Like this Product,Noise,POSITIVE,0.999396800994873
Noise ColorFit Icon 2,5.0,Worth every penny,Sahida Khan,Amazing product I am so happy guys go for it,Noise,POSITIVE,0.9998859167098999
Noise ColorFit Icon 2,5.0,Simply awesome,Boya Narasimha,Nice one and good one.... Worth it it's looks nice compare to others,Noise,POSITIVE,0.9998432397842407
Noise ColorFit Icon 2,5.0,Highly recommended,Toslima  Sultana Laskar,Nice product.... Love it ❤,Noise,POSITIVE,0.9998650550842285
Noise ColorFit Icon 2,5.0,Fabulous!,Hlo,Wow Nyc product Noise One of the best product battery backup Superb and looks Amazing Wonderful 👍 Flipkart,Noise,POSITIVE,0.9998027682304382
Noise ColorFit Icon 2,4.0,Delightful,Sourav Mitra,Nice n Stylish.. Display --9 Battery -- 8 UI-- 9 Connectivity -- 9 Overall Very Good smart watch. I must Say This is value for money product.,Noise,POSITIVE,0.9997199177742004
Noise ColorFit Icon 2,4.0,Nice product,Sarvesh Seth,➊-This is only watch in this price segment with highest brightness & longer display also. ➋-Music feature is working so great. ➌-One feature which is very helpful in this season is that WEATHER FEAT...,Noise,POSITIVE,0.9991057515144348
Noise ColorFit Icon 2,5.0,Classy product,Flipkart Customer,Its Nice one,Noise,POSITIVE,0.9998518228530884
Noise ColorFit Icon 2,4.0,Good quality product,Akash Arya,VERY NICE 👍 WATCH I'M IMPRESSED 😊 GOOD SERVICE FLIPKART THANK YOU ❤️,Noise,POSITIVE,0.9998353719711304
Noise ColorFit Icon 2,4.0,Pretty good,Rakesh  Karmakar,Good looking,Noise,POSITIVE,0.9998414516448975
Noise ColorFit Icon 2,5.0,Super!,Ayandip Ojha,Nice product 👍😊👍😊,Noise,POSITIVE,0.9997896552085876
Noise ColorFit Icon 2,4.0,Worth the money,Atul Soni,Its looks cool but I want more watch faces overall this is value for 💰,Noise,POSITIVE,0.867927610874176
Noise ColorFit Icon 2,5.0,Super!,B.Shiva Jr. NTR fan,Super 👌😚 Good 👌😊,Noise,POSITIVE,0.9996380805969238
Noise ColorFit Icon 2,5.0,Brilliant,shrenik Mohanlal shah,"Nice quality better back-up is good 4 days in my use bulit of belt good quality, Value for money",Noise,POSITIVE,0.998866081237793
Noise ColorFit Icon 2,5.0,Excellent,Leon Moncy,Pros: 1.features are awesome. 2.game is smooth and is interesting 3. I checked calling function and is clear and loud same as that of speaker of mobiles. 4.connec...,Noise,POSITIVE,0.998971700668335
Noise ColorFit Icon 2,5.0,Just wow!,SHRUTI SANCHAYA DASH,Amazing👍😍🤩 I love it....,Noise,POSITIVE,0.9998774528503418
Noise ColorFit Icon 2,5.0,Terrific purchase,Harshit Sharma,Nice watch this price range 😊,Noise,POSITIVE,0.9988791346549988
Noise ColorFit Icon 2,5.0,Terrific purchase,Tanushree Paul,Amazing product,Noise,POSITIVE,0.9998769760131836
Noise ColorFit Icon 2,5.0,Brilliant,Prakash Kumar,Awesome product,Noise,POSITIVE,0.9998725652694702
Noise ColorFit Icon 2,5.0,Super!,Flipkart Customer,Nice watch i think you also try,Noise,POSITIVE,0.9998093247413635
Noise ColorFit Icon 2,4.0,Pretty good,Vikas Rana,Nice watch but sometimes the watch delay in wakeup while raising the hand... Voice calling good and so 🔊 loudly.. ok watch.,Noise,NEGATIVE,0.9077751636505127
Noise ColorFit Icon 2,4.0,Nice product,Gopal Nandi,Nice 👍,Noise,POSITIVE,0.9998424053192139
Noise ColorFit Icon 2,5.0,Must buy!,Vignesh  Parra,Nice product 👌 noise color fit icon 2 nice I having this beautiful watch l love this watch,Noise,POSITIVE,0.9997338652610779
Noise ColorFit Icon 2,5.0,Mind-blowing purchase,JOGA NARESH,Awesome...,Noise,POSITIVE,0.9998651742935181
Noise ColorFit Icon 2,5.0,Classy product,KUMARI MAMTA SINGH,The smartwatch is awesome 👍 it's a highly recommended product if you are searching for an affordable price in these overall it is very stish and modern,Noise,POSITIVE,0.9996761083602905
Noise ColorFit Icon 2,4.0,Nice product,Flipkart Customer,Nice look watch wonderful colour working future excellent watch product 📦📦👌👌👍,Noise,POSITIVE,0.9998407363891602
Noise ColorFit Icon 2,5.0,Highly recommended,Tanmoy Naskar,"Best calling smartwatch 🤟 ✅ Good Looking good watch I am very satisfied with this product ✨ Just go for it & But it , You will not regret 👍🏽",Noise,POSITIVE,0.9988412261009216
Noise ColorFit Icon 2,5.0,Brilliant,Aratrika Sarkar,Surperb 👌👌,Noise,NEGATIVE,0.9159340858459473
Noise ColorFit Icon 2,5.0,Classy product,raushan Kumar,Best product Best price 👌 👍 👏 💯 🙌 With Calling,Noise,POSITIVE,0.999092698097229
Noise ColorFit Icon 2,5.0,Awesome,Swastika  Rastogi,Really love this product but price wise it's too much costly but I liked it obviously go for it thankqq soo much Flipkart ❤️,Noise,POSITIVE,0.9978965520858765
Noise ColorFit Icon 2,4.0,Good choice,Flipkart Customer,Nice i like it,Noise,POSITIVE,0.999862551689148
Noise ColorFit Icon 2,4.0,Very Good,Ishwer Singh,Nice watch samuth display calls voice average,Noise,NEGATIVE,0.9567357301712036
Noise ColorFit Icon 2,5.0,Terrific,RAJESH PAL,Perfect Design & The Best Quality Product,Noise,POSITIVE,0.9998637437820435
Noise ColorFit Icon 2,5.0,Mind-blowing purchase,O.p. nandiwal,Awesome quality 💕,Noise,POSITIVE,0.999880313873291
Noise ColorFit Icon 2,5.0,Perfect product!,Arbaz Khan,Bast Smart Watch best qualities,Noise,POSITIVE,0.9998302459716797
Noise ColorFit Icon 2,4.0,Worth the money,Flipkart Customer,Perfect watch,Noise,POSITIVE,0.9998664855957031
Noise ColorFit Icon 2,5.0,Terrific,Saurabh  Shah,Good watch Value For money,Noise,POSITIVE,0.9996703863143921
Noise ColorFit Icon 2,3.0,Fair,Neenah kanwar Kanwar,Super watch,Noise,POSITIVE,0.9991114735603333
Noise ColorFit Icon 2,4.0,Very Good,Praveen Customer,"Helo Noise Colorfit of New Icon2 is very good for Regular use 1.The product was nice 2. Display is ok 🙂 3. Call functions accept, reject, dial is good but only save favourite 8 contacts. 4. All funct...",Noise,POSITIVE,0.7876225709915161
Noise ColorFit Icon 2,5.0,Best in the market!,D. GS Ganesh,"Nice watch,",Noise,POSITIVE,0.99983811378479
Noise ColorFit Icon 2,5.0,Fabulous!,Flipkart Customer,Good quality 😄👍,Noise,POSITIVE,0.9998581409454346
Noise ColorFit Icon 2,5.0,Super!,Chhaya Ahire,Amazing shopping i have been using this watch for last 2 months and it working in a very good condition . Go for it blindly,Noise,POSITIVE,0.9960587024688721
Noise ColorFit Icon 2,5.0,Just wow!,Radhakrishna Rayudu,"Good Battery Life, and Worth of Cost",Noise,POSITIVE,0.9996654987335205
Noise ColorFit Icon 2,5.0,Awesome,SUBHRANEEL  ROY,Nice watch ⌚ ...... Thanku Noise ❤️ & also thank you Flipkart ❤️,Noise,POSITIVE,0.9997451901435852
Noise ColorFit Icon 2,5.0,Terrific,RAHUL SK,Very Noice Smart Watch (Must Buy),Noise,NEGATIVE,0.958696722984314
Noise ColorFit Icon 2,4.0,Delightful,Samarpan Bera,Product is quite good.. Trekking features appear wrong.Everything except the table looks at the spo2 heart rate monitor. If your budget is 1500. Then you definitely go for it.. Except calling all fea...,Noise,POSITIVE,0.9886592626571655
Noise ColorFit Icon 2,5.0,Mind-blowing purchase,Mamta   gupta,It's very good,Noise,POSITIVE,0.9998470544815063
Noise ColorFit Icon 2,5.0,Wonderful,Naveen Kumar,Nice good product in this price...,Noise,POSITIVE,0.9998544454574585
Noise ColorFit Icon 2,5.0,Simply awesome,Sushmita Saha,Awsome 💕,Noise,NEGATIVE,0.9787667989730835
Noise ColorFit Icon 2,5.0,Perfect product!,sunil bss,Its a good watch in recent time i am using from last 40 days u can take it with out a dought,Noise,POSITIVE,0.988224983215332
Noise ColorFit Icon 2,4.0,Delightful,md ali ansari,"Good product quality is very nice,,",Noise,POSITIVE,0.9998754262924194
Noise ColorFit Icon 2,3.0,Fair,Sakil Khan,Nice quality ☺️,Noise,POSITIVE,0.999859094619751
Noise ColorFit Icon 2,5.0,Fabulous!,ARPIT AGRAWAL,Superb smartwatch Inbuilt games And metalic build quality All sensors are work properly and accurate Value for money Feature packed watch,Noise,POSITIVE,0.9995538592338562
Noise ColorFit Icon 2,3.0,Just okay,Khushbu  Saini,After 10 months suddenly my noise colorfit Icon 2 watch shut down and not start again.,Noise,NEGATIVE,0.9989675283432007
Noise ColorFit Icon 2,3.0,Just okay,Ravindra  Singh,Item is good but no satisfy,Noise,NEGATIVE,0.8916946053504944
Noise ColorFit Icon 2,4.0,Wonderful,Santhosh kumar,Good,Noise,POSITIVE,0.9998161196708679
Noise ColorFit Icon 2,4.0,Wonderful,Tulasi Ram,It's a nice product from noise. the features are really cool and it feels awesome when i wear this watch.the battery backup os good and large display is nice. And comfort to wear. Totally it's a aweso...,Noise,POSITIVE,0.9998098015785217
Noise ColorFit Icon 2,5.0,Simply awesome,BANANI MAJHEE,Wow thank you flipkart😍,Noise,POSITIVE,0.9998464584350586
Noise ColorFit Icon 2,5.0,Must buy!,Ranjit  Pradhan,Good quality thank you for Flipkart,Noise,POSITIVE,0.9998741149902344
Noise ColorFit Icon 2,5.0,Classy product,ANISH  SARKAR,Good product and valu for manye 🥰🥰👍,Noise,POSITIVE,0.999714195728302
Noise ColorFit Icon 2,4.0,Value-for-money,sujit kumar,Looking so awesome,Noise,POSITIVE,0.9998692274093628
Noise ColorFit Icon 2,5.0,Highly recommended,Aman kant  Verma,Amazing product. Thus is so good. Works so well and touch screen so Smoot. I think this watch on of the best.,Noise,POSITIVE,0.999863862991333
Noise ColorFit Icon 2,5.0,Awesome,Ashwin  Musiq,"Good Watch with all features , Everyone should buy thiz",Noise,POSITIVE,0.9996034502983093
Noise ColorFit Icon 2,5.0,Wonderful,GEEO RAVEENDRAN,Neat design and loving shape,Noise,POSITIVE,0.9998840093612671
Noise ColorFit Icon 2,5.0,Terrific purchase,Imran Farhad,Just a Amazing Watch by Noise. Previously I was using Noise Color fit pro 2 and was unsatisfied with That.But this Icon 2 is A masterpieces believe Me guys. Going to give a details review after a week.,Noise,POSITIVE,0.9994754195213318
Noise ColorFit Icon 2,5.0,Best in the market!,Sabir  Alam,Really awesome watchy wife is very impress for this watch wine colour is one of the best clour thank u flipcart.,Noise,POSITIVE,0.9998633861541748
Noise ColorFit Icon 2,5.0,Great product,Sayeed  Al sahaf,Superb,Noise,POSITIVE,0.9998656511306763
Noise ColorFit Icon 2,5.0,Great product,Pritam Chatterjee,Best value for money and just awesome👍,Noise,POSITIVE,0.9910701513290405
Noise ColorFit Icon 2,5.0,Perfect product!,Sunil Dodamani,Super quality awesome product Super sound quality Nice watch,Noise,POSITIVE,0.9998599290847778
Noise ColorFit Icon 2,5.0,Worth every penny,Flipkart Customer,I m fully fall in love with this product 😍 Value for money or more than that... It's calling feature is marvellous.. the watch theme has lots of variety... easy to use... Great product... It's far be...,Noise,POSITIVE,0.9978530406951904
Noise ColorFit Icon 2,5.0,Brilliant,Flipkart Customer,Nice product,Noise,POSITIVE,0.9998539686203003
Noise ColorFit Icon 2,4.0,Very Good,Atul Pandey,This price nice watch...,Noise,POSITIVE,0.9996022582054138
Noise ColorFit Icon 2,5.0,Wonderful,Flipkart Customer,Good at this price...,Noise,POSITIVE,0.9998551607131958
Noise ColorFit Icon 2,5.0,Fabulous!,Sai Sanju,Super,Noise,POSITIVE,0.998783528804779
Noise ColorFit Icon 2,5.0,Excellent,Bhavya Jaiswal,Worth it,Noise,POSITIVE,0.9998801946640015
Noise ColorFit Icon 2,4.0,Really Nice,Indrajeet thakur,Value of money,Noise,POSITIVE,0.9982079267501831
Noise ColorFit Icon 2,4.0,Worth the money,Flipkart Satya t,"Overall very nice , but battery is some what less charging .",Noise,NEGATIVE,0.9661457538604736
Noise ColorFit Icon 2,5.0,Wonderful,Rajkrishna Sahu,Value for money.,Noise,POSITIVE,0.9976842403411865
Noise ColorFit Icon 2,4.0,Nice product,Gautam Kumar Singh,Look: awesome Other update : after using 15days,Noise,POSITIVE,0.9993652701377869
Noise ColorFit Icon 2,3.0,Just okay,Subodh  Roy,Product is good,Noise,POSITIVE,0.9998641014099121
Noise ColorFit Icon 2,5.0,Brilliant,Aman Kumar,Awesome product 🥰❤️❤️😘😘 Thanks for Flipkart 🥰😘,Noise,POSITIVE,0.9997817873954773
Noise ColorFit Icon 2,5.0,Wonderful,Flipkart Customer,Nice,Noise,POSITIVE,0.9998552799224854
Noise ColorFit Icon 2,5.0,Wonderful,Ayesha  Singh,It's look osm n the colour is too good. Just go for it without any hesitation 👍💕💕,Noise,POSITIVE,0.9957447648048401
Noise ColorFit Icon 2,5.0,Fabulous!,NIDHI  SRIVASTAVA,It awesome watch . battery good touch screen good all features are excellent.and very fast delivery .I am so happy to buy this watch .😍😍😊👍❤️❤️,Noise,POSITIVE,0.9998747110366821
Noise ColorFit Icon 2,5.0,Wonderful,Flipkart Customer,Nice quality,Noise,POSITIVE,0.9998635053634644
Noise ColorFit Icon 2,5.0,Super!,Bhrinkesh  Das,Good,Noise,POSITIVE,0.9998161196708679
Noise ColorFit Icon 2,5.0,Mind-blowing purchase,Ankit Jaiswal,Awesome,Noise,POSITIVE,0.9998682737350464
Noise ColorFit Icon 2,4.0,Really Nice,Sushant Kumar,Nice watch value for money in watcklh,Noise,POSITIVE,0.9956698417663574
Noise ColorFit Icon 2,5.0,Perfect product!,Samar  Parjapati,Good product,Noise,POSITIVE,0.9998588562011719
Noise ColorFit Icon 2,5.0,Brilliant,SUMAN HIRA,So happy. Its my first smartwatch.🥰,Noise,POSITIVE,0.9998549222946167
Noise ColorFit Icon 2,5.0,Highly recommended,Santosh Meher,Best product,Noise,POSITIVE,0.9998190999031067
Noise ColorFit Icon 2,5.0,Worth every penny,naveen nani,Best calling watch from noise,Noise,POSITIVE,0.8809536695480347
Noise ColorFit Icon 2,5.0,Classy product,Flipkart Customer,Thank you Flipkart ❤️,Noise,POSITIVE,0.9997854828834534
Noise ColorFit Icon 2,5.0,Great product,Flipkart Customer,I loved this watch,Noise,POSITIVE,0.9998703002929688
Noise ColorFit Icon 2,5.0,Wonderful,Flipkart Customer,Thanks Flipkart for delivering the product in ontime. The color of the watch is not pink... This is a cream color.... But in day and night this are different color shade are shown... Nice watch . Also...,Noise,POSITIVE,0.9990264177322388
Noise ColorFit Icon 2,5.0,Terrific,Darshan Salanke,Noise icon 2 bt calling smart watch is best for boys and it ha new look It is the best value for money 💸💰 I recommend you to take this watch This watch has more features,Noise,POSITIVE,0.9961498975753784
Noise ColorFit Icon 2,5.0,Perfect product!,Sibani Sahoo,I love this product so much 😍 And delivered person was also nice 😊 1) Display is good 2) smooth touch screen 3) Color wow 😘 4) Calling function superb Overall it's a wonderful product 👌 Go and buy it .,Noise,POSITIVE,0.9997732043266296
Noise ColorFit Icon 2,5.0,Brilliant,Ramiz Raheman,Having best smartwatch at this price.Must buy 👍,Noise,NEGATIVE,0.8032650947570801
Noise ColorFit Icon 2,5.0,Terrific,Shidhanta Nandy,Nice product. I am a Noise Lover ❤️. Thank you Flipkart ❤️.,Noise,POSITIVE,0.9996871948242188
Noise ColorFit Icon 2,5.0,Classy product,Flipkart Customer,I am really happy....buy this watch,Noise,POSITIVE,0.999869704246521
Noise ColorFit Icon 2,5.0,Just wow!,Santosh Bhujel,Super watch 😍,Noise,POSITIVE,0.9955429434776306
Noise ColorFit Icon 2,4.0,Worth the money,Aftab Shah,Good smart watch this price😍,Noise,POSITIVE,0.9997702240943909
Noise ColorFit Icon 2,5.0,Worth every penny,SEKH AJMIR,Very nice watch and the color is very nice and the features are amazing the display is super,Noise,POSITIVE,0.999889612197876
Noise ColorFit Icon 2,3.0,Just okay,Golu Kumar,Nice product ❣️❣️❣️,Noise,POSITIVE,0.9997896552085876
Noise ColorFit Icon 2,5.0,Fabulous!,Puneeth HB  HB,Super product,Noise,POSITIVE,0.9989585876464844
Noise ColorFit Icon 2,5.0,Best in the market!,Flipkart Customer,I received as expected just love it and value of money but improve battery for which extending more days for use and add it the calorie count which is better for future overall it's worth it... I like it..,Noise,POSITIVE,0.9984543323516846
Noise ColorFit Icon 2,4.0,Nice product,Kishur kumar  Saikia,Nice product,Noise,POSITIVE,0.9998539686203003
Noise ColorFit Icon 2,5.0,Super!,Rebel Manohar,Superfast delivery....smart looking watch and good performance.....Value for Money,Noise,POSITIVE,0.9998131394386292
Noise ColorFit Icon 2,5.0,Must buy!,Flipkart Customer,Very nice product ... I will.recommend u to buy this . But only one problem ... it's leather belt is very thick so slim hand doesn't shoot this watch. But I will suggest u to buy this .. very nice feature,Noise,POSITIVE,0.9988870024681091
Noise ColorFit Icon 2,5.0,Terrific,Vasant Horatti,"Its a Good product, Superb... Value for money",Noise,POSITIVE,0.99986732006073
Noise ColorFit Icon 2,5.0,Classy product,Shubham  Narkhede,"It's very very best product BT calling, Hart rate, and step counter, calories sensor all features are best in that watch. It's very good design and micro phone and speaker quality is very good. And ve...",Noise,POSITIVE,0.999739944934845
Noise ColorFit Icon 2,3.0,Good,Flipkart Customer,Very nice smart watch,Noise,POSITIVE,0.9998615980148315
Noise ColorFit Icon 2,5.0,Brilliant,aman k,"it is very good watch , i replaced the faulty , now the battery is last for week as comitted, good looking big display and sporty watch, call function and notifications are very nice helping while ri...",Noise,POSITIVE,0.9988996982574463
Noise ColorFit Icon 2,5.0,Super!,Rajabhai Patat,Amazing battery life I like,Noise,POSITIVE,0.9998643398284912
Noise ColorFit Icon 2,5.0,Terrific,Pooja Chatterjee,Very very very nice watch thanku filip card,Noise,POSITIVE,0.999845027923584
Noise ColorFit Icon 2,5.0,Mind-blowing purchase,Shaik Muktar,Very nice,Noise,POSITIVE,0.9998563528060913
Noise ColorFit Icon 2,4.0,Value-for-money,Abhishek  Ahirwar,Fantastic Watch Premium quality Superb quality 🥰🥰🥰 ❣️❣️❣️,Noise,POSITIVE,0.9998447895050049
Noise ColorFit Icon 2,4.0,Delightful,Flipkart Customer,Good product,Noise,POSITIVE,0.9998588562011719
Noise ColorFit Icon 2,5.0,Terrific purchase,Sanjaya Sahoo,Amazing Performance and Reliable product,Noise,POSITIVE,0.9998791217803955
Noise ColorFit Icon 2,5.0,Must buy!,Mukesh yadav,Very nice product 💫💝,Noise,POSITIVE,0.9998524188995361
Noise ColorFit Icon 2,5.0,Terrific purchase,Gulab Chand,This smart watch really looks nice👍,Noise,POSITIVE,0.9986705780029297
Noise ColorFit Icon 2,5.0,Delightful,Shubham  Guria,The watch is so stylish with metal body and everything but the only problem i faced is that my watch came with missing items and Flipkart doesn't do replacement of my watch 🥲 the the best thing is th...,Noise,NEGATIVE,0.9867842197418213
Noise ColorFit Icon 2,5.0,Great product,Akash Daksh,Ok,Noise,POSITIVE,0.9997851252555847
Noise ColorFit Icon 2,5.0,Must buy!,SEKH FARID,Very nice product,Noise,POSITIVE,0.9998691082000732
Noise ColorFit Icon 2,5.0,Worth every penny,Flipkart Customer,Just wow. Everyone must go for it. Very happy😊.,Noise,POSITIVE,0.9995484948158264
Noise ColorFit Icon 2,5.0,Must buy!,Gaurav  Kumar,Its amazing watch... ❤️❤️🔥💗,Noise,POSITIVE,0.9998682737350464
Noise ColorFit Icon 2,4.0,Nice product,Flipkart Customer,Good but improve in fast touch screen and better display.,Noise,POSITIVE,0.999203622341156
Noise ColorFit Icon 2,4.0,Delightful,Logan Wolf,Usage of 10 days and here is my review: 1) designed is good 2) Display and touch is not up to mark 3) also in working defect 4) activities are also not upto mark But in this price range what you ex...,Noise,NEGATIVE,0.9255679845809937
Noise ColorFit Icon 2,4.0,Pretty good,A.Nageshwar Rao,Having a smooth experience....,Noise,POSITIVE,0.9995073080062866
Noise ColorFit Icon 2,5.0,Great product,Reshma Debbarma,"It cute , nice smart watch only problem is... Technology which no smart watch have till now.. like using apps in them..but for now.. it's nice",Noise,POSITIVE,0.9990678429603577
Noise ColorFit Icon 2,5.0,Terrific purchase,Flipkart Customer,Is Amazing smartwatch in Noise colorfit icon 2. Super display. Super sound clarity is calling,Noise,POSITIVE,0.9994900226593018
Noise ColorFit Icon 2,5.0,Mind-blowing purchase,Mosaraf Ali,Very nice,Noise,POSITIVE,0.9998563528060913
Noise ColorFit Icon 2,5.0,Terrific purchase,Rajeev Turi,Very nice watch,Noise,POSITIVE,0.9998589754104614
Noise ColorFit Icon 2,5.0,Must buy!,Sarik Sakeel,This product is amazing ❤️ love this product,Noise,POSITIVE,0.9998561143875122
Noise ColorFit Icon 2,5.0,Perfect product!,Kowshi Kowshik,Worth for money ✨,Noise,POSITIVE,0.9711870551109314
Noise ColorFit Icon 2,4.0,Delightful,Pavan P,"Good one for the price with good display. I liked the Bluetooth calling which is the main reason I bought it, pretty good with loud and clear speaker while indoors and its slightly low when using outs...",Noise,POSITIVE,0.9944525361061096
Noise ColorFit Icon 2,4.0,Good choice,Malay Kumar,Satisfied,Noise,POSITIVE,0.9997212290763855
Noise ColorFit Icon 2,4.0,Pretty good,Dinesh Kumar,"Add feature like calculator, in your next update.",Noise,NEGATIVE,0.7485081553459167
Noise ColorFit Icon 2,3.0,Does the job,Flipkart Customer,"Activities are not measuring properly and exactly. Steps count,heart rate are not counting properly.",Noise,NEGATIVE,0.9997609257698059
Noise ColorFit Icon 2,4.0,Delightful,Harshita Dewangan,It's wonderful product 🥰🥰,Noise,POSITIVE,0.9998775720596313
Noise ColorFit Icon 2,4.0,Very Good,Arvind  Singh,"Very satisfied with noise colour fit icon 2 Amazing smartwatch with this price range But disopinted with battery backup with calling function ,,, But all the way nice product Thnxx Flipkart 😊😊",Noise,POSITIVE,0.9821992516517639
Noise ColorFit Icon 2,5.0,Fabulous!,AKHLAK ALAM,Very very good quality 💯💯💯💯💯💯💯,Noise,POSITIVE,0.9998764991760254
Noise ColorFit Icon 2,4.0,Pretty good,Hff Tq r,Good product...I like it... Fast delivery...thanks flipcart,Noise,POSITIVE,0.9998610019683838
Noise ColorFit Icon 2,5.0,Brilliant,Md Siraj Alam,very nice i like it,Noise,POSITIVE,0.999862790107727
Noise ColorFit Icon 2,5.0,Excellent,Sakkeer Hussain,Nice watch and good price,Noise,POSITIVE,0.9998559951782227
Noise ColorFit Icon 2,5.0,Best in the market!,Banumathi E R,Nice Colour and stylish look. Need to improve more features.,Noise,POSITIVE,0.9945021867752075
Noise ColorFit Icon 2,5.0,Fabulous!,Flipkart Customer,All good,Noise,POSITIVE,0.9998400211334229
Noise ColorFit Icon 2,5.0,Fabulous!,Megha,This is a awesome smartwatch in this range. It has calling feature also in this range which is awesome. It's worth buying. Also delivery was very fast😂 Go for it,Noise,POSITIVE,0.9998086094856262
Noise ColorFit Icon 2,3.0,Nice,Pritam Mondal,Value for money,Noise,POSITIVE,0.9977725148200989
Noise ColorFit Icon 2,5.0,Terrific purchase,Rupa Das,All functions are very helpful 🙂 . Excellent 👌,Noise,POSITIVE,0.9994214773178101
Noise ColorFit Icon 2,5.0,Excellent,Dinesh Kumar,All function is good amazing Available function this product 1. Music control 2. Location tracker 3. AI voice 4. Dail pad bluetooth calling 5. Camera control 6. Weather activity 7. Heart rate 8. Slee...,Noise,POSITIVE,0.9966753721237183
Noise ColorFit Icon 2,5.0,Fabulous!,Flipkart Customer,"It's really an amazing smart watch with best price. Just buy it if u are willing to buy any of the smart watch. it's features are really awesome and also contains bp measure, blood pressure, walking s...",Noise,POSITIVE,0.9998482465744019
Noise ColorFit Icon 2,5.0,Awesome,Srilekha Saha,Just awesome.i like it .❤️,Noise,POSITIVE,0.9998865127563477
Noise ColorFit Icon 2,5.0,Just wow!,Flipkart Customer,"Wow, Very nice smartwatch. Thank you Flipkart.",Noise,POSITIVE,0.9998570680618286
Noise ColorFit Icon 2,5.0,Must buy!,Rahul Chaudhary,Nice watch but music play No I Am Purches 2499,Noise,NEGATIVE,0.947509765625
Noise ColorFit Icon 2,5.0,Worth every penny,Laxman Behera,Nice watch,Noise,POSITIVE,0.9998376369476318
Noise ColorFit Icon 2,3.0,Just okay,S.RAJKUMAR,I bought this smart watch before 1 week in big billion day. Its major issue was bluetooth calling not connecting in my phone. I have higher spec phone. Even if this issue comes frequently. When its co...,Noise,NEGATIVE,0.9950693845748901
Noise ColorFit Icon 2,5.0,Simply awesome,Anjali  Singh,Amazing product 👏🏻,Noise,POSITIVE,0.9998493194580078
Noise ColorFit Icon 2,5.0,Classy product,Flipkart Customer,Best watch,Noise,POSITIVE,0.999806821346283
Noise ColorFit Icon 2,5.0,Highly recommended,Sasmita Panda,Very good product 😍🥰,Noise,POSITIVE,0.9998390674591064
Noise ColorFit Icon 2,5.0,Perfect product!,Monu Roy,Nice product,Noise,POSITIVE,0.9998539686203003
Noise ColorFit Icon 2,5.0,Terrific purchase,Rohit Pandey,Awesome performance ❤️,Noise,POSITIVE,0.9998787641525269
Noise ColorFit Icon 2,5.0,Brilliant,Shubham Rasal,Happy,Noise,POSITIVE,0.9998753070831299
Noise ColorFit Icon 2,5.0,Awesome,Gagan  mohnaty,"Very nice, so good 😊❤️",Noise,POSITIVE,0.9998785257339478
Noise ColorFit Icon 2,5.0,Just wow!,Kishita Soni,Love it 😍❣️,Noise,POSITIVE,0.9998714923858643
Noise ColorFit Icon 2,5.0,Super!,pintu  majumdar,Wonderful,Noise,POSITIVE,0.9998772144317627
Noise ColorFit Icon 2,5.0,Mind-blowing purchase,Pranav S,Best in this segment so far ❤️❤️❤️❤️ Thank You Flipkart,Noise,POSITIVE,0.9997956156730652
Noise ColorFit Icon 2,5.0,Super!,Abdul Raguman,Valu for mony,Noise,POSITIVE,0.6876821517944336
Noise ColorFit Icon 2,5.0,Great product,Sachin  Nauhawar,Excellent product Best quality,Noise,POSITIVE,0.9998455047607422
Noise ColorFit Icon 2,4.0,Worth the money,Manjeet Singh,i liked the watch and this is the best watch at this price range but some feautures are not working like blood oxygen and message are not showing in the watch when you try to see text messages in the ...,Noise,NEGATIVE,0.9918408393859863
Noise ColorFit Icon 2,4.0,Value-for-money,Puja Das,Good quality I love this,Noise,POSITIVE,0.9998811483383179
Noise ColorFit Icon 2,4.0,Really Nice,Abdul Wahid,Very good quality 😁😁,Noise,POSITIVE,0.9998737573623657
Noise ColorFit Icon 2,3.0,Decent product,Aaa S,Product is good but health tracker and some other features are not up to date,Noise,NEGATIVE,0.9970524311065674
Noise ColorFit Icon 2,5.0,Best in the market!,Md Mumtaz Quadri,This product is awesome and battery 🔋 is good and smoothness watch,Noise,POSITIVE,0.999846339225769
Noise ColorFit Icon 2,2.0,Moderate,Sachin Saxena,"When i raised my hand to see the time , then the watch is not wake . I takes some long time for lighting up, or need to press button",Noise,NEGATIVE,0.9974496960639954
Noise ColorFit Icon 2,4.0,Worth the money,Flipkart Customer,Nice Product 👍,Noise,POSITIVE,0.9997896552085876
Noise ColorFit Icon 2,4.0,Good choice,Asish K,If this watch have amoled display then it would be better,Noise,NEGATIVE,0.9989418387413025
Noise ColorFit Icon 2,4.0,Nice product,sangita bag,Good Quality ☺️🙂,Noise,POSITIVE,0.9998581409454346
Noise ColorFit Icon 2,4.0,Value-for-money,Richa Jha,Nice product,Noise,POSITIVE,0.9998539686203003
Noise ColorFit Icon 2,4.0,Delightful,Swetha G,Must buy,Noise,POSITIVE,0.9820494055747986
Noise ColorFit Icon 2,4.0,Wonderful,Hannan  Mostafa,Value for money,Noise,POSITIVE,0.9977725148200989
Noise ColorFit Icon 2,5.0,Wonderful,Anjali Pandey,"Build quality is best ,best smartwatch",Noise,POSITIVE,0.9996809959411621
Noise ColorFit Icon 2,5.0,Awesome,Siba Ghosh,value for money,Noise,POSITIVE,0.9977725148200989
Noise ColorFit Icon 2,5.0,Classy product,Aman  sharma,nice product i review after using 15 days this watch. so amazing i like it mostly calling feature.,Noise,POSITIVE,0.9997190833091736
Noise ColorFit Icon 2,5.0,Great product,Flipkart Customer,I really liked the watch look wise too and anyway ❤and it's just as it seemed.,Noise,POSITIVE,0.9956063628196716
Noise ColorFit Icon 2,5.0,Just wow!,Arnab Ghosh,Awesome product by noise. Worth of money,Noise,POSITIVE,0.9998661279678345
Noise ColorFit Icon 2,4.0,Pretty good,Abhishek Kushwaha,My first experience with smart watch feeling happy😊,Noise,POSITIVE,0.9851217269897461
Noise ColorFit Icon 2,3.0,Fair,Flipkart Customer,Good product 🥰🥰,Noise,POSITIVE,0.9998041987419128
Noise ColorFit Icon 2,3.0,Decent product,Aadil Khan,FUTURES ARE NOT WORK PROPERLY BATTERY BACKUP IS NOT GOOD ONLY 5 DAYS BACKUP..,Noise,NEGATIVE,0.9978121519088745
Noise ColorFit Icon 2,5.0,Excellent,Kiran Pimpalkar,Premium Look And Awesome Quality..They want to improve UI Little bit but otherwise it's awesome 🔥🔥🔥,Noise,POSITIVE,0.999596893787384
Noise ColorFit Icon 2,5.0,Brilliant,Sukalyan Mukharjee,The Noise Icon 2 Bluetooth smartwatch has become an indispensable part of my daily routine. Its sleek design and vibrant display immediately caught my attention. This smartwatch offers a wide array of...,Noise,POSITIVE,0.9995476603507996
Noise ColorFit Icon 2,5.0,Brilliant,Ram  Biswas,Nice smart product I love it,Noise,POSITIVE,0.9998764991760254
Noise ColorFit Icon 2,5.0,Simply awesome,Harish j Soni,Good product i am happy,Noise,POSITIVE,0.9998799562454224
Noise ColorFit Icon 2,5.0,Fabulous!,Ramya Kodali,Nice smartwatch with excellent features,Noise,POSITIVE,0.9998723268508911
Noise ColorFit Icon 2,5.0,Mind-blowing purchase,Chidananda,First day ordered... Received the product best product...... With high brightness,Noise,POSITIVE,0.9974111914634705
Noise ColorFit Icon 2,3.0,Just okay,Amit Kumar Patel,Pros Display is awesome Metalic finish feel premium Calling function work very good Cons No Water reminder No stress monitor Some time not wake up when you twist your hand Battery backup is 3-4days,Noise,POSITIVE,0.9974072575569153
Noise ColorFit Icon 2,5.0,Perfect product!,Zarina Shaikh,This watch is amazing 👏 😍 🙌,Noise,POSITIVE,0.999847412109375
